,open,high,low,close,adjclose,volume,ticker
2000-07-25,17.484375,17.75,16.75,17.5,13.911548614501953,126200,GGAL
2000-07-26,17.25,17.5625,17.1875,17.5,13.911548614501953,28900,GGAL
2000-07-27,17.5,17.625,17.375,17.5,13.911548614501953,61200,GGAL
2000-07-28,17.5625,17.5625,17.125,17.375,13.812177658081055,146100,GGAL
2000-07-31,17.5,17.6875,16.875,17.6875,14.060603141784668,178400,GGAL
2000-08-01,17.5625,18.4375,17.25,17.5,13.911548614501953,87400,GGAL
2000-08-02,17.75,18.0,17.6875,17.6875,14.060603141784668,34800,GGAL
2000-08-03,17.625,17.671875,17.25,17.375,13.812177658081055,60800,GGAL
2000-08-04,17.375,17.5,17.25,17.25,13.712815284729004,48600,GGAL
2000-08-07,17.25,17.4375,17.0625,17.25,13.712815284729004,52500,GGAL
2000-08-08,17.125,17.5625,17.125,17.25,13.712815284729004,107500,GGAL
2000-08-09,17.3125,17.4375,16.75,16.9375,13.46439266204834,147500,GGAL
2000-08-10,16.8125,17.125,16.375,16.375,13.017237663269043,184700,GGAL
2000-08-11,16.5625,16.5625,15.75,16.0,12.719131469726562,312500,GGAL
2000-08-14,15.9375,16.0,15.5625,15.5625,12.371342658996582,117300,GGAL
2000-08-15,15.5625,15.5625,15.1875,15.375,12.222291946411133,242800,GGAL
2000-08-16,15.25,15.25,13.625,14.375,11.427345275878906,288500,GGAL
2000-08-17,14.5,15.875,14.5,15.5,12.321660041809082,488900,GGAL
2000-08-18,15.4375,15.4375,15.0625,15.25,12.122922897338867,183400,GGAL
2000-08-21,15.25,15.25,15.0,15.0,11.924186706542969,11600,GGAL
2000-08-22,15.0,15.8125,14.9375,15.6875,12.470710754394531,129700,GGAL
2000-08-23,15.5625,16.25,15.25,16.0,12.719131469726562,319200,GGAL
2000-08-24,15.9375,16.375,15.8125,16.375,13.017237663269043,214800,GGAL
2000-08-25,16.375,16.5625,16.25,16.5,13.116605758666992,99700,GGAL
2000-08-28,16.375,16.5,16.3125,16.5,13.116605758666992,46600,GGAL
2000-08-29,16.375,16.625,16.25,16.5,13.116605758666992,338200,GGAL
2000-08-30,16.5,16.75,16.375,16.75,13.315340995788574,100800,GGAL
2000-08-31,16.75,18.0,16.5625,17.625,14.010916709899902,433900,GGAL
2000-09-01,17.75,18.125,17.6875,17.6875,14.060603141784668,217800,GGAL
2000-09-05,17.875,17.875,17.4375,17.4375,13.86186695098877,43800,GGAL
2000-09-06,17.5,17.625,17.140625,17.3125,13.762499809265137,50900,GGAL
2000-09-07,17.5,17.75,16.6875,16.75,13.315340995788574,293100,GGAL
2000-09-08,16.6875,16.8125,16.6875,16.8125,13.365025520324707,4100,GGAL
2000-09-11,16.75,16.8125,16.625,16.625,13.215973854064941,22300,GGAL
2000-09-12,16.5,16.75,16.5,16.625,13.215973854064941,51800,GGAL
2000-09-13,16.5625,16.625,16.125,16.5,13.116605758666992,37700,GGAL
2000-09-14,16.625,16.625,16.3125,16.3125,12.967552185058594,32600,GGAL
2000-09-15,16.5,16.5625,16.5,16.5,13.116605758666992,84200,GGAL
2000-09-18,16.375,16.5,16.25,16.25,12.917868614196777,62700,GGAL
2000-09-19,16.25,16.25,15.5,15.9375,12.66944694519043,191200,GGAL
2000-09-20,15.8125,15.8125,15.125,15.25,12.122922897338867,214200,GGAL
2000-09-21,15.25,15.4375,15.25,15.375,12.222291946411133,365800,GGAL
2000-09-22,15.1875,15.5,14.875,15.0625,11.973869323730469,373000,GGAL
2000-09-25,15.3125,15.375,15.125,15.375,12.222291946411133,87500,GGAL
2000-09-26,15.0625,15.625,15.0625,15.3125,12.172607421875,111300,GGAL
2000-09-27,15.25,15.265625,15.0,15.0,11.924186706542969,112500,GGAL
2000-09-28,15.0,15.25,14.875,15.1875,12.073238372802734,69900,GGAL
2000-09-29,15.3125,15.3125,15.0,15.0,11.924186706542969,38300,GGAL
2000-10-02,15.375,15.375,14.8125,14.875,11.824817657470703,21800,GGAL
2000-10-03,15.25,15.25,14.625,14.6875,11.675765991210938,213600,GGAL
2000-10-04,14.8125,14.875,14.625,14.75,11.725449562072754,67500,GGAL
2000-10-05,14.6875,14.75,14.5,14.6875,11.675765991210938,188800,GGAL
2000-10-06,14.6875,14.6875,14.0,14.125,11.228610038757324,76400,GGAL
2000-10-09,14.0,14.0,13.6875,13.875,11.029873847961426,10100,GGAL
2000-10-10,13.9375,14.0,13.5625,14.0,11.129240036010742,171100,GGAL
2000-10-11,14.0,14.3125,13.625,14.25,11.327978134155273,548800,GGAL
2000-10-12,14.25,14.3125,13.5,13.5,10.731766700744629,1614500,GGAL
2000-10-13,13.625,13.8125,13.375,13.625,10.831136703491211,181500,GGAL
2000-10-16,13.625,13.625,13.1875,13.25,10.53303337097168,21700,GGAL
2000-10-17,13.3125,13.3125,12.625,12.625,10.0361909866333,158500,GGAL
2000-10-18,12.484375,13.0,12.0,12.8125,10.185243606567383,607800,GGAL
2000-10-19,13.0,14.0,13.0,14.0,11.129240036010742,226000,GGAL
2000-10-20,13.875,13.875,13.0625,13.375,10.632400512695312,456200,GGAL
2000-10-23,13.375,13.375,12.3125,12.5,9.936822891235352,177300,GGAL
2000-10-24,12.75,12.75,12.375,12.375,9.837453842163086,81200,GGAL
2000-10-25,12.25,12.25,11.6875,11.875,9.43997859954834,312800,GGAL
2000-10-26,11.875,12.6875,11.875,12.6875,10.085872650146484,304900,GGAL
2000-10-27,12.75,14.125,12.6875,13.9375,11.07955551147461,735200,GGAL
2000-10-30,13.75,14.1875,13.625,14.1875,11.278294563293457,288000,GGAL
2000-10-31,14.25,14.75,14.25,14.5625,11.576398849487305,203900,GGAL
2000-11-01,14.375,14.5,14.1875,14.5,11.526714324951172,85900,GGAL
2000-11-02,14.375,15.125,14.3125,15.0,11.924186706542969,469700,GGAL
2000-11-03,14.8125,14.8125,14.0,14.0,11.129240036010742,560200,GGAL
2000-11-06,14.0625,14.0625,13.9375,14.0,11.129240036010742,12000,GGAL
2000-11-07,13.8125,14.0,13.5,14.0,11.129240036010742,317400,GGAL
2000-11-08,13.875,14.0,13.4375,13.625,10.831136703491211,130600,GGAL
2000-11-09,13.625,13.875,13.625,13.8125,10.980188369750977,203700,GGAL
2000-11-10,14.1875,15.25,14.125,14.4375,11.477028846740723,262600,GGAL
2000-11-13,14.375,14.8125,14.125,14.8125,11.775132179260254,205200,GGAL
2000-11-14,15.0,15.0,14.625,15.0,11.924186706542969,135100,GGAL
2000-11-15,14.5,14.875,14.5,14.625,11.626081466674805,50100,GGAL
2000-11-16,14.625,14.625,14.375,14.4375,11.477028846740723,82700,GGAL
2000-11-17,14.390625,14.625,13.9375,14.0,11.129240036010742,183000,GGAL
2000-11-20,13.875,14.625,13.75,14.5625,11.576398849487305,205300,GGAL
2000-11-21,14.5,14.5625,14.3125,14.5625,11.576398849487305,77800,GGAL
2000-11-22,14.3125,14.375,13.875,14.0625,11.178925514221191,59200,GGAL
2000-11-24,14.25,14.4375,14.0625,14.4375,11.477028846740723,25300,GGAL
2000-11-27,14.625,14.8125,14.5,14.75,11.725449562072754,80200,GGAL
2000-11-28,14.25,14.5,13.9375,13.9375,11.07955551147461,85900,GGAL
2000-11-29,13.875,14.125,13.875,13.953125,11.091978073120117,150800,GGAL
2000-11-30,13.875,13.9375,13.421875,13.9375,11.07955551147461,646300,GGAL
2000-12-01,13.75,14.0,13.6875,13.9375,11.07955551147461,570700,GGAL
2000-12-04,13.875,13.875,13.1875,13.375,10.632400512695312,115300,GGAL
2000-12-05,13.5,14.1875,13.5,14.125,11.228610038757324,134700,GGAL
2000-12-06,14.125,14.4375,14.0,14.125,11.228610038757324,46700,GGAL
2000-12-07,14.1875,14.5,14.1875,14.3125,11.377659797668457,700,GGAL
2000-12-08,14.375,14.5625,14.25,14.25,11.327978134155273,9200,GGAL
2000-12-11,14.375,14.875,14.375,14.75,11.725449562072754,120700,GGAL
2000-12-12,14.765625,15.0,14.75,14.875,11.824817657470703,179400,GGAL
2000-12-13,14.8125,15.0,14.25,14.5,11.526714324951172,249900,GGAL
2000-12-14,14.5625,14.625,14.1875,14.25,11.327978134155273,203200,GGAL
2000-12-15,14.125,14.1875,14.0,14.125,11.228610038757324,362000,GGAL
2000-12-18,14.5,14.875,14.4375,14.6875,11.675765991210938,356200,GGAL
2000-12-19,14.75,14.8125,14.5625,14.75,11.725449562072754,321200,GGAL
2000-12-20,14.6875,15.5625,14.3125,14.5,11.526714324951172,110300,GGAL
2000-12-21,14.4375,15.125,14.4375,15.125,12.023554801940918,231500,GGAL
2000-12-22,15.1875,15.375,15.0625,15.25,12.122922897338867,170300,GGAL
2000-12-26,15.1875,15.3125,15.125,15.1875,12.073238372802734,125700,GGAL
2000-12-27,15.375,15.375,14.875,15.0625,11.973869323730469,137300,GGAL
2000-12-28,15.0625,15.0625,14.875,14.9375,11.874502182006836,76500,GGAL
2000-12-29,15.0,15.0625,14.8125,14.8125,11.775132179260254,1100,GGAL
2001-01-02,15.0,15.125,14.8125,14.9375,11.874502182006836,330400,GGAL
2001-01-03,14.875,16.625,14.875,16.5,13.116605758666992,987000,GGAL
2001-01-04,16.5625,17.125,16.5625,17.125,13.613448143005371,734600,GGAL
2001-01-05,17.125,17.4375,16.9375,17.375,13.812177658081055,358900,GGAL
2001-01-08,17.25,17.625,17.25,17.625,14.010916709899902,269900,GGAL
2001-01-09,17.6875,18.875,17.6875,18.75,14.905233383178711,939000,GGAL
2001-01-10,18.5625,19.4375,18.375,19.0,15.103970527648926,1194600,GGAL
2001-01-11,19.0,19.3125,18.875,18.875,15.004603385925293,1021300,GGAL
2001-01-12,18.875,18.875,18.5,18.625,14.805865287780762,51900,GGAL
2001-01-16,18.640625,18.875,18.625,18.6875,14.855549812316895,815400,GGAL
2001-01-17,18.75,19.4375,18.75,19.25,15.302704811096191,497400,GGAL
2001-01-18,19.1875,20.5625,19.1875,20.5625,16.346071243286133,1589500,GGAL
2001-01-19,20.5625,20.5625,20.25,20.4375,16.246700286865234,771700,GGAL
2001-01-22,20.3125,20.5625,20.3125,20.4375,16.246700286865234,268700,GGAL
2001-01-23,21.0625,22.125,21.0,22.0,17.488811492919922,834500,GGAL
2001-01-24,21.75,21.8125,20.6875,20.6875,16.4454402923584,801400,GGAL
2001-01-25,20.6875,20.6875,19.875,20.0,15.898916244506836,737200,GGAL
2001-01-26,20.0,20.1875,19.8125,20.125,15.998285293579102,110700,GGAL
2001-01-29,20.109375,20.625,20.109375,20.5,16.29638671875,183400,GGAL
2001-01-30,20.625,20.75,20.5,20.625,16.3957576751709,367600,GGAL
2001-01-31,20.5625,20.875,20.5625,20.6875,16.4454402923584,456600,GGAL
2001-02-01,20.8125,20.8125,20.1875,20.1875,16.0479679107666,565700,GGAL
2001-02-02,20.25,20.375,19.0625,19.375,15.40207290649414,456600,GGAL
2001-02-05,19.375,19.625,19.0625,19.25,15.302704811096191,380500,GGAL
2001-02-06,19.3125,19.6875,19.3125,19.375,15.40207290649414,141400,GGAL
2001-02-07,19.3125,19.375,18.9375,19.0,15.103970527648926,230300,GGAL
2001-02-08,19.1875,19.5625,18.8125,19.5,15.501445770263672,253300,GGAL
2001-02-09,19.5625,19.5625,19.25,19.3125,15.35239028930664,71700,GGAL
2001-02-12,19.4375,19.6875,19.375,19.5,15.501445770263672,297700,GGAL
2001-02-13,19.5,19.625,19.1875,19.25,15.302704811096191,166900,GGAL
2001-02-14,19.0,19.0625,18.4375,19.0,15.103970527648926,536500,GGAL
2001-02-15,19.0625,19.1875,18.875,18.875,15.004603385925293,207400,GGAL
2001-02-16,18.75,18.875,18.3125,18.484375,14.694075584411621,166000,GGAL
2001-02-20,18.5,18.5,17.5625,17.625,14.010916709899902,70100,GGAL
2001-02-21,17.5,17.5,15.8125,15.8125,12.570080757141113,440000,GGAL
2001-02-22,16.5,16.5,16.25,16.375,13.017237663269043,1213800,GGAL
2001-02-23,16.3125,17.0,16.25,16.9375,13.46439266204834,682400,GGAL
2001-02-26,16.875,17.125,16.625,16.75,13.315340995788574,394100,GGAL
2001-02-27,16.5,16.6875,16.25,16.3125,12.967552185058594,369500,GGAL
2001-02-28,16.25,16.25,15.25,15.4375,12.27197551727295,429100,GGAL
2001-03-01,15.375,15.625,14.75,15.4375,12.27197551727295,1139700,GGAL
2001-03-02,15.3125,16.0,14.8125,15.875,12.619765281677246,1849400,GGAL
2001-03-05,17.5,18.1875,17.3125,18.0,14.309024810791016,1392100,GGAL
2001-03-06,18.25,18.5,17.625,17.75,14.110285758972168,888600,GGAL
2001-03-07,17.8125,18.0625,17.75,18.0,14.309024810791016,723800,GGAL
2001-03-08,17.9375,18.0625,17.1875,17.75,14.110285758972168,730600,GGAL
2001-03-09,17.5,17.9375,17.375,17.875,14.209656715393066,538200,GGAL
2001-03-12,17.625,17.75,17.5,17.5,13.911548614501953,327700,GGAL
2001-03-13,17.5,17.53125,17.0,17.1875,13.663129806518555,368800,GGAL
2001-03-14,16.5,16.625,15.8125,16.375,13.017237663269043,576700,GGAL
2001-03-15,16.375,16.875,16.1875,16.375,13.017237663269043,240400,GGAL
2001-03-16,16.25,16.25,15.5,15.625,12.421028137207031,1306800,GGAL
2001-03-19,15.6875,15.875,14.5625,14.6875,11.675765991210938,2914600,GGAL
2001-03-20,15.4375,15.5,14.3125,14.375,11.427345275878906,2111100,GGAL
2001-03-21,14.75,14.75,14.0625,14.125,11.228610038757324,942600,GGAL
2001-03-22,14.0625,14.0625,12.625,13.0625,10.383977890014648,1591300,GGAL
2001-03-23,13.4375,14.4375,12.875,14.4375,11.477028846740723,1740700,GGAL
2001-03-26,15.125,15.6875,15.125,15.375,12.222291946411133,1116000,GGAL
2001-03-27,15.125,16.375,14.9375,16.0,12.9696683883667,1701600,GGAL
2001-03-28,15.921875,16.0625,15.5625,16.0625,13.020331382751465,540000,GGAL
2001-03-29,15.8125,15.875,15.25,15.3125,12.41237735748291,943600,GGAL
2001-03-30,15.3125,15.9375,14.625,15.0625,12.209728240966797,374200,GGAL
2001-04-02,15.1875,15.1875,14.4375,14.625,11.855088233947754,293500,GGAL
2001-04-03,14.5,14.5,14.0,14.25,11.55111312866211,517300,GGAL
2001-04-04,14.5,14.625,14.0625,14.1875,11.500447273254395,377300,GGAL
2001-04-05,14.421875,14.875,14.421875,14.8125,12.007076263427734,893300,GGAL
2001-04-06,14.875,15.4375,14.875,15.296875,12.399711608886719,1210900,GGAL
2001-04-09,15.380000114440918,16.329999923706055,15.380000114440918,16.200000762939453,13.131793022155762,692200,GGAL
2001-04-10,16.299999237060547,16.6200008392334,16.299999237060547,16.399999618530273,13.293910026550293,873600,GGAL
2001-04-11,16.3799991607666,16.450000762939453,16.030000686645508,16.030000686645508,12.993988037109375,483600,GGAL
2001-04-12,16.0,16.15999984741211,15.949999809265137,16.059999465942383,13.018303871154785,124500,GGAL
2001-04-16,15.699999809265137,15.729999542236328,15.399999618530273,15.4399995803833,12.515729904174805,570500,GGAL
2001-04-17,15.369999885559082,15.75,15.369999885559082,15.619999885559082,12.661640167236328,322600,GGAL
2001-04-18,15.989999771118164,17.030000686645508,15.989999771118164,16.75,13.577621459960938,1223000,GGAL
2001-04-19,16.549999237060547,16.549999237060547,15.550000190734863,15.5600004196167,12.61300277709961,1326500,GGAL
2001-04-20,15.5,15.5,13.75,13.800000190734863,11.1863374710083,1884800,GGAL
2001-04-23,13.619999885559082,14.0,13.149999618530273,13.399999618530273,10.86209774017334,1037200,GGAL
2001-04-24,13.949999809265137,14.149999618530273,13.800000190734863,13.829999923706055,11.210658073425293,1604300,GGAL
2001-04-25,13.720000267028809,14.149999618530273,13.430000305175781,13.949999809265137,11.307930946350098,1162500,GGAL
2001-04-26,14.6899995803833,15.100000381469727,14.600000381469727,15.100000381469727,12.24012565612793,662100,GGAL
2001-04-27,15.460000038146973,15.899999618530273,15.449999809265137,15.75,12.76701831817627,536500,GGAL
2001-04-30,15.600000381469727,15.680000305175781,14.789999961853027,14.949999809265137,12.118535041809082,533900,GGAL
2001-05-01,14.899999618530273,14.949999809265137,14.75,14.760000228881836,11.964516639709473,36500,GGAL
2001-05-02,14.84000015258789,15.050000190734863,14.670000076293945,14.970000267028809,12.134746551513672,488300,GGAL
2001-05-03,14.859999656677246,15.100000381469727,14.619999885559082,15.050000190734863,12.199592590332031,1315400,GGAL
2001-05-04,14.850000381469727,15.800000190734863,14.850000381469727,15.619999885559082,12.661640167236328,358300,GGAL
2001-05-07,15.899999618530273,16.5,15.899999618530273,16.0,12.9696683883667,493700,GGAL
2001-05-08,16.110000610351562,16.110000610351562,15.350000381469727,15.399999618530273,12.483305931091309,562700,GGAL
2001-05-09,15.300000190734863,15.5,14.979999542236328,15.5,12.564366340637207,559200,GGAL
2001-05-10,15.699999809265137,15.699999809265137,15.350000381469727,15.479999542236328,12.54815673828125,47200,GGAL
2001-05-11,15.199999809265137,15.199999809265137,14.84000015258789,15.119999885559082,12.256335258483887,174000,GGAL
2001-05-14,14.800000190734863,15.300000190734863,14.760000228881836,14.800000190734863,11.996941566467285,192700,GGAL
2001-05-15,15.0,15.149999618530273,14.880000114440918,15.069999694824219,12.215806007385254,339300,GGAL
2001-05-16,15.199999809265137,15.979999542236328,15.199999809265137,15.949999809265137,12.92913818359375,283900,GGAL
2001-05-17,16.0,16.5,16.0,16.149999618530273,13.091257095336914,487100,GGAL
2001-05-18,16.149999618530273,16.149999618530273,15.819999694824219,15.930000305175781,12.912927627563477,300900,GGAL
2001-05-21,15.850000381469727,16.200000762939453,15.800000190734863,16.15999984741211,13.099364280700684,73600,GGAL
2001-05-22,16.229999542236328,16.40999984741211,16.229999542236328,16.329999923706055,13.237166404724121,281100,GGAL
2001-05-23,16.25,16.25,16.0,16.100000381469727,13.050727844238281,118200,GGAL
2001-05-24,16.25,16.5,16.049999237060547,16.329999923706055,13.237166404724121,190500,GGAL
2001-05-25,16.25,16.260000228881836,16.0,16.0,12.9696683883667,73900,GGAL
2001-05-29,16.049999237060547,16.059999465942383,15.800000190734863,15.899999618530273,12.8886079788208,178500,GGAL
2001-05-30,15.899999618530273,15.899999618530273,15.5,15.550000190734863,12.604896545410156,334100,GGAL
2001-05-31,15.699999809265137,15.899999618530273,15.5600004196167,15.890000343322754,12.880504608154297,297600,GGAL
2001-06-01,15.75,16.200000762939453,15.609999656677246,16.18000030517578,13.11557674407959,1358900,GGAL
2001-06-04,16.350000381469727,17.0,16.350000381469727,16.959999084472656,13.747846603393555,990600,GGAL
2001-06-05,16.989999771118164,17.459999084472656,16.979999542236328,17.049999237060547,13.82080078125,356300,GGAL
2001-06-06,16.959999084472656,17.049999237060547,16.780000686645508,16.780000686645508,13.60194206237793,156900,GGAL
2001-06-07,16.610000610351562,17.299999237060547,16.5,17.219999313354492,13.958605766296387,356300,GGAL
2001-06-08,17.290000915527344,17.43000030517578,17.049999237060547,17.260000228881836,13.991031646728516,406000,GGAL
2001-06-11,17.229999542236328,17.299999237060547,16.75,16.920000076293945,13.715420722961426,127700,GGAL
2001-06-12,16.799999237060547,17.280000686645508,16.530000686645508,17.079999923706055,13.845121383666992,440600,GGAL
2001-06-13,17.100000381469727,17.260000228881836,16.950000762939453,16.959999084472656,13.747846603393555,237400,GGAL
2001-06-14,16.799999237060547,16.799999237060547,16.399999618530273,16.399999618530273,13.293910026550293,549400,GGAL
2001-06-15,16.149999618530273,16.25,16.0,16.09000015258789,13.042623519897461,257000,GGAL
2001-06-18,15.75,15.75,15.0,15.010000228881836,12.167170524597168,620500,GGAL
2001-06-19,15.34000015258789,15.5,14.949999809265137,15.199999809265137,12.321183204650879,1352900,GGAL
2001-06-20,15.25,15.600000381469727,15.25,15.40999984741211,12.491411209106445,304500,GGAL
2001-06-21,15.5,15.699999809265137,15.430000305175781,15.5,12.564366340637207,282700,GGAL
2001-06-22,15.579999923706055,15.579999923706055,14.899999618530273,14.899999618530273,12.0780029296875,202200,GGAL
2001-06-25,15.25,15.550000190734863,15.220000267028809,15.479999542236328,12.54815673828125,276500,GGAL
2001-06-26,15.25,15.550000190734863,15.25,15.449999809265137,12.523835182189941,266100,GGAL
2001-06-27,15.5,15.600000381469727,15.300000190734863,15.350000381469727,12.442774772644043,16000,GGAL
2001-06-28,15.25,15.359999656677246,14.850000381469727,14.9399995803833,12.110426902770996,435300,GGAL
2001-06-29,14.850000381469727,14.850000381469727,14.510000228881836,14.720000267028809,11.93209457397461,333300,GGAL
2001-07-02,14.649999618530273,14.649999618530273,14.4399995803833,14.510000228881836,11.761869430541992,385500,GGAL
2001-07-03,14.5,14.699999809265137,14.0,14.029999732971191,11.372779846191406,128000,GGAL
2001-07-05,14.119999885559082,14.119999885559082,13.079999923706055,13.130000114440918,10.643232345581055,677100,GGAL
2001-07-06,13.100000381469727,13.100000381469727,12.600000381469727,12.739999771118164,10.327098846435547,1156000,GGAL
2001-07-09,12.770000457763672,12.979999542236328,12.59000015258789,12.630000114440918,10.237933158874512,451600,GGAL
2001-07-10,12.90999984741211,12.920000076293945,11.649999618530273,11.75,9.5246000289917,885900,GGAL
2001-07-11,11.5,11.729999542236328,10.680000305175781,11.699999809265137,9.484071731567383,1130300,GGAL
2001-07-12,10.899999618530273,11.0,9.510000228881836,10.989999771118164,8.908540725708008,3254000,GGAL
2001-07-13,11.5,11.600000381469727,10.350000381469727,10.75,8.713996887207031,1558400,GGAL
2001-07-16,10.75,11.109999656677246,10.300000190734863,10.6899995803833,8.665358543395996,1243800,GGAL
2001-07-17,11.0600004196167,11.949999809265137,11.0600004196167,11.5,9.32194995880127,841600,GGAL
2001-07-18,11.65999984741211,11.819999694824219,10.800000190734863,10.8100004196167,8.7626314163208,894900,GGAL
2001-07-19,10.800000190734863,10.800000190734863,10.329999923706055,10.399999618530273,8.43028450012207,878100,GGAL
2001-07-20,10.899999618530273,11.350000381469727,10.800000190734863,10.9399995803833,8.868009567260742,810600,GGAL
2001-07-23,11.920000076293945,11.979999542236328,11.109999656677246,11.239999771118164,9.111191749572754,1151900,GGAL
2001-07-24,11.210000038146973,11.210000038146973,10.670000076293945,10.699999809265137,8.673465728759766,518800,GGAL
2001-07-25,10.5,10.6899995803833,10.229999542236328,10.550000190734863,8.551874160766602,1405300,GGAL
2001-07-26,10.359999656677246,10.449999809265137,10.149999618530273,10.270000457763672,8.324907302856445,741000,GGAL
2001-07-27,10.170000076293945,10.449999809265137,9.899999618530273,10.359999656677246,8.397860527038574,2540300,GGAL
2001-07-30,10.800000190734863,11.199999809265137,10.319999694824219,10.430000305175781,8.454601287841797,340800,GGAL
2001-07-31,10.350000381469727,10.630000114440918,10.220000267028809,10.229999542236328,8.292481422424316,393700,GGAL
2001-08-01,10.210000038146973,10.210000038146973,9.550000190734863,9.699999809265137,7.862861633300781,609600,GGAL
2001-08-02,9.869999885559082,10.100000381469727,9.869999885559082,9.970000267028809,8.08172607421875,695200,GGAL
2001-08-03,10.039999961853027,10.399999618530273,9.970000267028809,10.079999923706055,8.170889854431152,393400,GGAL
2001-08-06,10.010000228881836,10.079999923706055,9.75,9.819999694824219,7.960135459899902,444500,GGAL
2001-08-07,9.979999542236328,10.050000190734863,9.75,9.949999809265137,8.065510749816895,1235900,GGAL
2001-08-08,10.130000114440918,10.520000457763672,10.119999885559082,10.220000267028809,8.28437614440918,4021800,GGAL
2001-08-09,10.670000076293945,10.760000228881836,10.319999694824219,10.729999542236328,8.697784423828125,2274400,GGAL
2001-08-10,10.649999618530273,11.300000190734863,10.5,11.100000381469727,8.997708320617676,1388500,GGAL
2001-08-13,10.979999542236328,11.09000015258789,10.600000381469727,10.739999771118164,8.705888748168945,403000,GGAL
2001-08-14,10.680000305175781,10.699999809265137,10.079999923706055,10.229999542236328,8.292481422424316,1047900,GGAL
2001-08-15,10.350000381469727,11.069999694824219,10.34000015258789,10.970000267028809,8.892328262329102,1763600,GGAL
2001-08-16,11.100000381469727,11.520000457763672,11.100000381469727,11.4399995803833,9.273310661315918,1479200,GGAL
2001-08-17,11.300000190734863,11.300000190734863,10.300000190734863,10.350000381469727,8.389754295349121,758400,GGAL
2001-08-20,10.399999618530273,10.40999984741211,9.819999694824219,9.989999771118164,8.097935676574707,537000,GGAL
2001-08-21,9.989999771118164,10.149999618530273,9.350000381469727,9.5,7.700740814208984,637100,GGAL
2001-08-22,10.649999618530273,10.670000076293945,10.109999656677246,10.449999809265137,8.47081184387207,1530600,GGAL
2001-08-23,10.5,10.550000190734863,10.029999732971191,10.029999732971191,8.130359649658203,907000,GGAL
2001-08-24,9.989999771118164,9.989999771118164,9.34000015258789,9.529999732971191,7.725058555603027,1403100,GGAL
2001-08-27,9.529999732971191,9.850000381469727,9.399999618530273,9.760000228881836,7.911497592926025,70100,GGAL
2001-08-28,9.8100004196167,10.0,9.75,9.800000190734863,7.943921089172363,192200,GGAL
2001-08-29,9.850000381469727,10.520000457763672,9.850000381469727,10.180000305175781,8.251952171325684,512500,GGAL
2001-08-30,10.100000381469727,10.380000114440918,10.0,10.069999694824219,8.162785530090332,282600,GGAL
2001-08-31,10.199999809265137,10.350000381469727,10.0600004196167,10.170000076293945,8.243846893310547,344100,GGAL
2001-09-04,10.350000381469727,10.479999542236328,10.199999809265137,10.25,8.308693885803223,261900,GGAL
2001-09-05,10.149999618530273,10.300000190734863,9.779999732971191,9.899999618530273,8.024983406066895,385800,GGAL
2001-09-06,9.779999732971191,9.850000381469727,9.600000381469727,9.699999809265137,7.862861633300781,197600,GGAL
2001-09-07,9.600000381469727,9.680000305175781,9.510000228881836,9.510000228881836,7.7088470458984375,37900,GGAL
2001-09-10,9.40999984741211,9.4399995803833,9.100000381469727,9.199999809265137,7.4575581550598145,422300,GGAL
2001-09-17,8.5,8.5,7.340000152587891,7.349999904632568,5.957941055297852,406700,GGAL
2001-09-18,7.75,7.75,7.070000171661377,7.130000114440918,5.779609203338623,498700,GGAL
2001-09-19,7.25,7.300000190734863,6.199999809265137,6.349999904632568,5.147336959838867,1257600,GGAL
2001-09-20,6.269999980926514,6.269999980926514,5.789999961853027,5.909999847412109,4.7906718254089355,1160900,GGAL
2001-09-21,5.659999847412109,5.809999942779541,5.550000190734863,5.730000019073486,4.64476203918457,1269900,GGAL
2001-09-24,5.869999885559082,6.150000095367432,5.849999904632568,5.940000057220459,4.81498908996582,604300,GGAL
2001-09-25,5.929999828338623,6.119999885559082,5.769999980926514,5.829999923706055,4.725822925567627,604500,GGAL
2001-09-26,6.0,6.159999847412109,5.699999809265137,5.800000190734863,4.701504707336426,636800,GGAL
2001-09-27,5.699999809265137,6.150000095367432,5.699999809265137,6.0,4.863626480102539,590300,GGAL
2001-09-28,6.199999809265137,6.400000095367432,5.929999828338623,5.949999809265137,4.823095321655273,237900,GGAL
2001-10-01,5.949999809265137,6.039999961853027,5.849999904632568,5.980000019073486,4.847414016723633,445800,GGAL
2001-10-02,5.869999885559082,5.900000095367432,5.53000020980835,5.539999961853027,4.490747928619385,643200,GGAL
2001-10-03,5.5,5.5,5.150000095367432,5.179999828338623,4.198930263519287,1009000,GGAL
2001-10-04,5.25,5.300000190734863,4.75,4.809999942779541,3.8990061283111572,764100,GGAL
2001-10-05,4.909999847412109,5.130000114440918,4.659999847412109,5.0,4.05302095413208,504900,GGAL
2001-10-08,4.880000114440918,4.949999809265137,4.849999904632568,4.849999904632568,3.9314308166503906,21700,GGAL
2001-10-09,4.840000152587891,5.050000190734863,4.71999979019165,4.920000076293945,3.988173007965088,263700,GGAL
2001-10-10,4.949999809265137,5.400000095367432,4.829999923706055,5.329999923706055,4.320520401000977,384400,GGAL
2001-10-11,5.599999904632568,5.949999809265137,5.599999904632568,5.900000095367432,4.782565116882324,443600,GGAL
2001-10-12,5.699999809265137,5.980000019073486,5.650000095367432,5.71999979019165,4.636655330657959,1437300,GGAL
2001-10-15,5.75,5.75,5.659999847412109,5.679999828338623,4.604231357574463,238600,GGAL
2001-10-16,5.699999809265137,6.340000152587891,5.699999809265137,6.289999961853027,5.098701477050781,938300,GGAL
2001-10-17,6.380000114440918,6.849999904632568,6.380000114440918,6.659999847412109,5.398624897003174,1062200,GGAL
2001-10-18,6.53000020980835,6.900000095367432,6.5,6.78000020980835,5.495896339416504,904100,GGAL
2001-10-19,6.699999809265137,6.809999942779541,6.550000190734863,6.75,5.4715800285339355,327400,GGAL
2001-10-22,6.78000020980835,6.949999809265137,6.659999847412109,6.769999980926514,5.487791538238525,412300,GGAL
2001-10-23,6.840000152587891,6.840000152587891,6.579999923706055,6.610000133514404,5.358094215393066,1199400,GGAL
2001-10-24,6.519999980926514,6.730000019073486,6.519999980926514,6.599999904632568,5.349987506866455,869800,GGAL
2001-10-25,6.559999942779541,6.599999904632568,6.400000095367432,6.550000190734863,5.309457302093506,1040300,GGAL
2001-10-26,6.460000038146973,6.5,6.25,6.329999923706055,5.131124496459961,312200,GGAL
2001-10-29,6.0,6.050000190734863,5.400000095367432,5.409999847412109,4.385368347167969,963800,GGAL
2001-10-30,5.300000190734863,5.670000076293945,5.079999923706055,5.5,4.458323955535889,522500,GGAL
2001-10-31,5.599999904632568,6.039999961853027,5.400000095367432,5.5,4.458323955535889,488600,GGAL
2001-11-01,5.440000057220459,5.769999980926514,5.110000133514404,5.25,4.255672931671143,1749200,GGAL
2001-11-02,5.420000076293945,5.449999809265137,4.699999809265137,4.860000133514404,3.939537763595581,526700,GGAL
2001-11-05,4.849999904632568,5.21999979019165,4.840000152587891,5.21999979019165,4.231353759765625,218800,GGAL
2001-11-06,5.150000095367432,5.449999809265137,5.039999961853027,5.170000076293945,4.190824508666992,323100,GGAL
2001-11-07,5.190000057220459,5.690000057220459,5.190000057220459,5.25,4.255672931671143,1038100,GGAL
2001-11-08,5.449999809265137,5.559999942779541,5.150000095367432,5.28000020980835,4.2799906730651855,809100,GGAL
2001-11-09,5.130000114440918,5.130000114440918,4.789999961853027,4.960000038146973,4.020596027374268,1216700,GGAL
2001-11-12,5.03000020980835,5.03000020980835,4.800000190734863,4.900000095367432,3.9719605445861816,379000,GGAL
2001-11-13,4.900000095367432,4.929999828338623,4.699999809265137,4.699999809265137,3.809839963912964,283700,GGAL
2001-11-14,4.789999961853027,4.789999961853027,4.599999904632568,4.699999809265137,3.809839963912964,326300,GGAL
2001-11-15,4.699999809265137,5.150000095367432,4.550000190734863,5.050000190734863,4.0935516357421875,571800,GGAL
2001-11-16,5.03000020980835,5.050000190734863,4.869999885559082,4.880000114440918,3.9557487964630127,333100,GGAL
2001-11-19,4.949999809265137,4.980000019073486,4.840000152587891,4.900000095367432,3.9719605445861816,100300,GGAL
2001-11-20,4.889999866485596,4.889999866485596,4.099999904632568,4.400000095367432,3.5666584968566895,1313900,GGAL
2001-11-21,4.400000095367432,4.730000019073486,4.400000095367432,4.510000228881836,3.655825138092041,395500,GGAL
2001-11-23,4.559999942779541,4.840000152587891,4.550000190734863,4.650000095367432,3.7693099975585938,290100,GGAL
2001-11-26,4.849999904632568,5.079999923706055,4.849999904632568,4.900000095367432,3.9719605445861816,531500,GGAL
2001-11-27,4.880000114440918,4.929999828338623,4.75,4.809999942779541,3.8990061283111572,417400,GGAL
2001-11-28,4.730000019073486,4.809999942779541,4.53000020980835,4.550000190734863,3.6882495880126953,416900,GGAL
2001-11-29,4.53000020980835,4.53000020980835,4.150000095367432,4.210000038146973,3.4126439094543457,633200,GGAL
2001-11-30,4.150000095367432,4.150000095367432,3.799999952316284,3.9100000858306885,3.1694626808166504,1496300,GGAL
2001-12-03,4.119999885559082,4.300000190734863,3.9800000190734863,4.0,3.242417097091675,712500,GGAL
2001-12-04,4.150000095367432,4.489999771118164,4.150000095367432,4.449999809265137,3.6071887016296387,795500,GGAL
2001-12-05,4.489999771118164,4.860000133514404,4.349999904632568,4.730000019073486,3.8341588973999023,745900,GGAL
2001-12-06,4.78000020980835,4.789999961853027,3.950000047683716,4.0,3.242417097091675,792400,GGAL
2001-12-07,4.150000095367432,4.300000190734863,3.2200000286102295,3.5299999713897705,2.8614330291748047,737200,GGAL
2001-12-10,3.5999999046325684,3.6600000858306885,3.509999990463257,3.5999999046325684,2.918174982070923,193800,GGAL
2001-12-11,3.6500000953674316,3.75,3.5199999809265137,3.5199999809265137,2.8533270359039307,79200,GGAL
2001-12-12,3.609999895095825,3.6500000953674316,3.5,3.549999952316284,2.87764573097229,31200,GGAL
2001-12-13,3.509999990463257,3.6600000858306885,3.380000114440918,3.6500000953674316,2.958705186843872,62800,GGAL
2001-12-14,3.690000057220459,3.7300000190734863,3.569999933242798,3.6600000858306885,2.9668118953704834,235500,GGAL
2001-12-17,3.6600000858306885,3.75,3.490000009536743,3.5799999237060547,2.901963472366333,136900,GGAL
2001-12-18,3.5,3.680000066757202,3.3499999046325684,3.3499999046325684,2.715524435043335,322700,GGAL
2001-12-19,3.4000000953674316,3.4000000953674316,2.9600000381469727,3.180000066757202,2.57772159576416,251800,GGAL
2001-12-20,3.109999895095825,3.2799999713897705,3.0799999237060547,3.130000114440918,2.537191390991211,540800,GGAL
2001-12-21,3.25,3.380000114440918,3.0799999237060547,3.1500000953674316,2.553403377532959,344400,GGAL
2001-12-24,3.119999885559082,3.2899999618530273,3.119999885559082,3.180000066757202,2.57772159576416,20400,GGAL
2001-12-26,3.180000066757202,3.2799999713897705,3.180000066757202,3.2799999713897705,2.6587817668914795,65100,GGAL
2001-12-27,3.299999952316284,3.3399999141693115,3.180000066757202,3.200000047683716,2.5939338207244873,118000,GGAL
2001-12-28,3.200000047683716,3.2899999618530273,3.059999942779541,3.25,2.6344640254974365,319800,GGAL
2001-12-31,3.25,3.2699999809265137,3.0399999618530273,3.190000057220459,2.585827589035034,733300,GGAL
2002-01-02,3.1600000858306885,3.240000009536743,3.059999942779541,3.200000047683716,2.5939338207244873,285000,GGAL
2002-01-03,3.299999952316284,3.4800000190734863,3.0999999046325684,3.180000066757202,2.57772159576416,844200,GGAL
2002-01-04,3.140000104904175,3.1500000953674316,2.9000000953674316,2.9800000190734863,2.4156007766723633,600900,GGAL
2002-01-07,3.0,3.069999933242798,2.9700000286102295,2.9700000286102295,2.40749454498291,233900,GGAL
2002-01-08,2.9700000286102295,3.0299999713897705,2.859999895095825,2.9800000190734863,2.4156007766723633,162900,GGAL
2002-01-09,2.9100000858306885,3.0,2.7799999713897705,2.9000000953674316,2.350752353668213,142300,GGAL
2002-01-10,2.8299999237060547,2.9600000381469727,2.799999952316284,2.799999952316284,2.2696921825408936,105500,GGAL
2002-01-11,2.799999952316284,2.8299999237060547,2.7300000190734863,2.7300000190734863,2.212949752807617,21300,GGAL
2002-01-14,2.7100000381469727,2.799999952316284,2.630000114440918,2.7200000286102295,2.2048439979553223,161500,GGAL
2002-01-15,2.619999885559082,2.619999885559082,2.5,2.5,2.02651047706604,125700,GGAL
2002-01-16,2.509999990463257,2.5199999809265137,2.299999952316284,2.490000009536743,2.018404722213745,493300,GGAL
2002-01-17,2.5199999809265137,2.5299999713897705,2.200000047683716,2.200000047683716,1.7833292484283447,767800,GGAL
2002-01-18,2.3499999046325684,2.390000104904175,2.0,2.049999952316284,1.6617387533187866,514600,GGAL
2002-01-22,2.5,3.4700000286102295,2.450000047683716,3.450000047683716,2.796584367752075,753900,GGAL
2002-01-23,3.4700000286102295,3.4700000286102295,3.0399999618530273,3.2300000190734863,2.6182518005371094,494200,GGAL
2002-01-24,3.140000104904175,3.240000009536743,2.9000000953674316,2.9600000381469727,2.399388551712036,1107000,GGAL
2002-01-25,2.869999885559082,2.869999885559082,2.5799999237060547,2.6700000762939453,2.1643130779266357,277900,GGAL
2002-01-28,2.5999999046325684,2.740000009536743,2.5999999046325684,2.7200000286102295,2.2048439979553223,100700,GGAL
2002-01-29,2.7200000286102295,2.799999952316284,2.5999999046325684,2.799999952316284,2.2696921825408936,298500,GGAL
2002-01-30,2.8299999237060547,2.869999885559082,2.6500000953674316,2.75,2.2291619777679443,203000,GGAL
2002-01-31,2.7200000286102295,2.950000047683716,2.5999999046325684,2.950000047683716,2.391282558441162,1051400,GGAL
2002-02-01,2.799999952316284,2.799999952316284,2.190000057220459,2.2699999809265137,1.8400717973709106,743800,GGAL
2002-02-04,2.2799999713897705,2.4000000953674316,2.2699999809265137,2.2699999809265137,1.8400717973709106,102300,GGAL
2002-02-05,2.2200000286102295,2.3299999237060547,2.200000047683716,2.200000047683716,1.7833292484283447,63600,GGAL
2002-02-06,2.180000066757202,2.180000066757202,1.8700000047683716,1.9700000286102295,1.5968903303146362,731900,GGAL
2002-02-07,2.069999933242798,2.0799999237060547,1.7400000095367432,1.9199999570846558,1.556360125541687,686100,GGAL
2002-02-08,1.7999999523162842,1.8899999856948853,1.7300000190734863,1.7699999809265137,1.4347697496414185,921000,GGAL
2002-02-11,1.7999999523162842,1.7999999523162842,1.7000000476837158,1.75,1.4185574054718018,279900,GGAL
2002-02-12,1.7300000190734863,1.909999966621399,1.7100000381469727,1.840000033378601,1.4915118217468262,637000,GGAL
2002-02-13,1.7599999904632568,1.7699999809265137,1.399999976158142,1.6200000047683716,1.3131787776947021,1751000,GGAL
2002-02-14,1.6100000143051147,1.7100000381469727,1.5099999904632568,1.6100000143051147,1.3050727844238281,322100,GGAL
2002-02-15,1.600000023841858,1.6299999952316284,1.5,1.600000023841858,1.2969669103622437,70400,GGAL
2002-02-19,1.600000023841858,1.600000023841858,1.440000057220459,1.5,1.2159066200256348,294600,GGAL
2002-02-20,1.4900000095367432,1.4900000095367432,1.309999942779541,1.3600000143051147,1.1024219989776611,627200,GGAL
2002-02-21,1.309999942779541,1.309999942779541,1.0499999523162842,1.149999976158142,0.9321947693824768,563400,GGAL
2002-02-22,1.1100000143051147,1.2799999713897705,1.0800000429153442,1.2400000095367432,1.005149006843567,283700,GGAL
2002-02-25,1.309999942779541,1.5,1.149999976158142,1.1799999475479126,0.9565130472183228,207300,GGAL
2002-02-26,1.1799999475479126,1.2200000286102295,1.149999976158142,1.1699999570846558,0.948406994342804,238300,GGAL
2002-02-27,1.1799999475479126,1.1799999475479126,1.0199999809265137,1.0299999713897705,0.8349224925041199,425500,GGAL
2002-02-28,1.3700000047683716,1.590000033378601,1.1200000047683716,1.5,1.2159066200256348,1038800,GGAL
2002-03-01,1.8600000143051147,2.2699999809265137,1.75,1.899999976158142,1.5401479005813599,901600,GGAL
2002-03-04,1.850000023841858,1.9900000095367432,1.4500000476837158,1.5499999523162842,1.2564367055892944,388100,GGAL
2002-03-05,1.5,1.7599999904632568,1.5,1.6100000143051147,1.3050727844238281,200900,GGAL
2002-03-06,1.659999966621399,1.75,1.5700000524520874,1.6200000047683716,1.3131787776947021,688200,GGAL
2002-03-07,1.7899999618530273,1.809999942779541,1.5700000524520874,1.5700000524520874,1.2726486921310425,475300,GGAL
2002-03-08,1.690000057220459,1.809999942779541,1.649999976158142,1.7999999523162842,1.4590874910354614,287200,GGAL
2002-03-11,1.8799999952316284,1.940000057220459,1.8300000429153442,1.8899999856948853,1.5320419073104858,274100,GGAL
2002-03-12,1.9500000476837158,1.9500000476837158,1.7000000476837158,1.7400000095367432,1.4104514122009277,187400,GGAL
2002-03-13,1.690000057220459,1.840000033378601,1.690000057220459,1.75,1.4185574054718018,394600,GGAL
2002-03-14,1.7300000190734863,1.75,1.6799999475479126,1.690000057220459,1.3699215650558472,94000,GGAL
2002-03-15,1.6399999856948853,1.7899999618530273,1.6399999856948853,1.7400000095367432,1.4104514122009277,62700,GGAL
2002-03-18,1.7699999809265137,1.8200000524520874,1.7100000381469727,1.7300000190734863,1.4023455381393433,167000,GGAL
2002-03-19,1.7400000095367432,1.7899999618530273,1.7100000381469727,1.7599999904632568,1.4266635179519653,49600,GGAL
2002-03-20,1.7200000286102295,1.7300000190734863,1.5,1.5199999809265137,1.2321186065673828,118500,GGAL
2002-03-21,1.5700000524520874,1.7000000476837158,1.5199999809265137,1.559999942779541,1.264542579650879,12600,GGAL
2002-03-22,1.600000023841858,1.649999976158142,1.399999976158142,1.399999976158142,1.1348460912704468,67500,GGAL
2002-03-25,1.5,1.5,1.090000033378601,1.1200000047683716,0.9078769683837891,78100,GGAL
2002-03-26,1.1200000047683716,1.1399999856948853,0.9100000262260437,1.1399999856948853,0.9240889549255371,426900,GGAL
2002-03-27,1.1100000143051147,1.3700000047683716,1.100000023841858,1.2599999904632568,1.021361231803894,70100,GGAL
2002-03-28,1.2599999904632568,1.3700000047683716,1.2599999904632568,1.3300000429153442,1.0781035423278809,49100,GGAL
2002-04-01,1.340000033378601,1.5,1.2699999809265137,1.4199999570846558,1.1510578393936157,207400,GGAL
2002-04-02,1.4500000476837158,1.5700000524520874,1.440000057220459,1.5,1.2159066200256348,198100,GGAL
2002-04-03,1.4900000095367432,1.4900000095367432,1.1399999856948853,1.2300000190734863,0.997043251991272,55900,GGAL
2002-04-04,1.1799999475479126,1.3899999856948853,1.1299999952316284,1.3899999856948853,1.1267398595809937,20100,GGAL
2002-04-05,1.309999942779541,1.309999942779541,1.25,1.25,1.01325523853302,152800,GGAL
2002-04-08,1.25,1.2899999618530273,1.2100000381469727,1.2300000190734863,0.997043251991272,289900,GGAL
2002-04-09,1.25,1.2699999809265137,1.25,1.2599999904632568,1.021361231803894,144500,GGAL
2002-04-10,1.2599999904632568,1.3799999952316284,1.190000057220459,1.190000057220459,0.9646190404891968,859300,GGAL
2002-04-11,1.2000000476837158,1.2599999904632568,1.149999976158142,1.2000000476837158,0.972724974155426,29400,GGAL
2002-04-12,1.2400000095367432,1.2400000095367432,1.0700000524520874,1.149999976158142,0.9321947693824768,55200,GGAL
2002-04-15,1.2000000476837158,1.2699999809265137,1.1699999570846558,1.2699999809265137,1.0294674634933472,141700,GGAL
2002-04-16,1.2699999809265137,1.2699999809265137,1.1799999475479126,1.25,1.01325523853302,68400,GGAL
2002-04-17,1.25,1.2899999618530273,1.2200000286102295,1.2300000190734863,0.997043251991272,1184100,GGAL
2002-04-18,1.2300000190734863,1.5299999713897705,1.2000000476837158,1.350000023841858,1.0943158864974976,140600,GGAL
2002-04-19,1.5,1.5399999618530273,1.2799999713897705,1.2799999713897705,1.0375734567642212,671700,GGAL
2002-04-22,1.2699999809265137,1.5499999523162842,1.25,1.440000057220459,1.167270541191101,128400,GGAL
2002-04-23,1.4600000381469727,1.4800000190734863,1.2699999809265137,1.2699999809265137,1.0294674634933472,67000,GGAL
2002-04-24,1.2899999618530273,1.2899999618530273,1.1799999475479126,1.2000000476837158,0.972724974155426,27100,GGAL
2002-04-25,1.1799999475479126,1.25,1.1799999475479126,1.25,1.01325523853302,25300,GGAL
2002-04-26,1.3300000429153442,1.3600000143051147,1.25,1.3600000143051147,1.1024219989776611,35700,GGAL
2002-04-29,1.3600000143051147,1.409999966621399,1.2400000095367432,1.2400000095367432,1.005149006843567,534800,GGAL
2002-04-30,1.2899999618530273,1.409999966621399,1.2400000095367432,1.3899999856948853,1.1267398595809937,159100,GGAL
2002-05-01,1.3799999952316284,1.3799999952316284,1.2400000095367432,1.2400000095367432,1.005149006843567,14600,GGAL
2002-05-02,1.2799999713897705,1.340000033378601,1.2599999904632568,1.3300000429153442,1.0781035423278809,242600,GGAL
2002-05-03,1.340000033378601,1.3799999952316284,1.0800000429153442,1.2799999713897705,1.0375734567642212,103200,GGAL
2002-05-06,1.2999999523162842,1.409999966621399,1.2699999809265137,1.3200000524520874,1.0699976682662964,84600,GGAL
2002-05-07,1.340000033378601,1.350000023841858,1.2300000190734863,1.2599999904632568,1.021361231803894,159200,GGAL
2002-05-08,1.2899999618530273,1.2899999618530273,1.149999976158142,1.2599999904632568,1.021361231803894,36000,GGAL
2002-05-09,1.25,1.2599999904632568,1.149999976158142,1.2200000286102295,0.9889371991157532,96400,GGAL
2002-05-10,1.100000023841858,1.2100000381469727,1.090000033378601,1.1200000047683716,0.9078769683837891,76200,GGAL
2002-05-13,1.1200000047683716,1.190000057220459,1.100000023841858,1.100000023841858,0.8916646242141724,44100,GGAL
2002-05-14,1.100000023841858,1.2000000476837158,1.100000023841858,1.2000000476837158,0.972724974155426,26200,GGAL
2002-05-15,1.1200000047683716,1.159999966621399,1.1100000143051147,1.1399999856948853,0.9240889549255371,109400,GGAL
2002-05-16,1.159999966621399,1.159999966621399,1.1299999952316284,1.1299999952316284,0.9159828424453735,7800,GGAL
2002-05-17,1.1299999952316284,1.1299999952316284,0.9200000166893005,1.0299999713897705,0.8349224925041199,65100,GGAL
2002-05-20,0.9900000095367432,0.9900000095367432,0.800000011920929,0.8999999761581421,0.7295437455177307,68200,GGAL
2002-05-21,0.8600000143051147,0.9200000166893005,0.699999988079071,0.7799999713897705,0.6322712898254395,114700,GGAL
2002-05-22,0.8100000023841858,0.8500000238418579,0.7099999785423279,0.8399999737739563,0.6809076070785522,85700,GGAL
2002-05-23,0.8399999737739563,0.8700000047683716,0.800000011920929,0.8600000143051147,0.6971196532249451,15800,GGAL
2002-05-24,0.8299999833106995,0.8799999952316284,0.7799999713897705,0.8100000023841858,0.6565893888473511,134500,GGAL
2002-05-28,0.8500000238418579,0.8500000238418579,0.7200000286102295,0.7200000286102295,0.5836352705955505,94900,GGAL
2002-05-29,0.75,0.8899999856948853,0.699999988079071,0.75,0.6079533100128174,77700,GGAL
2002-05-30,0.75,0.9900000095367432,0.7099999785423279,0.9900000095367432,0.8024983406066895,46600,GGAL
2002-05-31,0.8999999761581421,0.9100000262260437,0.8100000023841858,0.9100000262260437,0.7376498579978943,55500,GGAL
2002-06-03,0.8999999761581421,0.9200000166893005,0.75,0.75,0.6079533100128174,28800,GGAL
2002-06-04,0.75,0.800000011920929,0.6200000047683716,0.6299999952316284,0.510680615901947,286000,GGAL
2002-06-05,0.6100000143051147,0.6100000143051147,0.5899999737739563,0.6000000238418579,0.486362487077713,16800,GGAL
2002-06-06,0.6100000143051147,0.6399999856948853,0.5600000023841858,0.6000000238418579,0.486362487077713,73400,GGAL
2002-06-07,0.6499999761581421,0.6499999761581421,0.5899999737739563,0.6000000238418579,0.486362487077713,141000,GGAL
2002-06-10,0.6000000238418579,0.6000000238418579,0.5299999713897705,0.5299999713897705,0.4296202063560486,25700,GGAL
2002-06-11,0.5299999713897705,0.550000011920929,0.47999998927116394,0.5,0.40530213713645935,100700,GGAL
2002-06-12,0.550000011920929,0.550000011920929,0.3799999952316284,0.4000000059604645,0.3242417275905609,414700,GGAL
2002-06-13,0.4099999964237213,0.4300000071525574,0.3199999928474426,0.3799999952316284,0.3080296516418457,503600,GGAL
2002-06-14,0.3700000047683716,0.4099999964237213,0.3199999928474426,0.3199999928474426,0.2593933641910553,695800,GGAL
2002-06-17,0.3199999928474426,0.3199999928474426,0.2199999988079071,0.2199999988079071,0.17833293974399567,632100,GGAL
2002-06-18,0.23999999463558197,0.28999999165534973,0.2199999988079071,0.23999999463558197,0.19454501569271088,590500,GGAL
2002-06-19,0.25999999046325684,0.4000000059604645,0.23999999463558197,0.3400000035762787,0.2756054997444153,1002300,GGAL
2002-06-20,0.3799999952316284,0.6499999761581421,0.3499999940395355,0.5899999737739563,0.4782565236091614,1034600,GGAL
2002-06-21,0.6000000238418579,0.7699999809265137,0.4699999988079071,0.49000000953674316,0.39719605445861816,992000,GGAL
2002-06-24,0.49000000953674316,0.5799999833106995,0.41999998688697815,0.5,0.40530213713645935,107400,GGAL
2002-06-25,0.5,0.5199999809265137,0.4399999976158142,0.5099999904632568,0.413408100605011,843700,GGAL
2002-06-26,0.44999998807907104,0.5,0.4099999964237213,0.4300000071525574,0.34855982661247253,125000,GGAL
2002-06-27,0.4099999964237213,0.4399999976158142,0.33000001311302185,0.4399999976158142,0.35666587948799133,154600,GGAL
2002-06-28,0.41999998688697815,0.5400000214576721,0.36000001430511475,0.5199999809265137,0.42151421308517456,549800,GGAL
2002-07-01,0.5199999809265137,0.5400000214576721,0.44999998807907104,0.5299999713897705,0.4296202063560486,68300,GGAL
2002-07-02,0.5299999713897705,0.5299999713897705,0.49000000953674316,0.5099999904632568,0.413408100605011,33200,GGAL
2002-07-03,0.5,0.5099999904632568,0.47999998927116394,0.47999998927116394,0.38909003138542175,187800,GGAL
2002-07-05,0.5099999904632568,0.7200000286102295,0.5099999904632568,0.5899999737739563,0.4782565236091614,638500,GGAL
2002-07-08,0.6000000238418579,0.6499999761581421,0.550000011920929,0.6100000143051147,0.4944685995578766,269300,GGAL
2002-07-09,0.6399999856948853,0.7200000286102295,0.6000000238418579,0.7200000286102295,0.5836352705955505,26900,GGAL
2002-07-10,0.6499999761581421,0.7300000190734863,0.6299999952316284,0.6899999976158142,0.5593169331550598,52100,GGAL
2002-07-11,0.6200000047683716,0.6700000166893005,0.6000000238418579,0.6200000047683716,0.5025745034217834,21400,GGAL
2002-07-12,0.5299999713897705,0.6000000238418579,0.4000000059604645,0.5,0.40530213713645935,351900,GGAL
2002-07-15,0.5400000214576721,0.5799999833106995,0.44999998807907104,0.5199999809265137,0.42151421308517456,180000,GGAL
2002-07-16,0.5600000023841858,0.6700000166893005,0.5099999904632568,0.6299999952316284,0.510680615901947,70300,GGAL
2002-07-17,0.550000011920929,0.6399999856948853,0.5400000214576721,0.6000000238418579,0.486362487077713,126200,GGAL
2002-07-18,0.6299999952316284,0.6800000071525574,0.6299999952316284,0.6800000071525574,0.5512109994888306,196800,GGAL
2002-07-19,0.6499999761581421,0.6899999976158142,0.6000000238418579,0.6800000071525574,0.5512109994888306,242000,GGAL
2002-07-22,0.5799999833106995,0.6499999761581421,0.5799999833106995,0.6200000047683716,0.5025745034217834,118500,GGAL
2002-07-23,0.6000000238418579,0.6600000262260437,0.6000000238418579,0.6000000238418579,0.486362487077713,212700,GGAL
2002-07-24,0.6399999856948853,0.75,0.6000000238418579,0.6499999761581421,0.5268927812576294,88100,GGAL
2002-07-25,0.6000000238418579,0.6700000166893005,0.6000000238418579,0.6000000238418579,0.486362487077713,39300,GGAL
2002-07-26,0.5699999928474426,0.6299999952316284,0.5699999928474426,0.6000000238418579,0.486362487077713,462800,GGAL
2002-07-29,0.6299999952316284,0.6299999952316284,0.6100000143051147,0.6100000143051147,0.4944685995578766,43700,GGAL
2002-07-30,0.6200000047683716,0.6299999952316284,0.6200000047683716,0.6299999952316284,0.510680615901947,14000,GGAL
2002-07-31,0.6299999952316284,0.6399999856948853,0.6299999952316284,0.6399999856948853,0.5187867283821106,21100,GGAL
2002-08-01,0.6100000143051147,0.6399999856948853,0.6100000143051147,0.6299999952316284,0.510680615901947,54700,GGAL
2002-08-02,0.6100000143051147,0.6299999952316284,0.6000000238418579,0.6299999952316284,0.510680615901947,222200,GGAL
2002-08-05,0.6000000238418579,0.6299999952316284,0.6000000238418579,0.6200000047683716,0.5025745034217834,42800,GGAL
2002-08-06,0.6299999952316284,0.6299999952316284,0.6000000238418579,0.6000000238418579,0.486362487077713,47800,GGAL
2002-08-07,0.6000000238418579,0.6499999761581421,0.6000000238418579,0.6000000238418579,0.486362487077713,26600,GGAL
2002-08-08,0.6399999856948853,0.6899999976158142,0.6399999856948853,0.6499999761581421,0.5268927812576294,51300,GGAL
2002-08-09,0.6499999761581421,0.699999988079071,0.6399999856948853,0.6700000166893005,0.543104887008667,4100,GGAL
2002-08-12,0.6499999761581421,0.699999988079071,0.6399999856948853,0.6399999856948853,0.5187867283821106,10600,GGAL
2002-08-13,0.699999988079071,0.699999988079071,0.6600000262260437,0.6600000262260437,0.5349988341331482,11400,GGAL
2002-08-14,0.6600000262260437,0.6600000262260437,0.6600000262260437,0.6600000262260437,0.5349988341331482,0,GGAL
2002-08-15,0.6700000166893005,0.6800000071525574,0.6399999856948853,0.6800000071525574,0.5512109994888306,54900,GGAL
2002-08-16,0.6800000071525574,0.7400000095367432,0.6499999761581421,0.699999988079071,0.5674230456352234,56600,GGAL
2002-08-19,0.699999988079071,0.699999988079071,0.6600000262260437,0.6600000262260437,0.5349988341331482,200,GGAL
2002-08-20,0.699999988079071,0.7300000190734863,0.6700000166893005,0.7300000190734863,0.5917410850524902,76200,GGAL
2002-08-21,0.7400000095367432,0.75,0.7099999785423279,0.7099999785423279,0.5755289196968079,316500,GGAL
2002-08-22,0.699999988079071,0.7300000190734863,0.6700000166893005,0.7200000286102295,0.5836352705955505,2948100,GGAL
2002-08-23,0.7300000190734863,0.8700000047683716,0.7300000190734863,0.7599999904632568,0.6160593032836914,44600,GGAL
2002-08-26,0.7799999713897705,0.7799999713897705,0.7300000190734863,0.7599999904632568,0.6160593032836914,5400,GGAL
2002-08-27,0.7599999904632568,0.7599999904632568,0.25,0.25999999046325684,0.21075710654258728,258200,GGAL
2002-08-28,0.5,0.8100000023841858,0.5,0.75,0.6079533100128174,295400,GGAL
2002-08-29,0.6600000262260437,0.7699999809265137,0.6600000262260437,0.7099999785423279,0.5755289196968079,853700,GGAL
2002-08-30,0.7099999785423279,0.7799999713897705,0.7099999785423279,0.7300000190734863,0.5917410850524902,813300,GGAL
2002-09-03,0.6600000262260437,0.7400000095367432,0.6600000262260437,0.7300000190734863,0.5917410850524902,52200,GGAL
2002-09-04,0.7900000214576721,0.7900000214576721,0.7400000095367432,0.75,0.6079533100128174,26300,GGAL
2002-09-05,0.75,0.800000011920929,0.7400000095367432,0.75,0.6079533100128174,398500,GGAL
2002-09-06,0.75,0.7599999904632568,0.7300000190734863,0.7300000190734863,0.5917410850524902,12900,GGAL
2002-09-09,0.7200000286102295,0.7200000286102295,0.699999988079071,0.699999988079071,0.5674230456352234,7400,GGAL
2002-09-10,0.699999988079071,0.7400000095367432,0.6899999976158142,0.7400000095367432,0.599847137928009,35900,GGAL
2002-09-11,0.75,0.75,0.75,0.75,0.6079533100128174,2400,GGAL
2002-09-12,0.75,0.7699999809265137,0.75,0.75,0.6079533100128174,22500,GGAL
2002-09-13,0.7099999785423279,0.7099999785423279,0.7099999785423279,0.7099999785423279,0.5755289196968079,200000,GGAL
2002-09-16,0.7300000190734863,0.7300000190734863,0.699999988079071,0.699999988079071,0.5674230456352234,6000,GGAL
2002-09-17,0.699999988079071,0.699999988079071,0.699999988079071,0.699999988079071,0.5674230456352234,400,GGAL
2002-09-18,0.6100000143051147,0.6100000143051147,0.6000000238418579,0.6000000238418579,0.486362487077713,6500,GGAL
2002-09-19,0.5699999928474426,0.6499999761581421,0.5699999928474426,0.6000000238418579,0.486362487077713,128700,GGAL
2002-09-20,0.6499999761581421,0.6899999976158142,0.6499999761581421,0.6499999761581421,0.5268927812576294,176800,GGAL
2002-09-23,0.6800000071525574,0.6800000071525574,0.6000000238418579,0.6499999761581421,0.5268927812576294,53300,GGAL
2002-09-24,0.699999988079071,0.7200000286102295,0.6499999761581421,0.6499999761581421,0.5268927812576294,3200,GGAL
2002-09-25,0.699999988079071,0.699999988079071,0.6200000047683716,0.6499999761581421,0.5268927812576294,206200,GGAL
2002-09-26,0.6899999976158142,0.699999988079071,0.6499999761581421,0.6600000262260437,0.5349988341331482,12800,GGAL
2002-09-27,0.6499999761581421,0.6499999761581421,0.6100000143051147,0.6399999856948853,0.5187867283821106,29400,GGAL
2002-09-30,0.6399999856948853,0.6399999856948853,0.6399999856948853,0.6399999856948853,0.5187867283821106,0,GGAL
2002-10-01,0.6499999761581421,0.75,0.6499999761581421,0.699999988079071,0.5674230456352234,137300,GGAL
2002-10-02,0.7300000190734863,0.7699999809265137,0.6499999761581421,0.7599999904632568,0.6160593032836914,32100,GGAL
2002-10-03,0.7599999904632568,0.8199999928474426,0.75,0.8199999928474426,0.6646954417228699,42700,GGAL
2002-10-04,0.8399999737739563,0.9399999976158142,0.7699999809265137,0.9200000166893005,0.7457559108734131,129500,GGAL
2002-10-07,0.9200000166893005,0.9599999785423279,0.8999999761581421,0.9200000166893005,0.7457559108734131,91200,GGAL
2002-10-08,0.9200000166893005,0.949999988079071,0.9200000166893005,0.949999988079071,0.7700739502906799,15200,GGAL
2002-10-09,0.949999988079071,0.949999988079071,0.9200000166893005,0.9200000166893005,0.7457559108734131,11700,GGAL
2002-10-10,0.9100000262260437,1.0,0.8999999761581421,1.0,0.8106042742729187,295800,GGAL
2002-10-11,1.0099999904632568,1.149999976158142,0.9700000286102295,1.100000023841858,0.8916646242141724,273900,GGAL
2002-10-14,1.1299999952316284,1.3700000047683716,1.1299999952316284,1.25,1.01325523853302,22000,GGAL
2002-10-15,1.2000000476837158,1.3899999856948853,1.149999976158142,1.2100000381469727,0.9808312654495239,166200,GGAL
2002-10-16,1.1699999570846558,1.2999999523162842,1.1699999570846558,1.2999999523162842,1.0537855625152588,150300,GGAL
2002-10-17,1.350000023841858,1.399999976158142,1.2100000381469727,1.2799999713897705,1.0375734567642212,148800,GGAL
2002-10-18,1.1799999475479126,1.350000023841858,1.1799999475479126,1.2899999618530273,1.0456798076629639,257000,GGAL
2002-10-21,1.2699999809265137,1.2999999523162842,1.25,1.25,1.01325523853302,90900,GGAL
2002-10-22,1.25,1.3200000524520874,1.1799999475479126,1.2400000095367432,1.005149006843567,207000,GGAL
2002-10-23,1.149999976158142,1.2000000476837158,1.1299999952316284,1.149999976158142,0.9321947693824768,38400,GGAL
2002-10-24,1.149999976158142,1.149999976158142,1.1299999952316284,1.1399999856948853,0.9240889549255371,396500,GGAL
2002-10-25,1.149999976158142,1.1699999570846558,1.1299999952316284,1.1399999856948853,0.9240889549255371,466600,GGAL
2002-10-28,1.2100000381469727,1.2100000381469727,1.100000023841858,1.1299999952316284,0.9159828424453735,370000,GGAL
2002-10-29,1.1299999952316284,1.149999976158142,1.1200000047683716,1.149999976158142,0.9321947693824768,248800,GGAL
2002-10-30,1.1399999856948853,1.149999976158142,1.1100000143051147,1.1399999856948853,0.9240889549255371,438200,GGAL
2002-10-31,1.149999976158142,1.149999976158142,1.1200000047683716,1.1200000047683716,0.9078769683837891,107400,GGAL
2002-11-01,1.1100000143051147,1.149999976158142,1.100000023841858,1.100000023841858,0.8916646242141724,31200,GGAL
2002-11-04,1.0800000429153442,1.0800000429153442,1.0199999809265137,1.059999942779541,0.8592404127120972,237500,GGAL
2002-11-05,1.0199999809265137,1.059999942779541,0.9900000095367432,1.059999942779541,0.8592404127120972,91300,GGAL
2002-11-06,1.059999942779541,1.100000023841858,0.9599999785423279,0.9599999785423279,0.7781800627708435,233300,GGAL
2002-11-07,1.0299999713897705,1.2200000286102295,1.0299999713897705,1.149999976158142,0.9321947693824768,398100,GGAL
2002-11-08,1.2200000286102295,1.2999999523162842,1.2200000286102295,1.25,1.01325523853302,67000,GGAL
2002-11-11,1.3300000429153442,1.3300000429153442,1.2699999809265137,1.2699999809265137,1.0294674634933472,25900,GGAL
2002-11-12,1.2899999618530273,1.3899999856948853,1.2699999809265137,1.350000023841858,1.0943158864974976,180000,GGAL
2002-11-13,1.3899999856948853,1.4900000095367432,1.3899999856948853,1.440000057220459,1.167270541191101,227200,GGAL
2002-11-14,1.4800000190734863,1.4900000095367432,1.2999999523162842,1.2999999523162842,1.0537855625152588,343300,GGAL
2002-11-15,1.2999999523162842,1.340000033378601,1.25,1.2999999523162842,1.0537855625152588,131900,GGAL
2002-11-18,1.350000023841858,1.4500000476837158,1.350000023841858,1.4500000476837158,1.1753761768341064,139200,GGAL
2002-11-19,1.4199999570846558,1.4700000286102295,1.4199999570846558,1.4199999570846558,1.1510578393936157,142100,GGAL
2002-11-20,1.409999966621399,1.4299999475479126,1.3899999856948853,1.4299999475479126,1.1591638326644897,153700,GGAL
2002-11-21,1.399999976158142,1.5,1.399999976158142,1.5,1.2159066200256348,318400,GGAL
2002-11-22,1.600000023841858,1.600000023841858,1.4199999570846558,1.590000033378601,1.28886079788208,318300,GGAL
2002-11-25,1.6399999856948853,1.7300000190734863,1.6399999856948853,1.690000057220459,1.3699215650558472,415000,GGAL
2002-11-26,1.7300000190734863,1.899999976158142,1.649999976158142,1.75,1.4185574054718018,397800,GGAL
2002-11-27,1.649999976158142,1.850000023841858,1.649999976158142,1.850000023841858,1.4996176958084106,233800,GGAL
2002-11-29,1.690000057220459,1.7000000476837158,1.4800000190734863,1.5700000524520874,1.2726486921310425,195900,GGAL
2002-12-02,1.7000000476837158,1.7899999618530273,1.649999976158142,1.7799999713897705,1.442875862121582,134900,GGAL
2002-12-03,1.7599999904632568,1.8700000047683716,1.75,1.8200000524520874,1.4752997159957886,22000,GGAL
2002-12-04,1.7999999523162842,1.850000023841858,1.5299999713897705,1.7999999523162842,1.4590874910354614,193600,GGAL
2002-12-05,1.7999999523162842,1.8200000524520874,1.75,1.8200000524520874,1.4752997159957886,37900,GGAL
2002-12-06,1.7999999523162842,1.850000023841858,1.7200000286102295,1.7999999523162842,1.4590874910354614,93300,GGAL
2002-12-09,1.7999999523162842,1.7999999523162842,1.600000023841858,1.600000023841858,1.2969669103622437,103300,GGAL
2002-12-10,1.75,1.7999999523162842,1.7000000476837158,1.75,1.4185574054718018,82300,GGAL
2002-12-11,1.75,1.75,1.649999976158142,1.75,1.4185574054718018,7200,GGAL
2002-12-12,1.75,1.7799999713897705,1.7000000476837158,1.7000000476837158,1.3780272006988525,125000,GGAL
2002-12-13,1.6100000143051147,1.690000057220459,1.5299999713897705,1.5399999618530273,1.2483307123184204,77800,GGAL
2002-12-16,1.5399999618530273,1.6200000047683716,1.4800000190734863,1.6200000047683716,1.3131787776947021,129700,GGAL
2002-12-17,1.5700000524520874,1.5700000524520874,1.350000023841858,1.350000023841858,1.0943158864974976,364900,GGAL
2002-12-18,1.4500000476837158,1.6100000143051147,1.4500000476837158,1.6100000143051147,1.3050727844238281,84600,GGAL
2002-12-19,1.5299999713897705,1.7999999523162842,1.5299999713897705,1.7000000476837158,1.3780272006988525,62700,GGAL
2002-12-20,1.5800000429153442,1.7899999618530273,1.5800000429153442,1.7699999809265137,1.4347697496414185,88600,GGAL
2002-12-23,1.7599999904632568,1.9600000381469727,1.7599999904632568,1.9600000381469727,1.5887842178344727,162800,GGAL
2002-12-24,1.9700000286102295,2.069999933242798,1.899999976158142,1.899999976158142,1.5401479005813599,53500,GGAL
2002-12-26,2.2699999809265137,2.2699999809265137,1.9500000476837158,2.0,1.6212085485458374,98700,GGAL
2002-12-27,2.0,2.0999999046325684,2.0,2.0199999809265137,1.6374205350875854,147200,GGAL
2002-12-30,2.0299999713897705,2.0999999046325684,1.9900000095367432,2.069999933242798,1.6779508590698242,55300,GGAL
2002-12-31,2.0,2.009999990463257,1.9900000095367432,2.009999990463257,1.629314661026001,98900,GGAL
2003-01-02,2.0,2.0999999046325684,2.0,2.049999952316284,1.6617387533187866,54500,GGAL
2003-01-03,2.069999933242798,2.180000066757202,2.069999933242798,2.180000066757202,1.7671171426773071,32200,GGAL
2003-01-06,2.180000066757202,2.5299999713897705,2.180000066757202,2.5199999809265137,2.042722463607788,108200,GGAL
2003-01-07,2.509999990463257,2.569999933242798,2.390000104904175,2.5,2.02651047706604,79500,GGAL
2003-01-08,2.549999952316284,2.549999952316284,2.4000000953674316,2.5,2.02651047706604,139800,GGAL
2003-01-09,2.490000009536743,2.569999933242798,2.490000009536743,2.490000009536743,2.018404722213745,76300,GGAL
2003-01-10,2.490000009536743,2.559999942779541,2.359999895095825,2.359999895095825,1.9130260944366455,220000,GGAL
2003-01-13,2.3499999046325684,2.4200000762939453,2.25,2.359999895095825,1.9130260944366455,85600,GGAL
2003-01-14,2.309999942779541,2.5299999713897705,2.240000009536743,2.5299999713897705,2.0508289337158203,105700,GGAL
2003-01-15,2.5,2.5299999713897705,2.369999885559082,2.4200000762939453,1.9616625308990479,41600,GGAL
2003-01-16,2.359999895095825,2.5799999237060547,2.359999895095825,2.450000047683716,1.9859802722930908,78100,GGAL
2003-01-17,2.440000057220459,2.440000057220459,2.390000104904175,2.4000000953674316,1.945449948310852,66100,GGAL
2003-01-21,2.6600000858306885,2.6600000858306885,2.25,2.359999895095825,1.9130260944366455,80300,GGAL
2003-01-22,2.3499999046325684,2.380000114440918,2.2799999713897705,2.2799999713897705,1.8481779098510742,31800,GGAL
2003-01-23,2.299999952316284,2.3499999046325684,2.2899999618530273,2.319999933242798,1.8806015253067017,15100,GGAL
2003-01-24,2.2899999618530273,2.309999942779541,2.25,2.259999990463257,1.831965684890747,55900,GGAL
2003-01-27,2.2799999713897705,2.309999942779541,2.190000057220459,2.2899999618530273,1.8562839031219482,95300,GGAL
2003-01-28,2.2899999618530273,2.309999942779541,2.2200000286102295,2.2200000286102295,1.7995414733886719,28900,GGAL
2003-01-29,2.2100000381469727,2.2699999809265137,2.0899999141693115,2.2200000286102295,1.7995414733886719,39700,GGAL
2003-01-30,2.2300000190734863,2.2300000190734863,2.200000047683716,2.200000047683716,1.7833292484283447,231000,GGAL
2003-01-31,2.2300000190734863,2.25,2.200000047683716,2.2200000286102295,1.7995414733886719,143600,GGAL
2003-02-03,2.2100000381469727,2.390000104904175,2.2100000381469727,2.299999952316284,1.8643895387649536,26800,GGAL
2003-02-04,2.259999990463257,2.380000114440918,2.259999990463257,2.3299999237060547,1.8887076377868652,26300,GGAL
2003-02-05,2.309999942779541,2.369999885559082,2.299999952316284,2.369999885559082,1.921132206916809,14900,GGAL
2003-02-06,2.369999885559082,2.369999885559082,2.299999952316284,2.359999895095825,1.9130260944366455,59300,GGAL
2003-02-07,2.309999942779541,2.359999895095825,2.299999952316284,2.299999952316284,1.8643895387649536,15800,GGAL
2003-02-10,2.309999942779541,2.3499999046325684,2.309999942779541,2.3299999237060547,1.8887076377868652,65900,GGAL
2003-02-11,2.3299999237060547,2.7899999618530273,2.3299999237060547,2.759999990463257,2.2372677326202393,270900,GGAL
2003-02-12,2.640000104904175,2.6600000858306885,2.569999933242798,2.6600000858306885,2.1562070846557617,249500,GGAL
2003-02-13,2.6500000953674316,2.6500000953674316,2.4100000858306885,2.490000009536743,2.018404722213745,137400,GGAL
2003-02-14,2.4100000858306885,2.440000057220459,2.3499999046325684,2.369999885559082,1.921132206916809,59200,GGAL
2003-02-18,2.5999999046325684,2.5999999046325684,2.390000104904175,2.4800000190734863,2.010298013687134,89800,GGAL
2003-02-19,2.4800000190734863,2.4800000190734863,2.430000066757202,2.450000047683716,1.9859802722930908,135000,GGAL
2003-02-20,2.450000047683716,2.450000047683716,2.4000000953674316,2.440000057220459,1.9778743982315063,139300,GGAL
2003-02-21,2.4000000953674316,2.4700000286102295,2.369999885559082,2.4600000381469727,1.994086503982544,43500,GGAL
2003-02-24,2.450000047683716,2.5399999618530273,2.4200000762939453,2.5199999809265137,2.042722463607788,32300,GGAL
2003-02-25,2.5399999618530273,2.5799999237060547,2.5199999809265137,2.5399999618530273,2.0589349269866943,242000,GGAL
2003-02-26,2.549999952316284,2.5799999237060547,2.5299999713897705,2.549999952316284,2.0670409202575684,116300,GGAL
2003-02-27,2.5399999618530273,2.5399999618530273,2.4600000381469727,2.4800000190734863,2.010298013687134,31900,GGAL
2003-02-28,2.4800000190734863,2.5399999618530273,2.4700000286102295,2.5399999618530273,2.0589349269866943,141400,GGAL
2003-03-03,2.509999990463257,2.509999990463257,2.3499999046325684,2.4800000190734863,2.010298013687134,42100,GGAL
2003-03-04,2.4800000190734863,2.4800000190734863,2.4100000858306885,2.4700000286102295,2.002192735671997,54800,GGAL
2003-03-05,2.369999885559082,2.390000104904175,2.3399999141693115,2.359999895095825,1.9130260944366455,99700,GGAL
2003-03-06,2.3499999046325684,2.369999885559082,2.2699999809265137,2.2699999809265137,1.8400717973709106,131300,GGAL
2003-03-07,2.2899999618530273,2.299999952316284,2.2799999713897705,2.2799999713897705,1.8481779098510742,44000,GGAL
2003-03-10,2.2699999809265137,2.2799999713897705,2.240000009536743,2.25,1.8238595724105835,92600,GGAL
2003-03-11,2.240000009536743,2.299999952316284,2.130000114440918,2.2899999618530273,1.8562839031219482,118100,GGAL
2003-03-12,2.2699999809265137,2.3399999141693115,2.180000066757202,2.3399999141693115,1.896813988685608,108400,GGAL
2003-03-13,2.3499999046325684,2.390000104904175,2.2899999618530273,2.390000104904175,1.9373441934585571,149500,GGAL
2003-03-14,2.4000000953674316,2.4000000953674316,2.2899999618530273,2.369999885559082,1.921132206916809,137800,GGAL
2003-03-17,2.309999942779541,2.390000104904175,2.2699999809265137,2.3499999046325684,1.904919981956482,148900,GGAL
2003-03-18,2.369999885559082,2.4200000762939453,2.369999885559082,2.4000000953674316,1.945449948310852,92900,GGAL
2003-03-19,2.4000000953674316,2.5199999809265137,2.4000000953674316,2.5,2.02651047706604,309200,GGAL
2003-03-20,2.5199999809265137,2.619999885559082,2.5,2.549999952316284,2.0670409202575684,267800,GGAL
2003-03-21,2.549999952316284,2.740000009536743,2.509999990463257,2.6500000953674316,2.1481010913848877,326800,GGAL
2003-03-24,2.619999885559082,2.6700000762939453,2.5999999046325684,2.6500000953674316,2.1481010913848877,288800,GGAL
2003-03-25,2.609999895095825,2.950000047683716,2.609999895095825,2.9000000953674316,2.350752353668213,158100,GGAL
2003-03-26,2.880000114440918,2.9000000953674316,2.799999952316284,2.9000000953674316,2.350752353668213,219100,GGAL
2003-03-27,2.880000114440918,2.890000104904175,2.700000047683716,2.7899999618530273,2.2615859508514404,120900,GGAL
2003-03-28,2.75,2.75,2.640000104904175,2.640000104904175,2.1399953365325928,56400,GGAL
2003-03-31,2.630000114440918,2.700000047683716,2.549999952316284,2.549999952316284,2.0670409202575684,40100,GGAL
2003-04-01,2.549999952316284,2.5799999237060547,2.509999990463257,2.509999990463257,2.034616470336914,90700,GGAL
2003-04-02,2.640000104904175,2.6700000762939453,2.5399999618530273,2.609999895095825,2.1156768798828125,69500,GGAL
2003-04-03,2.5199999809265137,2.6700000762939453,2.5,2.6600000858306885,2.1562070846557617,115200,GGAL
2003-04-04,2.6600000858306885,2.690000057220459,2.549999952316284,2.619999885559082,2.123783588409424,138100,GGAL
2003-04-07,2.700000047683716,2.8399999141693115,2.569999933242798,2.5999999046325684,2.1075711250305176,106900,GGAL
2003-04-08,2.5799999237060547,2.5999999046325684,2.5,2.549999952316284,2.0670409202575684,97500,GGAL
2003-04-09,2.509999990463257,2.609999895095825,2.509999990463257,2.5799999237060547,2.0913596153259277,168300,GGAL
2003-04-10,2.640000104904175,2.680000066757202,2.5899999141693115,2.5999999046325684,2.1075711250305176,282100,GGAL
2003-04-11,2.609999895095825,2.700000047683716,2.549999952316284,2.6500000953674316,2.1481010913848877,107200,GGAL
2003-04-14,2.609999895095825,2.6500000953674316,2.559999942779541,2.5999999046325684,2.1075711250305176,48600,GGAL
2003-04-15,2.6500000953674316,2.8299999237060547,2.5899999141693115,2.799999952316284,2.2696921825408936,392200,GGAL
2003-04-16,2.819999933242798,2.8299999237060547,2.7200000286102295,2.7200000286102295,2.2048439979553223,213100,GGAL
2003-04-17,2.7100000381469727,2.950000047683716,2.700000047683716,2.8499999046325684,2.3102223873138428,124200,GGAL
2003-04-21,2.9000000953674316,3.259999990463257,2.819999933242798,3.2300000190734863,2.6182518005371094,675700,GGAL
2003-04-22,3.2699999809265137,3.4200000762939453,3.1600000858306885,3.25,2.6344640254974365,487800,GGAL
2003-04-23,3.25,3.640000104904175,3.2100000381469727,3.549999952316284,2.87764573097229,807800,GGAL
2003-04-24,3.640000104904175,3.640000104904175,3.2699999809265137,3.359999895095825,2.723630428314209,573300,GGAL
2003-04-25,3.4200000762939453,3.430000066757202,3.190000057220459,3.369999885559082,2.731736660003662,154200,GGAL
2003-04-28,3.299999952316284,3.299999952316284,2.890000104904175,2.950000047683716,2.391282558441162,497100,GGAL
2003-04-29,3.0199999809265137,3.1500000953674316,2.940000057220459,3.0999999046325684,2.512873411178589,432400,GGAL
2003-04-30,3.0399999618530273,3.140000104904175,2.9000000953674316,2.9700000286102295,2.40749454498291,122400,GGAL
2003-05-01,3.1700000762939453,3.1700000762939453,2.9000000953674316,2.950000047683716,2.391282558441162,83800,GGAL
2003-05-02,3.0,3.119999885559082,3.0,3.119999885559082,2.529085159301758,298400,GGAL
2003-05-05,3.119999885559082,3.180000066757202,2.9700000286102295,3.0,2.4318132400512695,254500,GGAL
2003-05-06,2.9600000381469727,3.009999990463257,2.880000114440918,2.9000000953674316,2.350752353668213,130900,GGAL
2003-05-07,2.9000000953674316,2.9100000858306885,2.8299999237060547,2.880000114440918,2.334541082382202,367100,GGAL
2003-05-08,2.8299999237060547,2.890000104904175,2.690000057220459,2.819999933242798,2.2859044075012207,330200,GGAL
2003-05-09,2.799999952316284,2.9100000858306885,2.759999990463257,2.880000114440918,2.334541082382202,227000,GGAL
2003-05-12,2.9000000953674316,2.950000047683716,2.759999990463257,2.859999895095825,2.3183276653289795,248100,GGAL
2003-05-13,2.8499999046325684,2.9200000762939453,2.7699999809265137,2.809999942779541,2.2777979373931885,207100,GGAL
2003-05-14,2.819999933242798,2.8499999046325684,2.7799999713897705,2.8499999046325684,2.3102223873138428,258100,GGAL
2003-05-15,2.8499999046325684,2.940000057220459,2.8299999237060547,2.880000114440918,2.334541082382202,137300,GGAL
2003-05-16,2.9200000762939453,2.950000047683716,2.8299999237060547,2.9100000858306885,2.358858823776245,315400,GGAL
2003-05-19,2.9100000858306885,2.9100000858306885,2.7100000381469727,2.740000009536743,2.221055507659912,178500,GGAL
2003-05-20,2.75,2.799999952316284,2.700000047683716,2.75,2.2291619777679443,172700,GGAL
2003-05-21,2.799999952316284,2.930000066757202,2.75,2.9200000762939453,2.366964340209961,791100,GGAL
2003-05-22,2.940000057220459,3.140000104904175,2.940000057220459,3.0,2.4318132400512695,236900,GGAL
2003-05-23,3.009999990463257,3.2200000286102295,3.009999990463257,3.0999999046325684,2.512873411178589,212300,GGAL
2003-05-27,3.180000066757202,3.259999990463257,3.130000114440918,3.180000066757202,2.57772159576416,115500,GGAL
2003-05-28,3.240000009536743,3.240000009536743,3.069999933242798,3.1600000858306885,2.561509847640991,85300,GGAL
2003-05-29,3.140000104904175,3.25,3.0199999809265137,3.0299999713897705,2.4561312198638916,281800,GGAL
2003-05-30,3.049999952316284,3.1500000953674316,3.049999952316284,3.130000114440918,2.537191390991211,129200,GGAL
2003-06-02,3.190000057220459,3.4000000953674316,3.0999999046325684,3.3499999046325684,2.715524435043335,314500,GGAL
2003-06-03,3.3499999046325684,3.430000066757202,3.319999933242798,3.4000000953674316,2.756054401397705,296800,GGAL
2003-06-04,3.4000000953674316,3.5,3.369999885559082,3.490000009536743,2.8290092945098877,246800,GGAL
2003-06-05,3.369999885559082,3.5299999713897705,3.369999885559082,3.5199999809265137,2.8533270359039307,606400,GGAL
2003-06-06,3.5299999713897705,3.7200000286102295,3.4800000190734863,3.6600000858306885,2.9668118953704834,249100,GGAL
2003-06-09,3.6600000858306885,3.859999895095825,3.6600000858306885,3.8299999237060547,3.104614496231079,227300,GGAL
2003-06-10,3.869999885559082,3.990000009536743,3.809999942779541,3.990000009536743,3.234311103820801,876300,GGAL
2003-06-11,3.990000009536743,4.150000095367432,3.990000009536743,4.010000228881836,3.250523328781128,943000,GGAL
2003-06-12,4.0,4.380000114440918,4.0,4.360000133514404,3.5342342853546143,666300,GGAL
2003-06-13,4.400000095367432,4.550000190734863,4.25,4.5,3.647719144821167,1567700,GGAL
2003-06-16,4.519999980926514,4.840000152587891,4.489999771118164,4.809999942779541,3.8990061283111572,209800,GGAL
2003-06-17,4.800000190734863,4.900000095367432,4.449999809265137,4.900000095367432,3.9719605445861816,482900,GGAL
2003-06-18,4.849999904632568,4.900000095367432,4.5,4.53000020980835,3.672037363052368,944700,GGAL
2003-06-19,4.510000228881836,4.630000114440918,4.5,4.53000020980835,3.672037363052368,319700,GGAL
2003-06-20,4.510000228881836,4.989999771118164,4.449999809265137,4.619999885559082,3.7449910640716553,368000,GGAL
2003-06-23,4.5,4.710000038146973,4.429999828338623,4.599999904632568,3.7287790775299072,298100,GGAL
2003-06-24,4.460000038146973,4.75,3.940000057220459,4.590000152587891,3.7206737995147705,197900,GGAL
2003-06-25,4.650000095367432,4.650000095367432,4.400000095367432,4.510000228881836,3.655825138092041,360900,GGAL
2003-06-26,4.599999904632568,4.599999904632568,4.21999979019165,4.25,3.4450676441192627,458400,GGAL
2003-06-27,4.25,4.340000152587891,4.090000152587891,4.130000114440918,3.3477959632873535,633700,GGAL
2003-06-30,4.130000114440918,4.5,4.130000114440918,4.409999847412109,3.5747642517089844,316600,GGAL
2003-07-01,4.5,4.5,4.25,4.349999904632568,3.5261282920837402,331200,GGAL
2003-07-02,4.400000095367432,4.400000095367432,4.199999809265137,4.25,3.4450676441192627,358500,GGAL
2003-07-03,4.150000095367432,4.199999809265137,3.9700000286102295,4.130000114440918,3.3477959632873535,414500,GGAL
2003-07-07,4.190000057220459,4.400000095367432,4.099999904632568,4.190000057220459,3.3964321613311768,372100,GGAL
2003-07-08,4.199999809265137,4.210000038146973,4.050000190734863,4.130000114440918,3.3477959632873535,426100,GGAL
2003-07-09,4.03000020980835,4.130000114440918,4.03000020980835,4.070000171661377,3.299159049987793,62900,GGAL
2003-07-10,4.03000020980835,4.03000020980835,3.700000047683716,3.8399999141693115,3.112720251083374,879700,GGAL
2003-07-11,3.9000000953674316,4.130000114440918,3.799999952316284,3.9600000381469727,3.209993362426758,319200,GGAL
2003-07-14,3.9600000381469727,4.150000095367432,3.950000047683716,3.950000047683716,3.2018864154815674,183900,GGAL
2003-07-15,3.940000057220459,3.940000057220459,3.809999942779541,3.880000114440918,3.1451451778411865,107800,GGAL
2003-07-16,3.9000000953674316,4.010000228881836,3.809999942779541,3.9000000953674316,3.1613564491271973,125700,GGAL
2003-07-17,4.0,4.269999980926514,3.9100000858306885,4.150000095367432,3.3640074729919434,359700,GGAL
2003-07-18,4.21999979019165,4.260000228881836,4.119999885559082,4.199999809265137,3.404538154602051,261500,GGAL
2003-07-21,4.099999904632568,4.440000057220459,3.9700000286102295,4.170000076293945,3.3802201747894287,310800,GGAL
2003-07-22,4.170000076293945,4.420000076293945,4.170000076293945,4.400000095367432,3.5666584968566895,361800,GGAL
2003-07-23,4.420000076293945,4.599999904632568,4.420000076293945,4.570000171661377,3.7044615745544434,294600,GGAL
2003-07-24,4.570000171661377,4.570000171661377,4.420000076293945,4.46999979019165,3.6234004497528076,144100,GGAL
2003-07-25,4.519999980926514,4.519999980926514,4.269999980926514,4.300000190734863,3.485597848892212,204800,GGAL
2003-07-28,4.269999980926514,4.309999942779541,4.210000038146973,4.230000019073486,3.4288551807403564,111600,GGAL
2003-07-29,4.210000038146973,4.5,4.159999847412109,4.46999979019165,3.6234004497528076,126900,GGAL
2003-07-30,4.340000152587891,4.670000076293945,4.340000152587891,4.5,3.647719144821167,209300,GGAL
2003-07-31,4.400000095367432,4.440000057220459,4.289999961853027,4.389999866485596,3.5585525035858154,31600,GGAL
2003-08-01,4.28000020980835,4.300000190734863,4.150000095367432,4.150000095367432,3.3640074729919434,337900,GGAL
2003-08-04,4.139999866485596,4.150000095367432,4.039999961853027,4.150000095367432,3.3640074729919434,73800,GGAL
2003-08-05,4.329999923706055,4.329999923706055,4.119999885559082,4.150000095367432,3.3640074729919434,164900,GGAL
2003-08-06,4.130000114440918,4.289999961853027,4.03000020980835,4.03000020980835,3.266735076904297,43200,GGAL
2003-08-07,4.119999885559082,4.269999980926514,4.099999904632568,4.210000038146973,3.4126439094543457,204700,GGAL
2003-08-08,4.050000190734863,4.420000076293945,4.050000190734863,4.400000095367432,3.5666584968566895,293800,GGAL
2003-08-11,4.309999942779541,4.409999847412109,4.239999771118164,4.28000020980835,3.469386577606201,47600,GGAL
2003-08-12,4.190000057220459,4.320000171661377,4.130000114440918,4.320000171661377,3.5018110275268555,88800,GGAL
2003-08-13,4.119999885559082,4.360000133514404,4.119999885559082,4.340000152587891,3.5180230140686035,51400,GGAL
2003-08-14,4.170000076293945,4.440000057220459,4.170000076293945,4.340000152587891,3.5180230140686035,248800,GGAL
2003-08-15,4.480000019073486,4.480000019073486,4.21999979019165,4.230000019073486,3.4288551807403564,52800,GGAL
2003-08-18,4.349999904632568,4.400000095367432,4.329999923706055,4.329999923706055,3.5099165439605713,39100,GGAL
2003-08-19,4.329999923706055,4.329999923706055,4.039999961853027,4.059999942779541,3.291053295135498,147400,GGAL
2003-08-20,4.03000020980835,4.03000020980835,3.8499999046325684,3.859999895095825,3.128932476043701,202600,GGAL
2003-08-21,3.8299999237060547,3.950000047683716,3.7300000190734863,3.869999885559082,3.1370391845703125,228400,GGAL
2003-08-22,3.930000066757202,4.019999980926514,3.859999895095825,3.9000000953674316,3.1613564491271973,48200,GGAL
2003-08-25,3.75,3.9800000190734863,3.75,3.950000047683716,3.2018864154815674,120800,GGAL
2003-08-26,3.950000047683716,4.039999961853027,3.930000066757202,3.9800000190734863,3.2262051105499268,32800,GGAL
2003-08-27,3.930000066757202,4.150000095367432,3.9200000762939453,4.099999904632568,3.3234775066375732,79100,GGAL
2003-08-28,3.950000047683716,4.170000076293945,3.950000047683716,4.150000095367432,3.3640074729919434,442200,GGAL
2003-08-29,4.170000076293945,4.170000076293945,4.050000190734863,4.090000152587891,3.315371513366699,198900,GGAL
2003-09-02,4.050000190734863,4.320000171661377,4.050000190734863,4.300000190734863,3.485597848892212,270900,GGAL
2003-09-03,4.320000171661377,4.389999866485596,4.269999980926514,4.289999961853027,3.477492570877075,155800,GGAL
2003-09-04,4.400000095367432,4.5,4.320000171661377,4.480000019073486,3.6315078735351562,327600,GGAL
2003-09-05,4.5,4.730000019073486,4.489999771118164,4.679999828338623,3.793627977371216,529200,GGAL
2003-09-08,4.690000057220459,4.75,4.550000190734863,4.599999904632568,3.7287790775299072,211200,GGAL
2003-09-09,4.559999942779541,4.570000171661377,4.449999809265137,4.460000038146973,3.615294933319092,178800,GGAL
2003-09-10,4.460000038146973,4.789999961853027,4.460000038146973,4.730000019073486,3.8341588973999023,289300,GGAL
2003-09-11,4.789999961853027,5.269999980926514,4.789999961853027,4.949999809265137,4.012491703033447,685300,GGAL
2003-09-12,5.0,5.0,4.800000190734863,4.860000133514404,3.939537763595581,82000,GGAL
2003-09-15,4.829999923706055,4.96999979019165,4.829999923706055,4.909999847412109,3.980067729949951,279300,GGAL
2003-09-16,5.019999980926514,5.050000190734863,4.800000190734863,5.019999980926514,4.069232940673828,516500,GGAL
2003-09-17,5.010000228881836,5.170000076293945,5.0,5.079999923706055,4.117869853973389,692100,GGAL
2003-09-18,5.130000114440918,5.159999847412109,4.929999828338623,4.989999771118164,4.044914722442627,207800,GGAL
2003-09-19,4.989999771118164,4.989999771118164,4.730000019073486,4.75,3.850370407104492,332000,GGAL
2003-09-22,4.760000228881836,4.829999923706055,4.75,4.809999942779541,3.8990061283111572,56600,GGAL
2003-09-23,4.840000152587891,4.920000076293945,4.840000152587891,4.880000114440918,3.9557487964630127,88500,GGAL
2003-09-24,4.920000076293945,5.039999961853027,4.809999942779541,4.820000171661377,3.9071130752563477,249400,GGAL
2003-09-25,4.820000171661377,4.960000038146973,4.820000171661377,4.829999923706055,3.9152183532714844,153900,GGAL
2003-09-26,4.869999885559082,4.869999885559082,4.75,4.800000190734863,3.890899896621704,39300,GGAL
2003-09-29,4.900000095367432,4.96999979019165,4.650000095367432,4.949999809265137,4.012491703033447,192200,GGAL
2003-09-30,4.96999979019165,4.96999979019165,4.75,4.960000038146973,4.020596027374268,107800,GGAL
2003-10-01,4.909999847412109,5.110000133514404,4.75,5.050000190734863,4.0935516357421875,526600,GGAL
2003-10-02,5.059999942779541,5.059999942779541,4.989999771118164,5.0,4.05302095413208,450700,GGAL
2003-10-03,5.03000020980835,5.070000171661377,4.980000019073486,5.03000020980835,4.077338695526123,384200,GGAL
2003-10-06,5.079999923706055,5.139999866485596,5.0,5.03000020980835,4.077338695526123,181100,GGAL
2003-10-07,5.159999847412109,5.159999847412109,4.989999771118164,5.03000020980835,4.077338695526123,411500,GGAL
2003-10-08,5.050000190734863,5.150000095367432,4.949999809265137,5.079999923706055,4.117869853973389,206100,GGAL
2003-10-09,5.150000095367432,5.480000019073486,5.119999885559082,5.460000038146973,4.425899505615234,645700,GGAL
2003-10-10,5.559999942779541,5.559999942779541,5.349999904632568,5.449999809265137,4.417793273925781,135900,GGAL
2003-10-13,5.440000057220459,5.550000190734863,5.440000057220459,5.510000228881836,4.4664306640625,58600,GGAL
2003-10-14,5.510000228881836,5.510000228881836,5.090000152587891,5.289999961853027,4.2880964279174805,52100,GGAL
2003-10-15,5.369999885559082,5.599999904632568,5.300000190734863,5.539999961853027,4.490747928619385,951700,GGAL
2003-10-16,5.550000190734863,5.570000171661377,5.449999809265137,5.539999961853027,4.490747928619385,354000,GGAL
2003-10-17,5.590000152587891,5.78000020980835,5.559999942779541,5.730000019073486,4.64476203918457,623700,GGAL
2003-10-20,5.78000020980835,5.980000019073486,5.75,5.96999979019165,4.839306831359863,280800,GGAL
2003-10-21,6.0,6.170000076293945,5.920000076293945,6.110000133514404,4.952792644500732,713200,GGAL
2003-10-22,6.199999809265137,6.429999828338623,5.75,5.960000038146973,4.831201553344727,793800,GGAL
2003-10-23,5.699999809265137,6.0,5.650000095367432,5.869999885559082,4.758247375488281,383900,GGAL
2003-10-24,5.800000190734863,6.329999923706055,5.800000190734863,6.309999942779541,5.114912986755371,355000,GGAL
2003-10-27,6.369999885559082,6.400000095367432,5.800000190734863,6.130000114440918,4.969004154205322,239000,GGAL
2003-10-28,6.21999979019165,6.300000190734863,6.099999904632568,6.239999771118164,5.058170318603516,144000,GGAL
2003-10-29,6.300000190734863,6.360000133514404,6.21999979019165,6.300000190734863,5.106806755065918,483200,GGAL
2003-10-30,6.360000133514404,6.360000133514404,5.949999809265137,6.0,4.863626480102539,219600,GGAL
2003-10-31,6.099999904632568,6.150000095367432,5.949999809265137,6.039999961853027,4.896050453186035,420100,GGAL
2003-11-03,6.289999961853027,6.300000190734863,6.099999904632568,6.25,5.066276550292969,469300,GGAL
2003-11-04,6.239999771118164,6.25,6.0,6.170000076293945,5.001429080963135,206700,GGAL
2003-11-05,6.0,6.099999904632568,5.849999904632568,5.909999847412109,4.7906718254089355,217900,GGAL
2003-11-06,5.829999923706055,6.050000190734863,5.829999923706055,5.940000057220459,4.81498908996582,46800,GGAL
2003-11-07,5.849999904632568,6.059999942779541,5.849999904632568,5.989999771118164,4.8555192947387695,459100,GGAL
2003-11-10,5.96999979019165,6.099999904632568,5.940000057220459,5.949999809265137,4.823095321655273,150800,GGAL
2003-11-11,5.949999809265137,6.019999980926514,5.550000190734863,5.590000152587891,4.531278610229492,444200,GGAL
2003-11-12,5.599999904632568,6.050000190734863,5.599999904632568,5.860000133514404,4.75014066696167,127700,GGAL
2003-11-13,5.800000190734863,5.840000152587891,5.579999923706055,5.579999923706055,4.523171901702881,121100,GGAL
2003-11-14,5.699999809265137,5.900000095367432,5.679999828338623,5.900000095367432,4.782565116882324,99600,GGAL
2003-11-17,5.75,5.840000152587891,5.699999809265137,5.809999942779541,4.709610939025879,155100,GGAL
2003-11-18,5.949999809265137,5.949999809265137,5.599999904632568,5.880000114440918,4.76635217666626,229300,GGAL
2003-11-19,5.760000228881836,5.800000190734863,5.349999904632568,5.46999979019165,4.434004783630371,275300,GGAL
2003-11-20,5.519999980926514,5.739999771118164,5.519999980926514,5.590000152587891,4.531278610229492,149300,GGAL
2003-11-21,5.510000228881836,6.099999904632568,5.510000228881836,6.099999904632568,4.944686412811279,361600,GGAL
2003-11-24,6.099999904632568,6.159999847412109,5.949999809265137,6.110000133514404,4.952792644500732,438000,GGAL
2003-11-25,6.199999809265137,6.239999771118164,6.110000133514404,6.190000057220459,5.017640590667725,448800,GGAL
2003-11-26,6.099999904632568,6.150000095367432,6.0,6.090000152587891,4.936579704284668,174700,GGAL
2003-11-28,6.199999809265137,6.199999809265137,6.110000133514404,6.190000057220459,5.017640590667725,171300,GGAL
2003-12-01,6.25,6.25,6.050000190734863,6.159999847412109,4.993322849273682,165100,GGAL
2003-12-02,6.269999980926514,6.550000190734863,6.059999942779541,6.5,5.268928050994873,329100,GGAL
2003-12-03,6.610000133514404,6.639999866485596,6.199999809265137,6.230000019073486,5.0500640869140625,284800,GGAL
2003-12-04,6.440000057220459,6.440000057220459,6.300000190734863,6.369999885559082,5.163549423217773,98700,GGAL
2003-12-05,6.46999979019165,6.46999979019165,6.289999961853027,6.420000076293945,5.204080104827881,138800,GGAL
2003-12-08,6.599999904632568,6.599999904632568,6.179999828338623,6.25,5.066276550292969,81600,GGAL
2003-12-09,6.429999828338623,6.590000152587891,6.329999923706055,6.590000152587891,5.341882228851318,333200,GGAL
2003-12-10,6.590000152587891,6.590000152587891,6.059999942779541,6.139999866485596,4.977109909057617,160400,GGAL
2003-12-11,6.159999847412109,6.380000114440918,6.070000171661377,6.349999904632568,5.147336959838867,229500,GGAL
2003-12-12,6.210000038146973,6.349999904632568,6.079999923706055,6.130000114440918,4.969004154205322,196800,GGAL
2003-12-15,6.380000114440918,6.380000114440918,6.070000171661377,6.199999809265137,5.025746822357178,116500,GGAL
2003-12-16,6.239999771118164,6.239999771118164,6.070000171661377,6.179999828338623,5.009533882141113,187200,GGAL
2003-12-17,6.340000152587891,6.340000152587891,6.139999866485596,6.28000020980835,5.09059476852417,29400,GGAL
2003-12-18,6.340000152587891,6.400000095367432,6.139999866485596,6.380000114440918,5.171655178070068,56200,GGAL
2003-12-19,6.400000095367432,6.449999809265137,6.199999809265137,6.25,5.066276550292969,152900,GGAL
2003-12-22,6.239999771118164,6.389999866485596,6.179999828338623,6.300000190734863,5.106806755065918,120000,GGAL
2003-12-23,6.300000190734863,6.519999980926514,6.260000228881836,6.349999904632568,5.147336959838867,135300,GGAL
2003-12-24,6.519999980926514,6.519999980926514,6.380000114440918,6.380000114440918,5.171655178070068,22500,GGAL
2003-12-26,6.489999771118164,6.489999771118164,6.360000133514404,6.389999866485596,5.179760456085205,10600,GGAL
2003-12-29,6.519999980926514,6.650000095367432,6.429999828338623,6.599999904632568,5.349987506866455,164100,GGAL
2003-12-30,6.679999828338623,6.760000228881836,6.599999904632568,6.71999979019165,5.447260856628418,126600,GGAL
2003-12-31,6.820000171661377,6.840000152587891,6.699999809265137,6.730000019073486,5.455366611480713,111700,GGAL
2004-01-02,6.849999904632568,7.130000114440918,6.849999904632568,7.090000152587891,5.747184753417969,222500,GGAL
2004-01-05,7.139999866485596,7.400000095367432,6.949999809265137,7.380000114440918,5.982258319854736,202500,GGAL
2004-01-06,7.460000038146973,7.630000114440918,7.309999942779541,7.460000038146973,6.047107696533203,521400,GGAL
2004-01-07,7.46999979019165,7.550000190734863,7.269999980926514,7.449999809265137,6.03900146484375,204000,GGAL
2004-01-08,7.440000057220459,7.440000057220459,7.25,7.309999942779541,5.925516605377197,600500,GGAL
2004-01-09,7.340000152587891,7.630000114440918,7.170000076293945,7.619999885559082,6.176804065704346,283600,GGAL
2004-01-12,7.639999866485596,7.679999828338623,7.5,7.650000095367432,6.201123237609863,199200,GGAL
2004-01-13,7.699999809265137,8.199999809265137,7.699999809265137,8.130000114440918,6.590212345123291,248100,GGAL
2004-01-14,8.210000038146973,8.239999771118164,7.949999809265137,7.949999809265137,6.4443039894104,245600,GGAL
2004-01-15,7.900000095367432,8.220000267028809,7.900000095367432,8.130000114440918,6.590212345123291,200000,GGAL
2004-01-16,8.25,8.489999771118164,8.0600004196167,8.470000267028809,6.865816593170166,452100,GGAL
2004-01-20,8.569999694824219,9.050000190734863,8.569999694824219,8.850000381469727,7.173848628997803,608300,GGAL
2004-01-21,8.850000381469727,9.039999961853027,8.25,8.5,6.890135288238525,200300,GGAL
2004-01-22,8.350000381469727,8.979999542236328,8.350000381469727,8.65999984741211,7.019833087921143,312500,GGAL
2004-01-23,8.979999542236328,8.979999542236328,8.079999923706055,8.199999809265137,6.6469550132751465,676300,GGAL
2004-01-26,7.989999771118164,8.170000076293945,7.53000020980835,8.0,6.48483419418335,717100,GGAL
2004-01-27,8.0600004196167,8.5,7.599999904632568,8.369999885559082,6.784757137298584,568900,GGAL
2004-01-28,7.650000095367432,8.350000381469727,7.550000190734863,7.71999979019165,6.257864952087402,369300,GGAL
2004-01-29,7.389999866485596,7.800000190734863,7.360000133514404,7.429999828338623,6.02278995513916,285600,GGAL
2004-01-30,7.440000057220459,7.800000190734863,7.309999942779541,7.389999866485596,5.990365028381348,160800,GGAL
2004-02-02,7.670000076293945,7.679999828338623,7.320000171661377,7.5,6.079532623291016,154300,GGAL
2004-02-03,7.550000190734863,7.739999771118164,7.320000171661377,7.610000133514404,6.168698310852051,180500,GGAL
2004-02-04,7.829999923706055,7.849999904632568,7.480000019073486,7.489999771118164,6.071425914764404,227900,GGAL
2004-02-05,7.329999923706055,7.510000228881836,7.239999771118164,7.239999771118164,5.8687744140625,145900,GGAL
2004-02-06,7.239999771118164,7.239999771118164,6.920000076293945,7.039999961853027,5.706654071807861,851700,GGAL
2004-02-09,7.190000057220459,7.349999904632568,7.079999923706055,7.25,5.876881122589111,238200,GGAL
2004-02-10,7.239999771118164,7.239999771118164,6.650000095367432,6.809999942779541,5.520214557647705,356900,GGAL
2004-02-11,6.900000095367432,7.25,6.78000020980835,7.0,5.674229621887207,459500,GGAL
2004-02-12,7.190000057220459,7.440000057220459,7.070000171661377,7.440000057220459,6.0308966636657715,543500,GGAL
2004-02-13,7.449999809265137,7.800000190734863,7.440000057220459,7.630000114440918,6.184910774230957,363400,GGAL
2004-02-17,7.650000095367432,7.849999904632568,7.610000133514404,7.710000038146973,6.249759197235107,493000,GGAL
2004-02-18,7.75,7.909999847412109,7.510000228881836,7.75,6.2821831703186035,424600,GGAL
2004-02-19,7.730000019073486,7.880000114440918,7.599999904632568,7.610000133514404,6.168698310852051,148000,GGAL
2004-02-20,7.800000190734863,8.050000190734863,7.590000152587891,8.0,6.48483419418335,227000,GGAL
2004-02-23,8.100000381469727,8.470000267028809,7.860000133514404,8.4399995803833,6.841499328613281,300700,GGAL
2004-02-24,8.40999984741211,8.550000190734863,7.710000038146973,8.210000038146973,6.655062198638916,423800,GGAL
2004-02-25,8.399999618530273,8.479999542236328,8.140000343322754,8.270000457763672,6.703697681427002,313800,GGAL
2004-02-26,8.449999809265137,8.449999809265137,8.1899995803833,8.270000457763672,6.703697681427002,79400,GGAL
2004-02-27,8.449999809265137,8.449999809265137,8.220000267028809,8.25,6.687485694885254,69900,GGAL
2004-03-01,8.399999618530273,8.529999732971191,8.100000381469727,8.449999809265137,6.849605560302734,207400,GGAL
2004-03-02,8.390000343322754,8.619999885559082,8.390000343322754,8.529999732971191,6.914454460144043,168700,GGAL
2004-03-03,8.520000457763672,8.619999885559082,8.449999809265137,8.529999732971191,6.914454460144043,35800,GGAL
2004-03-04,8.260000228881836,8.449999809265137,8.220000267028809,8.25,6.687485694885254,126500,GGAL
2004-03-05,8.0,8.130000114440918,7.659999847412109,7.760000228881836,6.290290355682373,567500,GGAL
2004-03-08,7.699999809265137,8.050000190734863,7.699999809265137,7.940000057220459,6.4361982345581055,482300,GGAL
2004-03-09,8.229999542236328,8.630000114440918,7.900000095367432,8.5,6.890135288238525,481100,GGAL
2004-03-10,8.630000114440918,8.789999961853027,8.479999542236328,8.550000190734863,6.930666923522949,367700,GGAL
2004-03-11,8.649999618530273,8.649999618530273,8.329999923706055,8.329999923706055,6.752334117889404,194800,GGAL
2004-03-12,9.079999923706055,9.09000015258789,8.5,8.569999694824219,6.9468793869018555,139400,GGAL
2004-03-15,8.5,8.84000015258789,8.350000381469727,8.539999961853027,6.922560691833496,177500,GGAL
2004-03-16,8.680000305175781,8.680000305175781,8.460000038146973,8.5,6.890135288238525,81000,GGAL
2004-03-17,8.890000343322754,8.890000343322754,8.600000381469727,8.779999732971191,7.117105007171631,83500,GGAL
2004-03-18,8.789999961853027,8.789999961853027,8.510000228881836,8.630000114440918,6.995515823364258,43800,GGAL
2004-03-19,8.819999694824219,8.819999694824219,8.609999656677246,8.770000457763672,7.108999729156494,72600,GGAL
2004-03-22,8.710000038146973,8.899999618530273,8.539999961853027,8.770000457763672,7.108999729156494,190800,GGAL
2004-03-23,8.819999694824219,8.850000381469727,8.5,8.729999542236328,7.076574802398682,256400,GGAL
2004-03-24,8.869999885559082,8.869999885559082,8.5600004196167,8.829999923706055,7.157635688781738,222000,GGAL
2004-03-25,8.829999923706055,8.829999923706055,8.600000381469727,8.800000190734863,7.133316993713379,181400,GGAL
2004-03-26,8.609999656677246,8.850000381469727,8.430000305175781,8.5,6.890135288238525,187000,GGAL
2004-03-29,8.489999771118164,8.489999771118164,8.140000343322754,8.25,6.687485694885254,311500,GGAL
2004-03-30,8.279999732971191,8.399999618530273,8.09000015258789,8.25,6.687485694885254,253400,GGAL
2004-03-31,8.180000305175781,8.520000457763672,8.140000343322754,8.520000457763672,6.906349182128906,124600,GGAL
2004-04-01,8.489999771118164,8.600000381469727,8.350000381469727,8.479999542236328,6.873923301696777,86600,GGAL
2004-04-02,8.359999656677246,8.680000305175781,8.220000267028809,8.260000228881836,6.695591926574707,111500,GGAL
2004-04-05,8.680000305175781,8.680000305175781,8.140000343322754,8.510000228881836,6.898242473602295,39500,GGAL
2004-04-06,8.449999809265137,8.479999542236328,8.130000114440918,8.199999809265137,6.6469550132751465,167800,GGAL
2004-04-07,8.09000015258789,8.300000190734863,8.09000015258789,8.199999809265137,6.6469550132751465,337200,GGAL
2004-04-08,8.640000343322754,8.640000343322754,8.180000305175781,8.359999656677246,6.776651382446289,39400,GGAL
2004-04-12,8.449999809265137,8.449999809265137,8.15999984741211,8.220000267028809,6.663168430328369,82200,GGAL
2004-04-13,8.470000267028809,8.470000267028809,8.149999618530273,8.390000343322754,6.800971031188965,47000,GGAL
2004-04-14,8.3100004196167,8.5,8.109999656677246,8.199999809265137,6.6469550132751465,120600,GGAL
2004-04-15,8.170000076293945,8.3100004196167,8.09000015258789,8.119999885559082,6.582106590270996,137200,GGAL
2004-04-16,8.1899995803833,8.199999809265137,8.039999961853027,8.109999656677246,6.574001312255859,59300,GGAL
2004-04-19,8.390000343322754,8.390000343322754,7.769999980926514,7.809999942779541,6.330820083618164,84900,GGAL
2004-04-20,8.390000343322754,8.390000343322754,7.539999961853027,7.579999923706055,6.144381046295166,257000,GGAL
2004-04-21,7.699999809265137,7.699999809265137,7.099999904632568,7.139999866485596,5.78771448135376,496400,GGAL
2004-04-22,7.010000228881836,7.360000133514404,6.96999979019165,7.110000133514404,5.763396739959717,250600,GGAL
2004-04-23,6.949999809265137,7.690000057220459,6.949999809265137,7.679999828338623,6.225440502166748,944100,GGAL
2004-04-26,7.599999904632568,8.149999618530273,7.480000019073486,8.020000457763672,6.501046657562256,505500,GGAL
2004-04-27,8.050000190734863,8.100000381469727,7.849999904632568,7.940000057220459,6.4361982345581055,214500,GGAL
2004-04-28,7.679999828338623,8.029999732971191,7.320000171661377,7.579999923706055,6.144381046295166,190400,GGAL
2004-04-29,7.360000133514404,7.760000228881836,7.019999980926514,7.130000114440918,5.779609203338623,376000,GGAL
2004-04-30,7.010000228881836,7.369999885559082,7.010000228881836,7.130000114440918,5.779609203338623,151000,GGAL
2004-05-03,7.5,7.5,6.900000095367432,6.960000038146973,5.641805648803711,307800,GGAL
2004-05-04,7.090000152587891,7.130000114440918,6.929999828338623,7.0,5.674229621887207,172800,GGAL
2004-05-05,7.28000020980835,7.340000152587891,6.900000095367432,7.139999866485596,5.78771448135376,370300,GGAL
2004-05-06,7.03000020980835,7.309999942779541,6.46999979019165,6.590000152587891,5.341882228851318,638800,GGAL
2004-05-07,6.349999904632568,6.659999847412109,5.920000076293945,6.090000152587891,4.936579704284668,1015200,GGAL
2004-05-10,6.050000190734863,6.050000190734863,5.179999828338623,5.300000190734863,4.296202182769775,632600,GGAL
2004-05-11,5.150000095367432,5.849999904632568,5.130000114440918,5.599999904632568,4.539384365081787,595500,GGAL
2004-05-12,5.699999809265137,5.75,5.360000133514404,5.429999828338623,4.401580810546875,446900,GGAL
2004-05-13,5.320000171661377,5.789999961853027,5.309999942779541,5.480000019073486,4.442111015319824,521000,GGAL
2004-05-14,5.349999904632568,5.570000171661377,5.199999809265137,5.289999961853027,4.2880964279174805,650100,GGAL
2004-05-17,5.25,5.329999923706055,4.920000076293945,4.949999809265137,4.012491703033447,411500,GGAL
2004-05-18,5.099999904632568,5.349999904632568,4.800000190734863,5.0,4.05302095413208,888300,GGAL
2004-05-19,5.199999809265137,5.320000171661377,5.079999923706055,5.210000038146973,4.22324800491333,1041000,GGAL
2004-05-20,5.159999847412109,5.360000133514404,5.079999923706055,5.210000038146973,4.22324800491333,294000,GGAL
2004-05-21,5.25,5.429999828338623,5.170000076293945,5.340000152587891,4.3286261558532715,506300,GGAL
2004-05-24,5.429999828338623,5.550000190734863,5.25,5.409999847412109,4.385368347167969,547300,GGAL
2004-05-25,5.510000228881836,5.510000228881836,5.199999809265137,5.199999809265137,4.215142250061035,218400,GGAL
2004-05-26,5.380000114440918,5.949999809265137,5.28000020980835,5.400000095367432,4.402663230895996,505300,GGAL
2004-05-27,5.53000020980835,5.579999923706055,5.400000095367432,5.519999980926514,4.500500202178955,236100,GGAL
2004-05-28,5.440000057220459,5.800000190734863,5.440000057220459,5.630000114440918,4.590184211730957,168200,GGAL
2004-06-01,5.670000076293945,5.869999885559082,5.579999923706055,5.840000152587891,4.761398792266846,360000,GGAL
2004-06-02,5.889999866485596,5.920000076293945,5.679999828338623,5.75,4.688021183013916,235900,GGAL
2004-06-03,5.610000133514404,5.920000076293945,5.380000114440918,5.510000228881836,4.492347717285156,160300,GGAL
2004-06-04,5.5,5.599999904632568,5.369999885559082,5.440000057220459,4.435275554656982,151700,GGAL
2004-06-07,5.449999809265137,5.550000190734863,5.420000076293945,5.510000228881836,4.492347717285156,257000,GGAL
2004-06-08,5.789999961853027,5.789999961853027,5.420000076293945,5.449999809265137,4.443428993225098,152900,GGAL
2004-06-09,5.329999923706055,5.519999980926514,5.070000171661377,5.150000095367432,4.1988372802734375,205200,GGAL
2004-06-10,5.230000019073486,5.329999923706055,5.059999942779541,5.179999828338623,4.22329568862915,128600,GGAL
2004-06-14,5.039999961853027,5.050000190734863,4.78000020980835,4.829999923706055,3.9379374980926514,274800,GGAL
2004-06-15,4.989999771118164,5.050000190734863,4.75,5.0,4.076539516448975,187000,GGAL
2004-06-16,5.059999942779541,5.199999809265137,4.900000095367432,5.190000057220459,4.231449127197266,193000,GGAL
2004-06-17,5.130000114440918,5.309999942779541,5.090000152587891,5.099999904632568,4.1580705642700195,304700,GGAL
2004-06-18,5.159999847412109,5.389999866485596,5.099999904632568,5.380000114440918,4.386356830596924,140600,GGAL
2004-06-21,5.369999885559082,5.400000095367432,5.260000228881836,5.269999980926514,4.296672821044922,101800,GGAL
2004-06-22,5.389999866485596,5.519999980926514,5.300000190734863,5.460000038146973,4.4515814781188965,153900,GGAL
2004-06-23,5.340000152587891,5.639999866485596,5.340000152587891,5.570000171661377,4.541265487670898,359500,GGAL
2004-06-24,5.610000133514404,5.670000076293945,5.380000114440918,5.440000057220459,4.435275554656982,135900,GGAL
2004-06-25,5.590000152587891,5.590000152587891,5.099999904632568,5.119999885559082,4.174376487731934,216500,GGAL
2004-06-28,5.329999923706055,5.329999923706055,5.099999904632568,5.150000095367432,4.1988372802734375,69900,GGAL
2004-06-29,4.980000019073486,5.25,4.960000038146973,5.159999847412109,4.206989765167236,37100,GGAL
2004-06-30,5.139999866485596,5.449999809265137,5.139999866485596,5.28000020980835,4.304825782775879,124300,GGAL
2004-07-01,5.46999979019165,5.590000152587891,5.360000133514404,5.5,4.484195232391357,206000,GGAL
2004-07-02,5.539999961853027,5.650000095367432,5.46999979019165,5.539999961853027,4.516806125640869,265500,GGAL
2004-07-06,5.570000171661377,5.659999847412109,5.519999980926514,5.590000152587891,4.557571887969971,573000,GGAL
2004-07-07,5.519999980926514,5.630000114440918,5.420000076293945,5.489999771118164,4.476040363311768,403600,GGAL
2004-07-08,5.409999847412109,5.539999961853027,5.380000114440918,5.46999979019165,4.459733963012695,199900,GGAL
2004-07-09,5.659999847412109,5.659999847412109,5.46999979019165,5.570000171661377,4.541265487670898,41500,GGAL
2004-07-12,5.510000228881836,5.559999942779541,5.409999847412109,5.519999980926514,4.500500202178955,737500,GGAL
2004-07-13,5.480000019073486,5.639999866485596,5.28000020980835,5.320000171661377,4.337438106536865,611500,GGAL
2004-07-14,5.329999923706055,5.489999771118164,5.300000190734863,5.300000190734863,4.321131706237793,311900,GGAL
2004-07-15,5.28000020980835,5.5,5.210000038146973,5.289999961853027,4.312978744506836,707300,GGAL
2004-07-16,5.300000190734863,5.449999809265137,5.25,5.25,4.280367374420166,148200,GGAL
2004-07-19,5.380000114440918,5.380000114440918,5.150000095367432,5.170000076293945,4.215141773223877,106400,GGAL
2004-07-20,5.119999885559082,5.380000114440918,5.119999885559082,5.360000133514404,4.37005090713501,407300,GGAL
2004-07-21,5.489999771118164,5.489999771118164,5.320000171661377,5.400000095367432,4.402663230895996,75100,GGAL
2004-07-22,5.449999809265137,5.449999809265137,5.269999980926514,5.329999923706055,4.3455915451049805,43000,GGAL
2004-07-23,5.230000019073486,5.369999885559082,5.230000019073486,5.300000190734863,4.321131706237793,86000,GGAL
2004-07-26,5.300000190734863,5.300000190734863,5.159999847412109,5.239999771118164,4.272214889526367,41500,GGAL
2004-07-27,5.199999809265137,5.25,5.070000171661377,5.179999828338623,4.22329568862915,80600,GGAL
2004-07-28,5.099999904632568,5.179999828338623,5.03000020980835,5.090000152587891,4.1499176025390625,102000,GGAL
2004-07-29,5.099999904632568,5.21999979019165,5.050000190734863,5.150000095367432,4.1988372802734375,90400,GGAL
2004-07-30,5.329999923706055,5.329999923706055,5.150000095367432,5.170000076293945,4.215141773223877,120100,GGAL
2004-08-02,5.150000095367432,5.21999979019165,5.119999885559082,5.130000114440918,4.182531356811523,34700,GGAL
2004-08-03,5.119999885559082,5.150000095367432,5.039999961853027,5.150000095367432,4.1988372802734375,54900,GGAL
2004-08-04,5.289999961853027,5.349999904632568,5.099999904632568,5.230000019073486,4.264060974121094,130200,GGAL
2004-08-05,5.139999866485596,5.28000020980835,5.050000190734863,5.050000190734863,4.117305755615234,50000,GGAL
2004-08-06,5.260000228881836,5.260000228881836,4.980000019073486,4.989999771118164,4.068386077880859,204900,GGAL
2004-08-09,5.119999885559082,5.119999885559082,4.860000133514404,4.949999809265137,4.0357747077941895,246100,GGAL
2004-08-10,5.039999961853027,5.039999961853027,4.860000133514404,4.900000095367432,3.995009660720825,238900,GGAL
2004-08-11,4.949999809265137,5.0,4.789999961853027,4.840000152587891,3.9460909366607666,643400,GGAL
2004-08-12,4.75,4.889999866485596,4.75,4.789999961853027,3.905324935913086,192800,GGAL
2004-08-13,4.78000020980835,4.840000152587891,4.659999847412109,4.679999828338623,3.815641403198242,157900,GGAL
2004-08-16,4.679999828338623,4.760000228881836,4.630000114440918,4.650000095367432,3.791181802749634,48100,GGAL
2004-08-17,4.659999847412109,4.809999942779541,4.650000095367432,4.659999847412109,3.799335241317749,55800,GGAL
2004-08-18,4.699999809265137,4.789999961853027,4.690000057220459,4.75,3.872713565826416,628400,GGAL
2004-08-19,4.809999942779541,4.889999866485596,4.789999961853027,4.800000190734863,3.913477659225464,182500,GGAL
2004-08-20,4.71999979019165,4.800000190734863,4.679999828338623,4.800000190734863,3.913477659225464,351200,GGAL
2004-08-23,4.739999771118164,4.849999904632568,4.730000019073486,4.730000019073486,3.856407642364502,36900,GGAL
2004-08-24,4.789999961853027,4.820000171661377,4.679999828338623,4.800000190734863,3.913477659225464,149100,GGAL
2004-08-25,4.769999980926514,4.949999809265137,4.760000228881836,4.949999809265137,4.0357747077941895,199900,GGAL
2004-08-26,4.760000228881836,4.880000114440918,4.760000228881836,4.800000190734863,3.913477659225464,332000,GGAL
2004-08-27,4.769999980926514,5.050000190734863,4.769999980926514,4.900000095367432,3.995009660720825,249400,GGAL
2004-08-30,4.989999771118164,5.119999885559082,4.920000076293945,5.090000152587891,4.1499176025390625,205800,GGAL
2004-08-31,4.949999809265137,5.139999866485596,4.949999809265137,5.079999923706055,4.1417646408081055,232400,GGAL
2004-09-01,5.0,5.119999885559082,5.0,5.050000190734863,4.117305755615234,215200,GGAL
2004-09-02,5.070000171661377,5.320000171661377,5.059999942779541,5.28000020980835,4.304825782775879,307100,GGAL
2004-09-03,5.400000095367432,5.5,5.300000190734863,5.360000133514404,4.37005090713501,222100,GGAL
2004-09-07,5.480000019073486,5.5,5.309999942779541,5.340000152587891,4.353744983673096,178500,GGAL
2004-09-08,5.320000171661377,5.449999809265137,5.239999771118164,5.269999980926514,4.296672821044922,98000,GGAL
2004-09-09,5.300000190734863,5.340000152587891,5.150000095367432,5.289999961853027,4.312978744506836,581300,GGAL
2004-09-10,5.349999904632568,5.440000057220459,5.300000190734863,5.409999847412109,4.410815715789795,270000,GGAL
2004-09-13,5.46999979019165,5.699999809265137,5.440000057220459,5.699999809265137,4.647255897521973,336200,GGAL
2004-09-14,5.710000038146973,5.75,5.650000095367432,5.75,4.688021183013916,213400,GGAL
2004-09-15,5.75,5.75,5.599999904632568,5.619999885559082,4.582030296325684,276900,GGAL
2004-09-16,5.699999809265137,5.75,5.630000114440918,5.71999979019165,4.66356086730957,234500,GGAL
2004-09-17,5.730000019073486,5.900000095367432,5.690000057220459,5.900000095367432,4.810316562652588,375200,GGAL
2004-09-20,6.010000228881836,6.019999980926514,5.900000095367432,5.940000057220459,4.842929363250732,257400,GGAL
2004-09-21,5.949999809265137,5.980000019073486,5.900000095367432,5.960000038146973,4.8592352867126465,219200,GGAL
2004-09-22,5.980000019073486,5.980000019073486,5.840000152587891,5.849999904632568,4.769552230834961,517900,GGAL
2004-09-23,5.900000095367432,6.070000171661377,5.880000114440918,6.039999961853027,4.924459934234619,431200,GGAL
2004-09-24,6.039999961853027,6.190000057220459,6.03000020980835,6.150000095367432,5.0141448974609375,610400,GGAL
2004-09-27,6.139999866485596,6.340000152587891,5.960000038146973,6.340000152587891,5.169052600860596,570400,GGAL
2004-09-28,6.260000228881836,6.510000228881836,6.260000228881836,6.440000057220459,5.250583648681641,439600,GGAL
2004-09-29,6.519999980926514,6.590000152587891,6.349999904632568,6.590000152587891,5.372879505157471,441000,GGAL
2004-09-30,6.590000152587891,6.679999828338623,6.5,6.590000152587891,5.372879505157471,863900,GGAL
2004-10-01,6.5,6.800000190734863,6.460000038146973,6.739999771118164,5.495176315307617,199300,GGAL
2004-10-04,6.800000190734863,6.909999847412109,6.739999771118164,6.880000114440918,5.609318256378174,398000,GGAL
2004-10-05,6.920000076293945,6.980000019073486,6.519999980926514,6.519999980926514,5.3158087730407715,630100,GGAL
2004-10-06,6.510000228881836,6.699999809265137,6.5,6.650000095367432,5.4217987060546875,504900,GGAL
2004-10-07,6.699999809265137,6.71999979019165,6.429999828338623,6.610000133514404,5.389185905456543,294200,GGAL
2004-10-08,6.659999847412109,6.710000038146973,6.519999980926514,6.559999942779541,5.348420143127441,291400,GGAL
2004-10-11,6.590000152587891,6.650000095367432,6.5,6.550000190734863,5.340267181396484,45500,GGAL
2004-10-12,6.5,6.869999885559082,6.489999771118164,6.809999942779541,5.552247524261475,943200,GGAL
2004-10-13,6.860000133514404,7.199999809265137,6.789999961853027,7.170000076293945,5.84575891494751,602500,GGAL
2004-10-14,7.340000152587891,7.789999961853027,7.309999942779541,7.599999904632568,6.196340084075928,2892000,GGAL
2004-10-15,7.590000152587891,7.840000152587891,7.349999904632568,7.630000114440918,6.220799922943115,758900,GGAL
2004-10-18,7.650000095367432,7.96999979019165,7.630000114440918,7.900000095367432,6.440932750701904,837700,GGAL
2004-10-19,7.989999771118164,8.0,7.579999923706055,7.639999866485596,6.228952884674072,860800,GGAL
2004-10-20,7.639999866485596,7.650000095367432,7.369999885559082,7.599999904632568,6.196340084075928,491800,GGAL
2004-10-21,7.639999866485596,7.78000020980835,7.400000095367432,7.760000228881836,6.326790809631348,371000,GGAL
2004-10-22,7.840000152587891,8.100000381469727,7.449999809265137,7.579999923706055,6.180034160614014,329200,GGAL
2004-10-25,7.409999847412109,7.659999847412109,7.380000114440918,7.550000190734863,6.155575752258301,198400,GGAL
2004-10-26,7.559999942779541,7.730000019073486,7.5,7.610000133514404,6.204493999481201,181000,GGAL
2004-10-27,7.460000038146973,8.279999732971191,7.460000038146973,8.279999732971191,6.750750541687012,534400,GGAL
2004-10-28,8.34000015258789,8.460000038146973,8.119999885559082,8.3100004196167,6.775209903717041,495500,GGAL
2004-10-29,8.119999885559082,8.399999618530273,7.869999885559082,8.359999656677246,6.815974235534668,213900,GGAL
2004-11-01,8.279999732971191,8.880000114440918,8.279999732971191,8.649999618530273,7.052414894104004,516400,GGAL
2004-11-02,8.720000267028809,8.739999771118164,8.520000457763672,8.680000305175781,7.076874256134033,507900,GGAL
2004-11-03,8.729999542236328,8.819999694824219,8.449999809265137,8.619999885559082,7.027955055236816,316200,GGAL
2004-11-04,8.430000305175781,8.539999961853027,8.229999542236328,8.380000114440918,6.832280158996582,779200,GGAL
2004-11-05,8.5,8.600000381469727,8.300000190734863,8.510000228881836,6.938271522521973,944100,GGAL
2004-11-08,8.460000038146973,8.510000228881836,8.050000190734863,8.050000190734863,6.563229084014893,335500,GGAL
2004-11-09,7.949999809265137,8.050000190734863,7.800000190734863,8.039999961853027,6.5550761222839355,410100,GGAL
2004-11-10,8.039999961853027,8.15999984741211,7.980000019073486,8.0600004196167,6.571382522583008,483500,GGAL
2004-11-11,8.0600004196167,8.199999809265137,7.929999828338623,7.960000038146973,6.489851474761963,393400,GGAL
2004-11-12,8.1899995803833,8.1899995803833,7.539999961853027,7.900000095367432,6.440932750701904,355400,GGAL
2004-11-15,7.800000190734863,7.800000190734863,7.5,7.650000095367432,6.237105846405029,514000,GGAL
2004-11-16,7.699999809265137,7.800000190734863,7.400000095367432,7.440000057220459,6.065892696380615,546200,GGAL
2004-11-17,7.650000095367432,7.789999961853027,7.449999809265137,7.539999961853027,6.147422790527344,1105400,GGAL
2004-11-18,7.639999866485596,7.650000095367432,7.46999979019165,7.619999885559082,6.212646484375,291800,GGAL
2004-11-19,7.630000114440918,7.739999771118164,7.429999828338623,7.440000057220459,6.065892696380615,206900,GGAL
2004-11-22,7.199999809265137,7.25,7.010000228881836,7.039999961853027,5.7397685050964355,247500,GGAL
2004-11-23,7.0,7.349999904632568,6.96999979019165,7.300000190734863,5.951747894287109,554100,GGAL
2004-11-24,7.239999771118164,7.239999771118164,6.989999771118164,7.070000171661377,5.764228343963623,563700,GGAL
2004-11-26,7.130000114440918,7.130000114440918,6.980000019073486,7.0,5.707156181335449,66400,GGAL
2004-11-29,6.920000076293945,7.090000152587891,6.78000020980835,7.079999923706055,5.77238130569458,149600,GGAL
2004-11-30,7.059999942779541,7.28000020980835,6.929999828338623,7.230000019073486,5.89467716217041,272200,GGAL
2004-12-01,7.260000228881836,7.550000190734863,7.260000228881836,7.53000020980835,6.13926887512207,529300,GGAL
2004-12-02,7.619999885559082,7.619999885559082,7.25,7.340000152587891,5.984360694885254,423800,GGAL
2004-12-03,7.239999771118164,7.409999847412109,7.230000019073486,7.289999961853027,5.943594932556152,218000,GGAL
2004-12-06,7.369999885559082,7.46999979019165,7.260000228881836,7.300000190734863,5.951747894287109,191600,GGAL
2004-12-07,7.260000228881836,7.389999866485596,7.090000152587891,7.099999904632568,5.788686752319336,359200,GGAL
2004-12-08,7.190000057220459,7.199999809265137,6.949999809265137,7.0,5.707156181335449,190900,GGAL
2004-12-09,7.039999961853027,7.349999904632568,7.039999961853027,7.25,5.910983085632324,236700,GGAL
2004-12-10,7.360000133514404,7.679999828338623,7.360000133514404,7.619999885559082,6.212646484375,467200,GGAL
2004-12-13,7.550000190734863,7.809999942779541,7.489999771118164,7.610000133514404,6.204493999481201,231400,GGAL
2004-12-14,7.449999809265137,7.75,7.400000095367432,7.639999866485596,6.228952884674072,89700,GGAL
2004-12-15,7.71999979019165,7.849999904632568,7.599999904632568,7.809999942779541,6.367555618286133,174900,GGAL
2004-12-16,7.599999904632568,7.840000152587891,7.599999904632568,7.699999809265137,6.277872085571289,99600,GGAL
2004-12-17,7.630000114440918,7.769999980926514,7.599999904632568,7.739999771118164,6.310484886169434,174800,GGAL
2004-12-20,7.889999866485596,8.050000190734863,7.869999885559082,8.020000457763672,6.5387701988220215,366000,GGAL
2004-12-21,8.199999809265137,8.319999694824219,8.109999656677246,8.260000228881836,6.734445095062256,310900,GGAL
2004-12-22,8.34000015258789,8.34000015258789,8.149999618530273,8.220000267028809,6.701832294464111,161400,GGAL
2004-12-23,8.3100004196167,8.430000305175781,8.25,8.399999618530273,6.8485870361328125,120000,GGAL
2004-12-27,8.460000038146973,8.579999923706055,8.399999618530273,8.579999923706055,6.995343208312988,118700,GGAL
2004-12-28,8.5600004196167,8.609999656677246,8.300000190734863,8.460000038146973,6.8975043296813965,140100,GGAL
2004-12-29,8.300000190734863,8.600000381469727,8.300000190734863,8.579999923706055,6.995343208312988,153500,GGAL
2004-12-30,8.460000038146973,8.779999732971191,8.460000038146973,8.779999732971191,7.158403396606445,382900,GGAL
2004-12-31,8.699999809265137,8.75,8.5,8.569999694824219,6.987189769744873,42300,GGAL
2005-01-03,8.539999961853027,8.699999809265137,8.380000114440918,8.430000305175781,6.873045444488525,118300,GGAL
2005-01-04,8.430000305175781,8.520000457763672,8.210000038146973,8.239999771118164,6.718138694763184,97100,GGAL
2005-01-05,8.109999656677246,8.229999542236328,7.949999809265137,8.119999885559082,6.620300769805908,289700,GGAL
2005-01-06,8.180000305175781,8.359999656677246,8.079999923706055,8.329999923706055,6.791515827178955,285100,GGAL
2005-01-07,8.210000038146973,8.350000381469727,8.109999656677246,8.149999618530273,6.644759178161621,160300,GGAL
2005-01-10,8.289999961853027,8.289999961853027,8.0,8.180000305175781,6.669219493865967,455400,GGAL
2005-01-11,8.239999771118164,8.350000381469727,8.100000381469727,8.289999961853027,6.7589030265808105,353900,GGAL
2005-01-12,8.369999885559082,8.520000457763672,8.34000015258789,8.449999809265137,6.889351844787598,367300,GGAL
2005-01-13,8.5,8.5,8.300000190734863,8.329999923706055,6.791515827178955,470200,GGAL
2005-01-14,8.329999923706055,8.449999809265137,8.199999809265137,8.300000190734863,6.767056465148926,220300,GGAL
2005-01-18,8.180000305175781,8.350000381469727,8.119999885559082,8.239999771118164,6.718138694763184,259700,GGAL
2005-01-19,8.390000343322754,8.390000343322754,8.039999961853027,8.09000015258789,6.595841884613037,110300,GGAL
2005-01-20,8.15999984741211,8.220000267028809,7.800000190734863,7.960000038146973,6.489851474761963,335200,GGAL
2005-01-21,8.050000190734863,8.140000343322754,7.960000038146973,8.100000381469727,6.603996276855469,23900,GGAL
2005-01-24,8.329999923706055,8.329999923706055,7.929999828338623,8.039999961853027,6.5550761222839355,49500,GGAL
2005-01-25,7.869999885559082,8.199999809265137,7.869999885559082,8.050000190734863,6.563229084014893,95300,GGAL
2005-01-26,8.149999618530273,8.5,8.079999923706055,8.460000038146973,6.8975043296813965,142300,GGAL
2005-01-27,8.520000457763672,8.75,8.470000267028809,8.729999542236328,7.11763858795166,294200,GGAL
2005-01-28,8.770000457763672,8.770000457763672,8.529999732971191,8.619999885559082,7.027955055236816,237100,GGAL
2005-01-31,8.539999961853027,8.65999984741211,8.539999961853027,8.609999656677246,7.019802093505859,67200,GGAL
2005-02-01,8.729999542236328,8.850000381469727,8.529999732971191,8.59000015258789,7.003495693206787,102600,GGAL
2005-02-02,8.529999732971191,8.640000343322754,7.860000133514404,8.489999771118164,6.921964168548584,178000,GGAL
2005-02-03,8.239999771118164,8.770000457763672,8.239999771118164,8.699999809265137,7.093178749084473,220000,GGAL
2005-02-04,8.739999771118164,9.069999694824219,8.739999771118164,9.050000190734863,7.378537178039551,1088300,GGAL
2005-02-07,9.079999923706055,9.130000114440918,8.819999694824219,8.930000305175781,7.28070068359375,437100,GGAL
2005-02-08,9.100000381469727,9.5,8.970000267028809,9.489999771118164,7.737274169921875,826000,GGAL
2005-02-09,9.329999923706055,9.529999732971191,9.229999542236328,9.359999656677246,7.631282806396484,653200,GGAL
2005-02-10,9.359999656677246,9.359999656677246,9.25,9.34000015258789,7.614976406097412,244500,GGAL
2005-02-11,9.449999809265137,9.489999771118164,9.300000190734863,9.460000038146973,7.712815284729004,306300,GGAL
2005-02-14,9.489999771118164,9.5,9.420000076293945,9.489999771118164,7.737274169921875,173800,GGAL
2005-02-15,9.579999923706055,9.600000381469727,9.25,9.369999885559082,7.639437198638916,379300,GGAL
2005-02-16,9.390000343322754,9.390000343322754,9.149999618530273,9.239999771118164,7.533445358276367,171100,GGAL
2005-02-17,9.15999984741211,9.350000381469727,9.15999984741211,9.25,7.541598796844482,1274600,GGAL
2005-02-18,9.329999923706055,9.329999923706055,9.149999618530273,9.25,7.541598796844482,1084800,GGAL
2005-02-22,9.100000381469727,9.109999656677246,8.880000114440918,9.020000457763672,7.3540778160095215,856300,GGAL
2005-02-23,8.979999542236328,9.100000381469727,8.979999542236328,9.0,7.337771415710449,621500,GGAL
2005-02-24,9.039999961853027,9.039999961853027,8.84000015258789,8.970000267028809,7.313314914703369,312400,GGAL
2005-02-25,8.84000015258789,9.5600004196167,8.84000015258789,9.430000305175781,7.688356399536133,1708200,GGAL
2005-02-28,9.5,9.5600004196167,9.100000381469727,9.229999542236328,7.52529239654541,725900,GGAL
2005-03-01,10.149999618530273,10.149999618530273,9.100000381469727,9.4399995803833,7.696507453918457,1226000,GGAL
2005-03-02,9.449999809265137,9.449999809265137,9.239999771118164,9.300000190734863,7.582363605499268,263100,GGAL
2005-03-03,9.25,9.649999618530273,9.25,9.619999885559082,7.843262195587158,1123900,GGAL
2005-03-04,9.40999984741211,9.619999885559082,9.40999984741211,9.5,7.745427131652832,752200,GGAL
2005-03-07,9.550000190734863,9.619999885559082,9.449999809265137,9.550000190734863,7.786190986633301,757000,GGAL
2005-03-08,9.550000190734863,9.630000114440918,9.5,9.609999656677246,7.835109233856201,512600,GGAL
2005-03-09,9.569999694824219,9.569999694824219,8.630000114440918,8.869999885559082,7.231781959533691,1518400,GGAL
2005-03-10,8.869999885559082,8.979999542236328,8.119999885559082,8.550000190734863,6.970883846282959,1552700,GGAL
2005-03-11,8.649999618530273,8.729999542236328,8.25,8.329999923706055,6.791515827178955,438200,GGAL
2005-03-14,8.329999923706055,8.329999923706055,7.75,8.100000381469727,6.603996276855469,1509100,GGAL
2005-03-15,8.170000076293945,8.239999771118164,8.020000457763672,8.069999694824219,6.579535007476807,1306000,GGAL
2005-03-16,8.220000267028809,8.220000267028809,7.78000020980835,7.949999809265137,6.481698036193848,485500,GGAL
2005-03-17,7.860000133514404,8.319999694824219,7.860000133514404,8.130000114440918,6.628454685211182,439400,GGAL
2005-03-18,8.25,8.390000343322754,8.109999656677246,8.109999656677246,6.612148284912109,335600,GGAL
2005-03-21,8.119999885559082,8.149999618530273,7.630000114440918,7.75,6.318637371063232,206100,GGAL
2005-03-22,7.710000038146973,7.730000019073486,7.309999942779541,7.349999904632568,5.9925127029418945,1243500,GGAL
2005-03-23,7.449999809265137,7.449999809265137,7.170000076293945,7.389999866485596,6.025125503540039,347500,GGAL
2005-03-24,7.349999904632568,7.590000152587891,7.28000020980835,7.420000076293945,6.049586296081543,238000,GGAL
2005-03-28,7.300000190734863,7.360000133514404,7.159999847412109,7.300000190734863,5.951747894287109,281100,GGAL
2005-03-29,7.369999885559082,7.53000020980835,7.25,7.28000020980835,5.935441970825195,235800,GGAL
2005-03-30,7.360000133514404,7.75,7.360000133514404,7.699999809265137,6.277872085571289,483500,GGAL
2005-03-31,7.699999809265137,7.78000020980835,7.53000020980835,7.539999961853027,6.147422790527344,573300,GGAL
2005-04-01,7.760000228881836,7.940000057220459,7.690000057220459,7.75,6.318637371063232,566900,GGAL
2005-04-04,7.630000114440918,7.730000019073486,7.5,7.599999904632568,6.196340084075928,327300,GGAL
2005-04-05,7.539999961853027,7.730000019073486,7.5,7.699999809265137,6.277872085571289,149700,GGAL
2005-04-06,7.769999980926514,7.96999979019165,7.659999847412109,7.949999809265137,6.481698036193848,445000,GGAL
2005-04-07,7.840000152587891,7.980000019073486,7.789999961853027,7.840000152587891,6.392014503479004,265400,GGAL
2005-04-08,7.96999979019165,7.96999979019165,7.760000228881836,7.789999961853027,6.3512492179870605,91700,GGAL
2005-04-11,7.96999979019165,7.96999979019165,7.53000020980835,7.800000190734863,6.359401226043701,54400,GGAL
2005-04-12,7.679999828338623,7.769999980926514,7.510000228881836,7.659999847412109,6.2452592849731445,305900,GGAL
2005-04-13,7.760000228881836,7.760000228881836,7.46999979019165,7.550000190734863,6.155575752258301,181200,GGAL
2005-04-14,7.510000228881836,7.670000076293945,7.269999980926514,7.400000095367432,6.033278942108154,422900,GGAL
2005-04-15,7.360000133514404,7.400000095367432,6.949999809265137,6.989999771118164,5.699002265930176,327800,GGAL
2005-04-18,7.119999885559082,7.260000228881836,7.050000190734863,7.159999847412109,5.837605953216553,319200,GGAL
2005-04-19,7.21999979019165,7.369999885559082,7.21999979019165,7.25,5.910983085632324,317700,GGAL
2005-04-20,7.210000038146973,7.360000133514404,7.050000190734863,7.139999866485596,5.821298599243164,350400,GGAL
2005-04-21,7.190000057220459,7.460000038146973,7.099999904632568,7.460000038146973,6.082197666168213,444900,GGAL
2005-04-22,7.480000019073486,7.489999771118164,7.300000190734863,7.409999847412109,6.041431903839111,195000,GGAL
2005-04-25,7.320000171661377,7.570000171661377,7.260000228881836,7.510000228881836,6.12296199798584,216500,GGAL
2005-04-26,7.539999961853027,7.650000095367432,7.320000171661377,7.449999809265137,6.074045181274414,132100,GGAL
2005-04-27,7.550000190734863,7.550000190734863,7.309999942779541,7.369999885559082,6.008819580078125,121900,GGAL
2005-04-28,7.440000057220459,7.449999809265137,7.239999771118164,7.239999771118164,5.902829647064209,44200,GGAL
2005-04-29,7.239999771118164,7.389999866485596,7.150000095367432,7.360000133514404,6.00066614151001,140500,GGAL
2005-05-02,7.289999961853027,7.650000095367432,7.289999961853027,7.610000133514404,6.204493999481201,160800,GGAL
2005-05-03,7.659999847412109,7.949999809265137,7.659999847412109,7.849999904632568,6.4001665115356445,269200,GGAL
2005-05-04,7.889999866485596,8.149999618530273,7.800000190734863,8.119999885559082,6.620300769805908,343700,GGAL
2005-05-05,8.170000076293945,8.25,7.949999809265137,7.960000038146973,6.489851474761963,497700,GGAL
2005-05-06,7.980000019073486,8.119999885559082,7.800000190734863,7.829999923706055,6.383861064910889,423600,GGAL
2005-05-09,7.869999885559082,7.900000095367432,7.510000228881836,7.699999809265137,6.277872085571289,257000,GGAL
2005-05-10,7.699999809265137,7.710000038146973,7.349999904632568,7.449999809265137,6.074045181274414,990600,GGAL
2005-05-11,7.5,7.639999866485596,7.429999828338623,7.570000171661377,6.171881198883057,190900,GGAL
2005-05-12,7.690000057220459,7.690000057220459,7.5,7.53000020980835,6.13926887512207,59100,GGAL
2005-05-13,7.559999942779541,8.300000190734863,7.409999847412109,8.0,6.522463798522949,673800,GGAL
2005-05-16,8.09000015258789,8.399999618530273,7.960000038146973,8.289999961853027,6.7589030265808105,476900,GGAL
2005-05-17,8.25,8.25,8.0600004196167,8.15999984741211,6.65291166305542,413600,GGAL
2005-05-18,8.270000457763672,8.329999923706055,8.069999694824219,8.210000038146973,6.693679332733154,294700,GGAL
2005-05-19,8.199999809265137,8.399999618530273,8.130000114440918,8.149999618530273,6.644759178161621,591900,GGAL
2005-05-20,8.270000457763672,8.270000457763672,7.980000019073486,8.029999732971191,6.54692268371582,137700,GGAL
2005-05-23,8.1899995803833,8.210000038146973,8.079999923706055,8.149999618530273,6.644759178161621,102900,GGAL
2005-05-24,8.1899995803833,8.430000305175781,8.1899995803833,8.399999618530273,6.8485870361328125,287500,GGAL
2005-05-25,8.329999923706055,8.449999809265137,8.1899995803833,8.1899995803833,6.677372455596924,52400,GGAL
2005-05-26,8.199999809265137,8.380000114440918,8.15999984741211,8.239999771118164,6.718138694763184,80500,GGAL
2005-05-27,8.380000114440918,8.479999542236328,8.25,8.4399995803833,6.881198406219482,234800,GGAL
2005-05-31,8.640000343322754,8.75,8.600000381469727,8.75,7.133945465087891,333300,GGAL
2005-06-01,8.649999618530273,9.079999923706055,8.630000114440918,9.020000457763672,7.3540778160095215,521400,GGAL
2005-06-02,8.970000267028809,9.109999656677246,8.9399995803833,9.050000190734863,7.378537178039551,403800,GGAL
2005-06-03,8.90999984741211,9.079999923706055,8.850000381469727,8.869999885559082,7.231781959533691,174300,GGAL
2005-06-06,8.859999656677246,8.859999656677246,8.619999885559082,8.720000267028809,7.109484672546387,166100,GGAL
2005-06-07,8.699999809265137,8.819999694824219,8.600000381469727,8.600000381469727,7.011648178100586,150900,GGAL
2005-06-08,8.75,8.8100004196167,8.550000190734863,8.760000228881836,7.142096996307373,365200,GGAL
2005-06-09,8.6899995803833,8.859999656677246,8.359999656677246,8.420000076293945,6.864892482757568,391800,GGAL
2005-06-10,8.40999984741211,8.600000381469727,8.270000457763672,8.3100004196167,6.775209903717041,305300,GGAL
2005-06-13,8.260000228881836,8.699999809265137,8.119999885559082,8.300000190734863,6.767056465148926,164100,GGAL
2005-06-14,8.479999542236328,8.479999542236328,8.170000076293945,8.289999961853027,6.7589030265808105,496000,GGAL
2005-06-15,8.270000457763672,8.510000228881836,8.25,8.449999809265137,6.889351844787598,214200,GGAL
2005-06-16,8.460000038146973,8.600000381469727,8.420000076293945,8.489999771118164,6.921964168548584,277600,GGAL
2005-06-17,8.510000228881836,8.779999732971191,8.4399995803833,8.460000038146973,6.8975043296813965,230600,GGAL
2005-06-20,8.449999809265137,8.5,8.3100004196167,8.489999771118164,6.921964168548584,17100,GGAL
2005-06-21,8.5,8.59000015258789,8.380000114440918,8.550000190734863,6.970883846282959,175700,GGAL
2005-06-22,8.569999694824219,8.699999809265137,8.529999732971191,8.640000343322754,7.044261455535889,79400,GGAL
2005-06-23,8.640000343322754,8.729999542236328,8.359999656677246,8.390000343322754,6.840435028076172,124400,GGAL
2005-06-24,8.3100004196167,8.550000190734863,8.239999771118164,8.300000190734863,6.767056465148926,136600,GGAL
2005-06-27,8.300000190734863,8.489999771118164,8.0600004196167,8.109999656677246,6.612148284912109,232000,GGAL
2005-06-28,8.149999618530273,8.260000228881836,8.100000381469727,8.149999618530273,6.644759178161621,135700,GGAL
2005-06-29,8.149999618530273,8.149999618530273,7.869999885559082,7.880000114440918,6.42462682723999,333100,GGAL
2005-06-30,8.0,8.069999694824219,7.860000133514404,8.069999694824219,6.579535007476807,615700,GGAL
2005-07-01,8.079999923706055,8.079999923706055,7.769999980926514,7.840000152587891,6.392014503479004,308400,GGAL
2005-07-05,7.829999923706055,7.989999771118164,7.75,7.909999847412109,6.449087142944336,249400,GGAL
2005-07-06,7.820000171661377,7.909999847412109,7.690000057220459,7.699999809265137,6.277872085571289,105500,GGAL
2005-07-07,7.679999828338623,8.09000015258789,7.639999866485596,8.0,6.522463798522949,312000,GGAL
2005-07-08,8.029999732971191,8.15999984741211,8.0,8.039999961853027,6.5550761222839355,264000,GGAL
2005-07-11,8.0,8.180000305175781,7.960000038146973,8.050000190734863,6.563229084014893,291700,GGAL
2005-07-12,8.050000190734863,8.149999618530273,7.96999979019165,8.100000381469727,6.603996276855469,293500,GGAL
2005-07-13,8.09000015258789,8.130000114440918,8.0,8.029999732971191,6.54692268371582,28300,GGAL
2005-07-14,8.130000114440918,8.579999923706055,8.109999656677246,8.520000457763672,6.94642448425293,374400,GGAL
2005-07-15,8.510000228881836,8.65999984741211,8.359999656677246,8.600000381469727,7.011648178100586,322900,GGAL
2005-07-18,8.510000228881836,8.6899995803833,8.4399995803833,8.550000190734863,6.970883846282959,122300,GGAL
2005-07-19,8.569999694824219,8.699999809265137,8.520000457763672,8.65999984741211,7.0605669021606445,137700,GGAL
2005-07-20,8.640000343322754,8.800000190734863,8.59000015258789,8.789999961853027,7.1665568351745605,278500,GGAL
2005-07-21,8.819999694824219,8.90999984741211,8.630000114440918,8.699999809265137,7.093178749084473,257100,GGAL
2005-07-22,8.699999809265137,8.720000267028809,8.640000343322754,8.65999984741211,7.0605669021606445,267700,GGAL
2005-07-25,8.630000114440918,8.649999618530273,8.5,8.510000228881836,6.938271522521973,269500,GGAL
2005-07-26,8.529999732971191,8.630000114440918,8.5,8.630000114440918,7.036108493804932,84600,GGAL
2005-07-27,8.630000114440918,8.800000190734863,8.600000381469727,8.710000038146973,7.101332187652588,432100,GGAL
2005-07-28,8.6899995803833,8.920000076293945,8.670000076293945,8.899999618530273,7.2562408447265625,312400,GGAL
2005-07-29,8.779999732971191,8.899999618530273,8.600000381469727,8.65999984741211,7.0605669021606445,326000,GGAL
2005-08-01,8.75,8.859999656677246,8.739999771118164,8.819999694824219,7.19101619720459,191600,GGAL
2005-08-02,8.760000228881836,8.9399995803833,8.760000228881836,8.869999885559082,7.231781959533691,602200,GGAL
2005-08-03,8.850000381469727,8.920000076293945,8.699999809265137,8.729999542236328,7.11763858795166,424100,GGAL
2005-08-04,8.710000038146973,8.829999923706055,8.699999809265137,8.75,7.133945465087891,155300,GGAL
2005-08-05,8.739999771118164,8.899999618530273,8.600000381469727,8.609999656677246,7.019802093505859,135100,GGAL
2005-08-08,8.729999542236328,8.8100004196167,8.449999809265137,8.550000190734863,6.970883846282959,468600,GGAL
2005-08-09,8.569999694824219,8.720000267028809,8.489999771118164,8.579999923706055,6.995343208312988,92700,GGAL
2005-08-10,8.630000114440918,8.800000190734863,8.539999961853027,8.600000381469727,7.011648178100586,273300,GGAL
2005-08-11,8.550000190734863,8.600000381469727,8.329999923706055,8.449999809265137,6.889351844787598,133500,GGAL
2005-08-12,8.40999984741211,8.510000228881836,8.229999542236328,8.359999656677246,6.815974235534668,142900,GGAL
2005-08-15,8.359999656677246,8.40999984741211,8.3100004196167,8.359999656677246,6.815974235534668,71000,GGAL
2005-08-16,8.319999694824219,8.449999809265137,8.029999732971191,8.079999923706055,6.587688446044922,219500,GGAL
2005-08-17,8.039999961853027,8.229999542236328,7.860000133514404,8.180000305175781,6.669219493865967,968300,GGAL
2005-08-18,7.920000076293945,8.300000190734863,7.920000076293945,8.140000343322754,6.6366071701049805,199900,GGAL
2005-08-19,8.140000343322754,8.15999984741211,7.900000095367432,7.96999979019165,6.49800443649292,681300,GGAL
2005-08-22,8.0,8.260000228881836,8.0,8.170000076293945,6.661065578460693,174600,GGAL
2005-08-23,8.180000305175781,8.270000457763672,8.109999656677246,8.199999809265137,6.685524940490723,123300,GGAL
2005-08-24,8.220000267028809,8.239999771118164,8.010000228881836,8.1899995803833,6.677372455596924,188900,GGAL
2005-08-25,8.1899995803833,8.390000343322754,8.069999694824219,8.390000343322754,6.840435028076172,268300,GGAL
2005-08-26,8.279999732971191,8.5,8.210000038146973,8.210000038146973,6.693679332733154,93800,GGAL
2005-08-29,8.1899995803833,8.390000343322754,8.170000076293945,8.300000190734863,6.767056465148926,120300,GGAL
2005-08-30,8.380000114440918,8.470000267028809,8.229999542236328,8.359999656677246,6.815974235534668,105300,GGAL
2005-08-31,8.359999656677246,8.380000114440918,8.220000267028809,8.25,6.726291179656982,87600,GGAL
2005-09-01,8.260000228881836,8.470000267028809,8.260000228881836,8.470000267028809,6.905657768249512,116000,GGAL
2005-09-02,8.449999809265137,8.680000305175781,8.3100004196167,8.319999694824219,6.783362865447998,171300,GGAL
2005-09-06,8.369999885559082,8.5,8.300000190734863,8.399999618530273,6.8485870361328125,105600,GGAL
2005-09-07,8.380000114440918,8.479999542236328,8.300000190734863,8.300000190734863,6.767056465148926,34600,GGAL
2005-09-08,8.329999923706055,8.420000076293945,8.220000267028809,8.34000015258789,6.79966926574707,184800,GGAL
2005-09-09,8.359999656677246,8.420000076293945,8.1899995803833,8.270000457763672,6.742597579956055,319800,GGAL
2005-09-12,8.25,8.34000015258789,7.989999771118164,8.100000381469727,6.603996276855469,463200,GGAL
2005-09-13,7.989999771118164,8.109999656677246,7.96999979019165,8.0600004196167,6.571382522583008,357800,GGAL
2005-09-14,8.039999961853027,8.149999618530273,8.029999732971191,8.079999923706055,6.587688446044922,525300,GGAL
2005-09-15,8.069999694824219,8.449999809265137,8.050000190734863,8.279999732971191,6.750750541687012,1805400,GGAL
2005-09-16,8.3100004196167,8.449999809265137,8.300000190734863,8.350000381469727,6.807822227478027,175100,GGAL
2005-09-19,8.350000381469727,8.720000267028809,8.350000381469727,8.65999984741211,7.0605669021606445,346100,GGAL
2005-09-20,8.550000190734863,8.729999542236328,8.510000228881836,8.579999923706055,6.995343208312988,179000,GGAL
2005-09-21,8.5600004196167,8.699999809265137,8.319999694824219,8.600000381469727,7.011648178100586,227000,GGAL
2005-09-22,8.649999618530273,8.649999618530273,8.399999618530273,8.5,6.930117130279541,63900,GGAL
2005-09-23,8.5600004196167,8.59000015258789,8.420000076293945,8.569999694824219,6.987189769744873,67600,GGAL
2005-09-26,8.609999656677246,8.630000114440918,8.380000114440918,8.479999542236328,6.913810729980469,54500,GGAL
2005-09-27,8.520000457763672,8.579999923706055,8.399999618530273,8.479999542236328,6.913810729980469,121000,GGAL
2005-09-28,8.479999542236328,8.630000114440918,8.460000038146973,8.539999961853027,6.962730884552002,161400,GGAL
2005-09-29,8.5,8.699999809265137,8.479999542236328,8.609999656677246,7.019802093505859,139400,GGAL
2005-09-30,8.670000076293945,8.75,8.59000015258789,8.670000076293945,7.068720817565918,229600,GGAL
2005-10-03,8.609999656677246,8.819999694824219,8.609999656677246,8.720000267028809,7.109484672546387,501900,GGAL
2005-10-04,8.699999809265137,8.829999923706055,8.329999923706055,8.489999771118164,6.921964168548584,378400,GGAL
2005-10-05,8.470000267028809,8.739999771118164,8.239999771118164,8.25,6.726291179656982,155000,GGAL
2005-10-06,8.229999542236328,8.329999923706055,8.050000190734863,8.199999809265137,6.685524940490723,297000,GGAL
2005-10-07,8.369999885559082,8.510000228881836,8.25,8.510000228881836,6.938271522521973,725100,GGAL
2005-10-10,8.34000015258789,8.550000190734863,8.34000015258789,8.510000228881836,6.938271522521973,80700,GGAL
2005-10-11,8.359999656677246,8.569999694824219,8.270000457763672,8.319999694824219,6.783362865447998,800400,GGAL
2005-10-12,8.270000457763672,8.550000190734863,7.909999847412109,7.989999771118164,6.514310359954834,288100,GGAL
2005-10-13,8.100000381469727,8.100000381469727,7.5,7.800000190734863,6.359401226043701,221000,GGAL
2005-10-14,7.699999809265137,8.079999923706055,7.699999809265137,7.989999771118164,6.514310359954834,334500,GGAL
2005-10-17,8.0600004196167,8.0600004196167,7.849999904632568,7.949999809265137,6.481698036193848,641300,GGAL
2005-10-18,8.09000015258789,8.09000015258789,7.900000095367432,7.980000019073486,6.506157875061035,842600,GGAL
2005-10-19,8.0,8.0,7.710000038146973,7.849999904632568,6.4001665115356445,209600,GGAL
2005-10-20,7.929999828338623,7.980000019073486,7.599999904632568,7.670000076293945,6.25341272354126,216000,GGAL
2005-10-21,7.690000057220459,7.800000190734863,7.570000171661377,7.619999885559082,6.212646484375,222900,GGAL
2005-10-24,7.699999809265137,7.920000076293945,7.679999828338623,7.860000133514404,6.408320903778076,293300,GGAL
2005-10-25,7.710000038146973,7.929999828338623,7.599999904632568,7.679999828338623,6.261566162109375,328300,GGAL
2005-10-26,7.78000020980835,7.840000152587891,7.639999866485596,7.650000095367432,6.237105846405029,632400,GGAL
2005-10-27,7.630000114440918,7.699999809265137,7.369999885559082,7.400000095367432,6.033278942108154,620100,GGAL
2005-10-28,7.630000114440918,7.760000228881836,7.449999809265137,7.550000190734863,6.155575752258301,73700,GGAL
2005-10-31,7.739999771118164,7.78000020980835,7.570000171661377,7.71999979019165,6.294178009033203,78700,GGAL
2005-11-01,7.630000114440918,7.909999847412109,7.630000114440918,7.909999847412109,6.449087142944336,115700,GGAL
2005-11-02,7.949999809265137,8.020000457763672,7.840000152587891,8.0,6.522463798522949,54600,GGAL
2005-11-03,8.319999694824219,8.4399995803833,8.199999809265137,8.239999771118164,6.718138694763184,2343200,GGAL
2005-11-04,8.369999885559082,8.369999885559082,8.050000190734863,8.220000267028809,6.701832294464111,220400,GGAL
2005-11-07,8.220000267028809,8.220000267028809,8.020000457763672,8.0600004196167,6.571382522583008,263800,GGAL
2005-11-08,8.0,8.050000190734863,7.849999904632568,7.96999979019165,6.49800443649292,195800,GGAL
2005-11-09,7.869999885559082,8.0,7.840000152587891,7.849999904632568,6.4001665115356445,129800,GGAL
2005-11-10,7.809999942779541,7.960000038146973,7.800000190734863,7.949999809265137,6.481698036193848,183700,GGAL
2005-11-11,7.929999828338623,8.050000190734863,7.880000114440918,7.949999809265137,6.481698036193848,63700,GGAL
2005-11-14,7.940000057220459,8.050000190734863,7.929999828338623,7.96999979019165,6.49800443649292,66700,GGAL
2005-11-15,7.960000038146973,8.029999732971191,7.699999809265137,7.820000171661377,6.37570858001709,182800,GGAL
2005-11-16,7.829999923706055,7.980000019073486,7.809999942779541,7.980000019073486,6.506157875061035,162500,GGAL
2005-11-17,8.029999732971191,8.199999809265137,7.96999979019165,8.09000015258789,6.595841884613037,155700,GGAL
2005-11-18,8.109999656677246,8.149999618530273,8.0,8.0,6.522463798522949,96800,GGAL
2005-11-21,8.079999923706055,8.100000381469727,8.0,8.050000190734863,6.563229084014893,79300,GGAL
2005-11-22,7.940000057220459,8.029999732971191,7.849999904632568,7.880000114440918,6.42462682723999,252000,GGAL
2005-11-23,7.900000095367432,8.069999694824219,7.889999866485596,7.96999979019165,6.49800443649292,116600,GGAL
2005-11-25,7.929999828338623,8.0,7.920000076293945,7.949999809265137,6.481698036193848,23800,GGAL
2005-11-28,7.880000114440918,7.900000095367432,7.340000152587891,7.5,6.114810466766357,1602100,GGAL
2005-11-29,7.400000095367432,7.489999771118164,7.150000095367432,7.159999847412109,5.837605953216553,525900,GGAL
2005-11-30,7.199999809265137,7.420000076293945,7.199999809265137,7.340000152587891,5.984360694885254,551500,GGAL
2005-12-01,7.460000038146973,7.550000190734863,7.050000190734863,7.119999885559082,5.804993629455566,353200,GGAL
2005-12-02,7.239999771118164,7.349999904632568,7.099999904632568,7.119999885559082,5.804993629455566,329300,GGAL
2005-12-05,7.119999885559082,7.349999904632568,6.980000019073486,6.989999771118164,5.699002265930176,416300,GGAL
2005-12-06,6.989999771118164,7.309999942779541,6.989999771118164,7.300000190734863,5.951747894287109,495400,GGAL
2005-12-07,7.230000019073486,7.400000095367432,7.03000020980835,7.119999885559082,5.804993629455566,272500,GGAL
2005-12-08,7.130000114440918,7.449999809265137,7.119999885559082,7.190000057220459,5.862064361572266,89300,GGAL
2005-12-09,7.230000019073486,7.349999904632568,7.150000095367432,7.309999942779541,5.959900856018066,174000,GGAL
2005-12-12,7.170000076293945,7.420000076293945,7.099999904632568,7.099999904632568,5.788686752319336,451700,GGAL
2005-12-13,7.099999904632568,7.179999828338623,7.019999980926514,7.059999942779541,5.75607442855835,149700,GGAL
2005-12-14,7.090000152587891,7.159999847412109,6.940000057220459,6.980000019073486,5.690850257873535,280000,GGAL
2005-12-15,6.960000038146973,7.260000228881836,6.909999847412109,7.130000114440918,5.813146591186523,343700,GGAL
2005-12-16,7.119999885559082,7.119999885559082,6.849999904632568,6.980000019073486,5.690850257873535,376200,GGAL
2005-12-19,6.980000019073486,7.039999961853027,6.869999885559082,6.929999828338623,5.650083541870117,86400,GGAL
2005-12-20,6.909999847412109,6.960000038146973,6.800000190734863,6.900000095367432,5.625624656677246,141400,GGAL
2005-12-21,6.829999923706055,6.949999809265137,6.809999942779541,6.869999885559082,5.601165771484375,269300,GGAL
2005-12-22,6.840000152587891,7.039999961853027,6.800000190734863,7.010000228881836,5.715309143066406,288800,GGAL
2005-12-23,7.0,7.099999904632568,6.929999828338623,6.929999828338623,5.650083541870117,446900,GGAL
2005-12-27,7.03000020980835,7.139999866485596,6.909999847412109,6.909999847412109,5.633777618408203,260900,GGAL
2005-12-28,6.960000038146973,7.0,6.909999847412109,6.940000057220459,5.658237457275391,86900,GGAL
2005-12-29,6.96999979019165,7.099999904632568,6.900000095367432,6.980000019073486,5.690850257873535,235300,GGAL
2005-12-30,6.96999979019165,7.03000020980835,6.869999885559082,6.909999847412109,5.633777618408203,59100,GGAL
2006-01-03,6.960000038146973,7.260000228881836,6.929999828338623,7.010000228881836,5.715309143066406,382400,GGAL
2006-01-04,7.239999771118164,7.28000020980835,7.079999923706055,7.099999904632568,5.788686752319336,814900,GGAL
2006-01-05,7.199999809265137,7.21999979019165,7.03000020980835,7.090000152587891,5.780533790588379,281100,GGAL
2006-01-06,7.090000152587891,7.130000114440918,6.96999979019165,7.050000190734863,5.747921466827393,517000,GGAL
2006-01-09,7.110000133514404,7.110000133514404,7.0,7.010000228881836,5.715309143066406,154300,GGAL
2006-01-10,7.019999980926514,7.03000020980835,6.889999866485596,6.909999847412109,5.633777618408203,61500,GGAL
2006-01-11,6.949999809265137,7.050000190734863,6.880000114440918,7.0,5.707156181335449,528200,GGAL
2006-01-12,7.019999980926514,7.179999828338623,6.920000076293945,6.989999771118164,5.699002265930176,261300,GGAL
2006-01-13,6.949999809265137,7.070000171661377,6.949999809265137,7.050000190734863,5.747921466827393,87300,GGAL
2006-01-17,7.059999942779541,7.090000152587891,6.909999847412109,7.010000228881836,5.715309143066406,161200,GGAL
2006-01-18,6.940000057220459,7.050000190734863,6.920000076293945,7.039999961853027,5.7397685050964355,208200,GGAL
2006-01-19,7.050000190734863,7.059999942779541,6.900000095367432,6.960000038146973,5.674543857574463,284200,GGAL
2006-01-20,6.909999847412109,7.050000190734863,6.909999847412109,7.010000228881836,5.715309143066406,302500,GGAL
2006-01-23,6.96999979019165,7.039999961853027,6.920000076293945,6.940000057220459,5.658237457275391,320500,GGAL
2006-01-24,6.909999847412109,7.039999961853027,6.869999885559082,6.920000076293945,5.641931533813477,94500,GGAL
2006-01-25,6.949999809265137,7.050000190734863,6.909999847412109,6.940000057220459,5.658237457275391,65200,GGAL
2006-01-26,6.96999979019165,7.010000228881836,6.940000057220459,6.980000019073486,5.690850257873535,38100,GGAL
2006-01-27,7.03000020980835,7.070000171661377,6.869999885559082,7.03000020980835,5.731616020202637,520300,GGAL
2006-01-30,7.079999923706055,7.079999923706055,6.909999847412109,7.039999961853027,5.7397685050964355,480200,GGAL
2006-01-31,7.130000114440918,7.389999866485596,7.059999942779541,7.269999980926514,5.9272894859313965,334100,GGAL
2006-02-01,7.119999885559082,7.349999904632568,7.119999885559082,7.190000057220459,5.862064361572266,171700,GGAL
2006-02-02,7.380000114440918,7.380000114440918,7.139999866485596,7.170000076293945,5.84575891494751,130400,GGAL
2006-02-03,7.03000020980835,7.289999961853027,7.03000020980835,7.139999866485596,5.821298599243164,97700,GGAL
2006-02-06,7.139999866485596,7.349999904632568,7.139999866485596,7.349999904632568,5.9925127029418945,110900,GGAL
2006-02-07,7.400000095367432,7.400000095367432,7.119999885559082,7.230000019073486,5.89467716217041,164700,GGAL
2006-02-08,7.300000190734863,7.400000095367432,7.110000133514404,7.269999980926514,5.9272894859313965,141300,GGAL
2006-02-09,7.239999771118164,7.289999961853027,6.949999809265137,7.239999771118164,5.902829647064209,183600,GGAL
2006-02-10,7.300000190734863,7.300000190734863,7.099999904632568,7.21999979019165,5.886523723602295,453900,GGAL
2006-02-13,7.010000228881836,7.210000038146973,7.010000228881836,7.090000152587891,5.780533790588379,190600,GGAL
2006-02-14,7.119999885559082,7.210000038146973,7.059999942779541,7.179999828338623,5.853911399841309,309300,GGAL
2006-02-15,7.199999809265137,7.440000057220459,7.170000076293945,7.440000057220459,6.065892696380615,464600,GGAL
2006-02-16,7.400000095367432,7.5,7.340000152587891,7.369999885559082,6.008819580078125,345300,GGAL
2006-02-17,7.400000095367432,7.440000057220459,7.329999923706055,7.400000095367432,6.033278942108154,178500,GGAL
2006-02-21,7.400000095367432,7.5,7.300000190734863,7.480000019073486,6.098504066467285,199600,GGAL
2006-02-22,7.429999828338623,7.480000019073486,7.389999866485596,7.449999809265137,6.074045181274414,65100,GGAL
2006-02-23,7.429999828338623,7.519999980926514,7.349999904632568,7.400000095367432,6.033278942108154,62800,GGAL
2006-02-24,7.369999885559082,7.449999809265137,7.329999923706055,7.429999828338623,6.057738780975342,99400,GGAL
2006-02-27,7.449999809265137,7.53000020980835,7.309999942779541,7.440000057220459,6.065892696380615,130100,GGAL
2006-02-28,7.489999771118164,7.489999771118164,7.21999979019165,7.300000190734863,5.951747894287109,245900,GGAL
2006-03-01,7.349999904632568,7.449999809265137,7.260000228881836,7.449999809265137,6.074045181274414,142400,GGAL
2006-03-02,7.400000095367432,7.519999980926514,7.349999904632568,7.519999980926514,6.131115913391113,205200,GGAL
2006-03-03,7.5,7.639999866485596,7.46999979019165,7.599999904632568,6.196340084075928,207600,GGAL
2006-03-06,7.590000152587891,7.789999961853027,7.590000152587891,7.710000038146973,6.286025524139404,361400,GGAL
2006-03-07,7.559999942779541,7.590000152587891,7.320000171661377,7.5,6.114810466766357,288000,GGAL
2006-03-08,7.340000152587891,7.460000038146973,7.260000228881836,7.369999885559082,6.008819580078125,711400,GGAL
2006-03-09,7.329999923706055,7.5,7.329999923706055,7.440000057220459,6.065892696380615,250900,GGAL
2006-03-10,7.489999771118164,7.489999771118164,7.309999942779541,7.369999885559082,6.008819580078125,403900,GGAL
2006-03-13,7.480000019073486,7.480000019073486,7.25,7.480000019073486,6.098504066467285,199000,GGAL
2006-03-14,7.360000133514404,7.460000038146973,7.300000190734863,7.460000038146973,6.082197666168213,133600,GGAL
2006-03-15,7.400000095367432,7.559999942779541,7.400000095367432,7.550000190734863,6.155575752258301,179500,GGAL
2006-03-16,7.559999942779541,7.769999980926514,7.489999771118164,7.75,6.318637371063232,523900,GGAL
2006-03-17,7.75,7.800000190734863,7.690000057220459,7.800000190734863,6.359401226043701,169000,GGAL
2006-03-20,7.730000019073486,7.869999885559082,7.730000019073486,7.840000152587891,6.392014503479004,303400,GGAL
2006-03-21,7.599999904632568,7.900000095367432,7.559999942779541,7.599999904632568,6.196340084075928,136200,GGAL
2006-03-22,7.519999980926514,7.659999847412109,7.429999828338623,7.639999866485596,6.228952884674072,82700,GGAL
2006-03-23,7.670000076293945,7.739999771118164,7.619999885559082,7.71999979019165,6.294178009033203,126800,GGAL
2006-03-24,7.519999980926514,7.840000152587891,7.519999980926514,7.690000057220459,6.269718647003174,49300,GGAL
2006-03-27,7.679999828338623,7.840000152587891,7.639999866485596,7.71999979019165,6.294178009033203,93400,GGAL
2006-03-28,7.849999904632568,7.849999904632568,7.409999847412109,7.610000133514404,6.204493999481201,64200,GGAL
2006-03-29,7.550000190734863,7.710000038146973,7.53000020980835,7.650000095367432,6.237105846405029,144200,GGAL
2006-03-30,7.730000019073486,7.789999961853027,7.630000114440918,7.769999980926514,6.3349432945251465,163800,GGAL
2006-03-31,7.75,7.75,7.570000171661377,7.710000038146973,6.286025524139404,137400,GGAL
2006-04-03,7.75,7.800000190734863,7.599999904632568,7.650000095367432,6.237105846405029,126700,GGAL
2006-04-04,7.760000228881836,7.760000228881836,7.579999923706055,7.650000095367432,6.237105846405029,103500,GGAL
2006-04-05,7.730000019073486,7.760000228881836,7.610000133514404,7.699999809265137,6.277872085571289,148000,GGAL
2006-04-06,7.670000076293945,7.690000057220459,7.579999923706055,7.690000057220459,6.269718647003174,99100,GGAL
2006-04-07,7.789999961853027,7.789999961853027,7.510000228881836,7.650000095367432,6.237105846405029,340500,GGAL
2006-04-10,7.590000152587891,7.630000114440918,7.449999809265137,7.480000019073486,6.098504066467285,141600,GGAL
2006-04-11,7.420000076293945,7.53000020980835,7.300000190734863,7.369999885559082,6.008819580078125,104300,GGAL
2006-04-12,7.420000076293945,7.539999961853027,7.369999885559082,7.400000095367432,6.033278942108154,187300,GGAL
2006-04-13,7.369999885559082,7.53000020980835,7.369999885559082,7.46999979019165,6.09035062789917,16300,GGAL
2006-04-17,7.550000190734863,7.550000190734863,7.380000114440918,7.440000057220459,6.065892696380615,33400,GGAL
2006-04-18,7.449999809265137,7.650000095367432,7.440000057220459,7.639999866485596,6.228952884674072,72100,GGAL
2006-04-19,7.53000020980835,7.650000095367432,7.519999980926514,7.559999942779541,6.163727760314941,32400,GGAL
2006-04-20,7.559999942779541,7.610000133514404,7.400000095367432,7.559999942779541,6.163727760314941,117600,GGAL
2006-04-21,7.579999923706055,7.619999885559082,7.489999771118164,7.550000190734863,6.155575752258301,169100,GGAL
2006-04-24,7.519999980926514,7.619999885559082,7.519999980926514,7.579999923706055,6.180034160614014,161600,GGAL
2006-04-25,7.420000076293945,7.570000171661377,7.400000095367432,7.570000171661377,6.171881198883057,172500,GGAL
2006-04-26,7.619999885559082,7.639999866485596,7.5,7.559999942779541,6.163727760314941,247200,GGAL
2006-04-27,7.489999771118164,7.570000171661377,7.340000152587891,7.400000095367432,6.033278942108154,170400,GGAL
2006-04-28,7.46999979019165,7.480000019073486,7.230000019073486,7.28000020980835,5.935441970825195,88500,GGAL
2006-05-01,7.349999904632568,7.489999771118164,7.320000171661377,7.349999904632568,5.9925127029418945,39700,GGAL
2006-05-02,7.440000057220459,7.590000152587891,7.099999904632568,7.25,5.910983085632324,331300,GGAL
2006-05-03,7.139999866485596,7.349999904632568,7.059999942779541,7.269999980926514,5.9272894859313965,175000,GGAL
2006-05-04,7.300000190734863,7.5,7.300000190734863,7.46999979019165,6.09035062789917,125300,GGAL
2006-05-05,7.489999771118164,7.570000171661377,7.429999828338623,7.550000190734863,6.155575752258301,125200,GGAL
2006-05-08,7.590000152587891,7.599999904632568,7.5,7.590000152587891,6.1881890296936035,160900,GGAL
2006-05-09,7.510000228881836,7.670000076293945,7.510000228881836,7.630000114440918,6.220799922943115,228200,GGAL
2006-05-10,7.630000114440918,7.630000114440918,7.550000190734863,7.599999904632568,6.196340084075928,159400,GGAL
2006-05-11,7.53000020980835,7.539999961853027,7.190000057220459,7.190000057220459,5.862064361572266,184000,GGAL
2006-05-12,7.179999828338623,7.179999828338623,6.800000190734863,6.800000190734863,5.544094562530518,340700,GGAL
2006-05-15,6.800000190734863,6.860000133514404,6.590000152587891,6.809999942779541,5.552247524261475,378500,GGAL
2006-05-16,6.880000114440918,6.900000095367432,6.659999847412109,6.800000190734863,5.544094562530518,279500,GGAL
2006-05-17,6.800000190734863,6.840000152587891,6.639999866485596,6.639999866485596,5.413644313812256,474600,GGAL
2006-05-18,6.610000133514404,6.71999979019165,6.5,6.650000095367432,5.4217987060546875,143400,GGAL
2006-05-19,6.699999809265137,6.730000019073486,6.480000019073486,6.489999771118164,5.291348934173584,199300,GGAL
2006-05-22,6.480000019073486,6.510000228881836,5.730000019073486,6.150000095367432,5.0141448974609375,571500,GGAL
2006-05-23,6.099999904632568,6.550000190734863,6.099999904632568,6.21999979019165,5.071215629577637,574700,GGAL
2006-05-24,6.230000019073486,6.260000228881836,5.75,6.0,4.891848087310791,326600,GGAL
2006-05-25,6.170000076293945,6.25,5.909999847412109,6.199999809265137,5.054909706115723,78800,GGAL
2006-05-26,6.159999847412109,6.409999847412109,6.050000190734863,6.400000095367432,5.217971324920654,235900,GGAL
2006-05-30,6.449999809265137,6.449999809265137,6.050000190734863,6.170000076293945,5.03045129776001,104800,GGAL
2006-05-31,6.03000020980835,6.610000133514404,6.03000020980835,6.5,5.299501895904541,951200,GGAL
2006-06-01,6.449999809265137,6.5,6.190000057220459,6.449999809265137,5.258736610412598,184700,GGAL
2006-06-02,6.5,6.550000190734863,6.409999847412109,6.519999980926514,5.3158087730407715,145100,GGAL
2006-06-05,6.409999847412109,6.489999771118164,6.28000020980835,6.28000020980835,5.120133876800537,61800,GGAL
2006-06-06,6.050000190734863,6.389999866485596,6.050000190734863,6.380000114440918,5.201664924621582,303100,GGAL
2006-06-07,6.440000057220459,6.559999942779541,6.199999809265137,6.400000095367432,5.217971324920654,243200,GGAL
2006-06-08,6.349999904632568,6.349999904632568,6.099999904632568,6.309999942779541,5.144594192504883,158900,GGAL
2006-06-09,6.210000038146973,6.389999866485596,6.050000190734863,6.300000190734863,5.136440277099609,89300,GGAL
2006-06-12,6.269999980926514,6.289999961853027,6.03000020980835,6.050000190734863,4.932613372802734,87700,GGAL
2006-06-13,6.119999885559082,6.190000057220459,5.699999809265137,5.710000038146973,4.655409336090088,172500,GGAL
2006-06-14,6.0,6.0,5.599999904632568,5.699999809265137,4.647255897521973,136800,GGAL
2006-06-15,5.789999961853027,6.079999923706055,5.630000114440918,6.079999923706055,4.957072734832764,99900,GGAL
2006-06-16,6.150000095367432,6.199999809265137,5.840000152587891,6.050000190734863,4.932613372802734,171100,GGAL
2006-06-19,6.150000095367432,6.150000095367432,5.800000190734863,5.869999885559082,4.785857677459717,50800,GGAL
2006-06-20,5.889999866485596,5.949999809265137,5.800000190734863,5.800000190734863,4.728786945343018,100800,GGAL
2006-06-21,5.869999885559082,5.989999771118164,5.809999942779541,5.900000095367432,4.810316562652588,58000,GGAL
2006-06-22,5.869999885559082,5.960000038146973,5.800000190734863,5.860000133514404,4.77770471572876,32900,GGAL
2006-06-23,5.739999771118164,5.980000019073486,5.690000057220459,5.739999771118164,4.679868698120117,135700,GGAL
2006-06-26,5.739999771118164,5.929999828338623,5.739999771118164,5.909999847412109,4.818470478057861,40700,GGAL
2006-06-27,5.880000114440918,5.949999809265137,5.650000095367432,5.730000019073486,4.671714782714844,52200,GGAL
2006-06-28,5.860000133514404,5.980000019073486,5.75,5.900000095367432,4.810316562652588,64500,GGAL
2006-06-29,5.900000095367432,6.230000019073486,5.699999809265137,6.190000057220459,5.046756267547607,187500,GGAL
2006-06-30,6.21999979019165,6.329999923706055,6.179999828338623,6.25,5.095675468444824,138500,GGAL
2006-07-03,6.150000095367432,6.380000114440918,6.110000133514404,6.159999847412109,5.022298336029053,90200,GGAL
2006-07-05,6.21999979019165,6.21999979019165,5.940000057220459,6.090000152587891,4.965225696563721,97100,GGAL
2006-07-06,6.190000057220459,6.239999771118164,6.090000152587891,6.179999828338623,5.038602828979492,201200,GGAL
2006-07-07,6.230000019073486,6.230000019073486,6.099999904632568,6.199999809265137,5.054909706115723,276800,GGAL
2006-07-10,6.269999980926514,6.269999980926514,6.010000228881836,6.050000190734863,4.932613372802734,108700,GGAL
2006-07-11,6.0,6.099999904632568,5.909999847412109,6.039999961853027,4.924459934234619,58100,GGAL
2006-07-12,6.090000152587891,6.289999961853027,6.0,6.039999961853027,4.924459934234619,79800,GGAL
2006-07-13,6.050000190734863,6.070000171661377,5.800000190734863,5.820000171661377,4.745092868804932,97400,GGAL
2006-07-14,5.900000095367432,5.909999847412109,5.710000038146973,5.869999885559082,4.785857677459717,79000,GGAL
2006-07-17,5.760000228881836,5.78000020980835,5.630000114440918,5.679999828338623,4.630948543548584,100800,GGAL
2006-07-18,5.599999904632568,5.860000133514404,5.510000228881836,5.769999980926514,4.704326629638672,162300,GGAL
2006-07-19,5.96999979019165,6.050000190734863,5.840000152587891,5.980000019073486,4.875541687011719,148600,GGAL
2006-07-20,5.849999904632568,5.940000057220459,5.769999980926514,5.840000152587891,4.761398792266846,88000,GGAL
2006-07-21,5.710000038146973,5.800000190734863,5.559999942779541,5.610000133514404,4.573878765106201,86000,GGAL
2006-07-24,5.630000114440918,5.929999828338623,5.630000114440918,5.789999961853027,4.720633029937744,62000,GGAL
2006-07-25,5.829999923706055,5.96999979019165,5.71999979019165,5.949999809265137,4.851082801818848,97000,GGAL
2006-07-26,6.010000228881836,6.010000228881836,5.820000171661377,5.96999979019165,4.867387771606445,84100,GGAL
2006-07-27,5.920000076293945,5.980000019073486,5.849999904632568,5.860000133514404,4.77770471572876,156800,GGAL
2006-07-28,5.940000057220459,5.940000057220459,5.789999961853027,5.829999923706055,4.753244876861572,37700,GGAL
2006-07-31,5.829999923706055,5.829999923706055,5.619999885559082,5.800000190734863,4.728786945343018,58300,GGAL
2006-08-01,5.75,5.75,5.599999904632568,5.679999828338623,4.630948543548584,130700,GGAL
2006-08-02,5.639999866485596,5.920000076293945,5.639999866485596,5.829999923706055,4.753244876861572,155400,GGAL
2006-08-03,5.730000019073486,5.849999904632568,5.690000057220459,5.71999979019165,4.66356086730957,25000,GGAL
2006-08-04,5.940000057220459,6.050000190734863,5.710000038146973,5.769999980926514,4.704326629638672,116100,GGAL
2006-08-07,5.820000171661377,6.090000152587891,5.650000095367432,5.769999980926514,4.704326629638672,90000,GGAL
2006-08-08,5.760000228881836,5.929999828338623,5.71999979019165,5.880000114440918,4.794010639190674,116800,GGAL
2006-08-09,5.880000114440918,5.940000057220459,5.71999979019165,5.849999904632568,4.769552230834961,96900,GGAL
2006-08-10,5.829999923706055,5.829999923706055,5.670000076293945,5.820000171661377,4.745092868804932,108500,GGAL
2006-08-11,5.789999961853027,5.789999961853027,5.650000095367432,5.670000076293945,4.622796058654785,16600,GGAL
2006-08-14,5.730000019073486,5.800000190734863,5.599999904632568,5.679999828338623,4.630948543548584,16200,GGAL
2006-08-15,5.690000057220459,5.900000095367432,5.690000057220459,5.880000114440918,4.794010639190674,64100,GGAL
2006-08-16,5.880000114440918,5.920000076293945,5.610000133514404,5.690000057220459,4.639102458953857,547500,GGAL
2006-08-17,5.75,5.880000114440918,5.699999809265137,5.869999885559082,4.785857677459717,111100,GGAL
2006-08-18,5.800000190734863,6.0,5.78000020980835,6.0,4.891848087310791,232200,GGAL
2006-08-21,6.0,6.199999809265137,5.949999809265137,6.170000076293945,5.03045129776001,87000,GGAL
2006-08-22,6.03000020980835,6.199999809265137,6.019999980926514,6.099999904632568,4.973379135131836,162300,GGAL
2006-08-23,6.210000038146973,6.210000038146973,6.059999942779541,6.139999866485596,5.005990982055664,187400,GGAL
2006-08-24,6.119999885559082,6.269999980926514,6.119999885559082,6.199999809265137,5.054909706115723,372400,GGAL
2006-08-25,6.21999979019165,6.25,6.150000095367432,6.199999809265137,5.054909706115723,262400,GGAL
2006-08-28,6.130000114440918,6.260000228881836,6.099999904632568,6.190000057220459,5.046756267547607,74100,GGAL
2006-08-29,6.150000095367432,6.170000076293945,6.0,6.090000152587891,4.965225696563721,86700,GGAL
2006-08-30,6.110000133514404,6.150000095367432,6.050000190734863,6.099999904632568,4.973379135131836,61300,GGAL
2006-08-31,6.170000076293945,6.170000076293945,6.010000228881836,6.03000020980835,4.916306495666504,62300,GGAL
2006-09-01,6.099999904632568,6.110000133514404,6.059999942779541,6.099999904632568,4.973379135131836,13800,GGAL
2006-09-05,6.0,6.179999828338623,6.0,6.110000133514404,4.981532573699951,78300,GGAL
2006-09-06,6.059999942779541,6.130000114440918,6.019999980926514,6.110000133514404,4.981532573699951,29600,GGAL
2006-09-07,6.130000114440918,6.170000076293945,6.010000228881836,6.150000095367432,5.0141448974609375,178600,GGAL
2006-09-08,6.050000190734863,6.320000171661377,6.050000190734863,6.199999809265137,5.054909706115723,271600,GGAL
2006-09-11,6.199999809265137,6.199999809265137,6.050000190734863,6.179999828338623,5.038602828979492,95700,GGAL
2006-09-12,6.21999979019165,6.289999961853027,6.150000095367432,6.25,5.095675468444824,112200,GGAL
2006-09-13,6.28000020980835,6.5,6.269999980926514,6.400000095367432,5.217971324920654,130800,GGAL
2006-09-14,6.400000095367432,6.559999942779541,6.400000095367432,6.550000190734863,5.340267181396484,101600,GGAL
2006-09-15,6.550000190734863,6.760000228881836,6.519999980926514,6.630000114440918,5.405492782592773,549400,GGAL
2006-09-18,6.730000019073486,6.809999942779541,6.670000076293945,6.75,5.503329753875732,271600,GGAL
2006-09-19,6.710000038146973,6.820000171661377,6.579999923706055,6.760000228881836,5.511483192443848,49200,GGAL
2006-09-20,6.769999980926514,6.889999866485596,6.659999847412109,6.829999923706055,5.568553924560547,30800,GGAL
2006-09-21,6.75,6.789999961853027,6.570000171661377,6.619999885559082,5.3973388671875,30700,GGAL
2006-09-22,6.679999828338623,6.710000038146973,6.440000057220459,6.5,5.299501895904541,40000,GGAL
2006-09-25,6.519999980926514,6.570000171661377,6.400000095367432,6.46999979019165,5.275042533874512,74500,GGAL
2006-09-26,6.449999809265137,6.800000190734863,6.449999809265137,6.78000020980835,5.527787685394287,65800,GGAL
2006-09-27,6.78000020980835,6.820000171661377,6.659999847412109,6.730000019073486,5.487022876739502,45100,GGAL
2006-09-28,6.619999885559082,6.789999961853027,6.619999885559082,6.710000038146973,5.47071647644043,40300,GGAL
2006-09-29,6.769999980926514,6.860000133514404,6.519999980926514,6.539999961853027,5.332113742828369,103000,GGAL
2006-10-02,6.599999904632568,6.869999885559082,6.489999771118164,6.599999904632568,5.381032466888428,55600,GGAL
2006-10-03,6.650000095367432,6.840000152587891,6.570000171661377,6.659999847412109,5.429951190948486,244300,GGAL
2006-10-04,6.71999979019165,6.889999866485596,6.570000171661377,6.800000190734863,5.544094562530518,257800,GGAL
2006-10-05,6.860000133514404,6.880000114440918,6.650000095367432,6.789999961853027,5.5359416007995605,190800,GGAL
2006-10-06,6.809999942779541,6.880000114440918,6.699999809265137,6.880000114440918,5.609318256378174,267300,GGAL
2006-10-09,6.900000095367432,7.0,6.789999961853027,7.0,5.707156181335449,143100,GGAL
2006-10-10,7.090000152587891,7.090000152587891,6.940000057220459,7.0,5.707156181335449,354000,GGAL
2006-10-11,6.929999828338623,6.989999771118164,6.809999942779541,6.900000095367432,5.625624656677246,21400,GGAL
2006-10-12,7.090000152587891,7.090000152587891,6.829999923706055,6.96999979019165,5.682696342468262,37800,GGAL
2006-10-13,6.880000114440918,7.090000152587891,6.809999942779541,6.96999979019165,5.682696342468262,86700,GGAL
2006-10-16,7.099999904632568,7.099999904632568,6.75,6.989999771118164,5.699002265930176,36900,GGAL
2006-10-17,6.909999847412109,7.059999942779541,6.860000133514404,7.019999980926514,5.723462104797363,214900,GGAL
2006-10-18,7.099999904632568,7.099999904632568,6.889999866485596,6.980000019073486,5.690850257873535,254300,GGAL
2006-10-19,7.0,7.03000020980835,6.869999885559082,6.929999828338623,5.650083541870117,463600,GGAL
2006-10-20,6.900000095367432,7.059999942779541,6.900000095367432,7.059999942779541,5.75607442855835,215900,GGAL
2006-10-23,7.099999904632568,7.28000020980835,6.869999885559082,7.230000019073486,5.89467716217041,89500,GGAL
2006-10-24,7.159999847412109,7.400000095367432,7.139999866485596,7.360000133514404,6.00066614151001,212600,GGAL
2006-10-25,7.409999847412109,7.619999885559082,7.239999771118164,7.610000133514404,6.204493999481201,647500,GGAL
2006-10-26,7.480000019073486,7.900000095367432,7.480000019073486,7.900000095367432,6.440932750701904,584200,GGAL
2006-10-27,7.929999828338623,8.100000381469727,7.769999980926514,7.78000020980835,6.343095779418945,305900,GGAL
2006-10-30,7.800000190734863,7.900000095367432,7.650000095367432,7.710000038146973,6.286025524139404,85900,GGAL
2006-10-31,7.849999904632568,7.900000095367432,7.679999828338623,7.800000190734863,6.359401226043701,183400,GGAL
2006-11-01,7.78000020980835,7.960000038146973,7.78000020980835,7.840000152587891,6.392014503479004,172700,GGAL
2006-11-02,7.889999866485596,7.889999866485596,7.789999961853027,7.840000152587891,6.392014503479004,244300,GGAL
2006-11-03,7.730000019073486,7.989999771118164,7.730000019073486,7.900000095367432,6.440932750701904,409200,GGAL
2006-11-06,7.989999771118164,8.020000457763672,7.510000228881836,7.889999866485596,6.4327802658081055,265800,GGAL
2006-11-07,7.960000038146973,7.989999771118164,7.75,7.849999904632568,6.4001665115356445,294200,GGAL
2006-11-08,7.869999885559082,7.900000095367432,7.800000190734863,7.829999923706055,6.383861064910889,297000,GGAL
2006-11-09,7.840000152587891,8.0,7.840000152587891,7.920000076293945,6.457240104675293,531300,GGAL
2006-11-10,7.900000095367432,7.920000076293945,7.630000114440918,7.710000038146973,6.286025524139404,331800,GGAL
2006-11-13,7.670000076293945,7.800000190734863,7.670000076293945,7.730000019073486,6.30233097076416,33000,GGAL
2006-11-14,7.769999980926514,7.849999904632568,7.699999809265137,7.829999923706055,6.383861064910889,540900,GGAL
2006-11-15,7.769999980926514,7.949999809265137,7.769999980926514,7.940000057220459,6.473545074462891,314700,GGAL
2006-11-16,7.960000038146973,7.960000038146973,7.849999904632568,7.900000095367432,6.440932750701904,277900,GGAL
2006-11-17,7.929999828338623,7.929999828338623,7.809999942779541,7.840000152587891,6.392014503479004,179400,GGAL
2006-11-20,7.789999961853027,7.840000152587891,7.769999980926514,7.800000190734863,6.359401226043701,142600,GGAL
2006-11-21,7.849999904632568,7.849999904632568,7.699999809265137,7.769999980926514,6.3349432945251465,197100,GGAL
2006-11-22,7.730000019073486,7.820000171661377,7.710000038146973,7.820000171661377,6.37570858001709,104400,GGAL
2006-11-24,7.730000019073486,7.78000020980835,7.71999979019165,7.78000020980835,6.343095779418945,8200,GGAL
2006-11-27,7.800000190734863,7.829999923706055,7.559999942779541,7.670000076293945,6.25341272354126,249100,GGAL
2006-11-28,7.53000020980835,7.690000057220459,7.5,7.659999847412109,6.2452592849731445,61700,GGAL
2006-11-29,7.699999809265137,7.900000095367432,7.619999885559082,7.869999885559082,6.416473865509033,124000,GGAL
2006-11-30,8.0,8.069999694824219,7.909999847412109,7.940000057220459,6.473545074462891,312300,GGAL
2006-12-01,7.960000038146973,7.96999979019165,7.820000171661377,7.889999866485596,6.4327802658081055,248600,GGAL
2006-12-04,7.940000057220459,8.029999732971191,7.909999847412109,7.989999771118164,6.514310359954834,326300,GGAL
2006-12-05,8.020000457763672,8.449999809265137,7.980000019073486,8.449999809265137,6.889351844787598,654800,GGAL
2006-12-06,8.399999618530273,8.630000114440918,8.380000114440918,8.569999694824219,6.987189769744873,466600,GGAL
2006-12-07,8.5600004196167,8.609999656677246,8.5,8.539999961853027,6.962730884552002,92000,GGAL
2006-12-08,8.600000381469727,8.619999885559082,8.460000038146973,8.609999656677246,7.019802093505859,37200,GGAL
2006-12-11,8.529999732971191,8.5600004196167,8.430000305175781,8.449999809265137,6.889351844787598,86900,GGAL
2006-12-12,8.5,8.710000038146973,8.430000305175781,8.520000457763672,6.94642448425293,87200,GGAL
2006-12-13,8.449999809265137,8.710000038146973,8.449999809265137,8.59000015258789,7.003495693206787,190200,GGAL
2006-12-14,8.789999961853027,8.789999961853027,8.539999961853027,8.579999923706055,6.995343208312988,87700,GGAL
2006-12-15,8.510000228881836,8.789999961853027,8.510000228881836,8.710000038146973,7.101332187652588,132300,GGAL
2006-12-18,8.949999809265137,8.989999771118164,8.789999961853027,8.930000305175781,7.28070068359375,200500,GGAL
2006-12-19,8.960000038146973,9.149999618530273,8.8100004196167,8.989999771118164,7.32961893081665,191500,GGAL
2006-12-20,9.149999618530273,9.180000305175781,8.949999809265137,8.949999809265137,7.297008514404297,180700,GGAL
2006-12-21,9.039999961853027,9.039999961853027,8.210000038146973,8.989999771118164,7.32961893081665,210500,GGAL
2006-12-22,8.970000267028809,9.069999694824219,8.84000015258789,8.960000038146973,7.305160999298096,48800,GGAL
2006-12-26,9.020000457763672,9.180000305175781,9.020000457763672,9.170000076293945,7.47637414932251,89200,GGAL
2006-12-27,9.180000305175781,9.569999694824219,9.180000305175781,9.289999961853027,7.5742106437683105,277500,GGAL
2006-12-28,9.109999656677246,9.449999809265137,9.039999961853027,9.420000076293945,7.680202960968018,174700,GGAL
2006-12-29,9.279999732971191,9.609999656677246,9.279999732971191,9.5600004196167,7.794344902038574,152600,GGAL
2007-01-03,9.739999771118164,9.819999694824219,9.510000228881836,9.680000305175781,7.892181873321533,420200,GGAL
2007-01-04,9.59000015258789,9.59000015258789,9.100000381469727,9.460000038146973,7.712815284729004,340900,GGAL
2007-01-05,9.380000114440918,9.4399995803833,9.140000343322754,9.25,7.541598796844482,166800,GGAL
2007-01-08,9.149999618530273,9.279999732971191,9.09000015258789,9.1899995803833,7.492679119110107,80300,GGAL
2007-01-09,9.0600004196167,9.25,8.670000076293945,8.6899995803833,7.08502721786499,335100,GGAL
2007-01-10,8.699999809265137,9.270000457763672,8.619999885559082,9.119999885559082,7.435609817504883,212600,GGAL
2007-01-11,9.149999618530273,9.4399995803833,8.930000305175781,9.199999809265137,7.500832557678223,382200,GGAL
2007-01-12,9.119999885559082,9.470000267028809,9.119999885559082,9.4399995803833,7.696507453918457,129900,GGAL
2007-01-16,9.430000305175781,9.600000381469727,9.109999656677246,9.579999923706055,7.810649871826172,115600,GGAL
2007-01-17,9.579999923706055,9.75,9.520000457763672,9.739999771118164,7.941099643707275,167800,GGAL
2007-01-18,9.75,9.800000190734863,9.369999885559082,9.390000343322754,7.655743598937988,134800,GGAL
2007-01-19,9.300000190734863,9.489999771118164,9.300000190734863,9.470000267028809,7.7209672927856445,65400,GGAL
2007-01-22,9.550000190734863,9.550000190734863,9.300000190734863,9.350000381469727,7.623129367828369,67300,GGAL
2007-01-23,9.399999618530273,9.4399995803833,9.170000076293945,9.34000015258789,7.614976406097412,60700,GGAL
2007-01-24,9.449999809265137,9.489999771118164,9.300000190734863,9.34000015258789,7.614976406097412,168600,GGAL
2007-01-25,9.430000305175781,9.430000305175781,9.109999656677246,9.109999656677246,7.42745304107666,75500,GGAL
2007-01-26,9.199999809265137,9.199999809265137,8.819999694824219,9.0600004196167,7.386690616607666,150700,GGAL
2007-01-29,9.029999732971191,9.069999694824219,8.850000381469727,9.069999694824219,7.394842624664307,111800,GGAL
2007-01-30,9.0,9.069999694824219,8.739999771118164,9.069999694824219,7.394842624664307,173000,GGAL
2007-01-31,8.979999542236328,9.020000457763672,8.829999923706055,8.949999809265137,7.297008514404297,162500,GGAL
2007-02-01,9.0,9.300000190734863,9.0,9.180000305175781,7.484527587890625,92200,GGAL
2007-02-02,9.270000457763672,9.319999694824219,9.140000343322754,9.300000190734863,7.582363605499268,39600,GGAL
2007-02-05,9.420000076293945,9.449999809265137,9.0600004196167,9.09000015258789,7.411149501800537,66800,GGAL
2007-02-06,9.109999656677246,9.369999885559082,9.09000015258789,9.3100004196167,7.590517044067383,270700,GGAL
2007-02-07,9.34000015258789,9.529999732971191,9.170000076293945,9.220000267028809,7.5171403884887695,376400,GGAL
2007-02-08,9.460000038146973,9.479999542236328,9.229999542236328,9.449999809265137,7.7046613693237305,198300,GGAL
2007-02-09,9.380000114440918,9.649999618530273,9.380000114440918,9.5,7.745427131652832,301200,GGAL
2007-02-12,9.40999984741211,9.539999961853027,9.25,9.25,7.541598796844482,187500,GGAL
2007-02-13,9.390000343322754,9.5,9.350000381469727,9.399999618530273,7.663895130157471,49800,GGAL
2007-02-14,9.479999542236328,9.779999732971191,9.460000038146973,9.710000038146973,7.916641712188721,237000,GGAL
2007-02-15,9.779999732971191,9.960000038146973,9.619999885559082,9.9399995803833,8.104161262512207,395200,GGAL
2007-02-16,10.0,10.649999618530273,9.970000267028809,10.619999885559082,8.658570289611816,616500,GGAL
2007-02-20,10.800000190734863,11.170000076293945,10.800000190734863,11.119999885559082,9.0662260055542,417600,GGAL
2007-02-21,11.09000015258789,11.09000015258789,10.75,11.0,8.968390464782715,393600,GGAL
2007-02-22,11.0,11.100000381469727,10.869999885559082,10.899999618530273,8.886857986450195,169000,GGAL
2007-02-23,10.979999542236328,10.979999542236328,10.710000038146973,10.890000343322754,8.878705024719238,330200,GGAL
2007-02-26,11.140000343322754,11.140000343322754,10.90999984741211,11.050000190734863,9.009154319763184,169000,GGAL
2007-02-27,10.850000381469727,10.850000381469727,9.720000267028809,10.050000190734863,8.193843841552734,358900,GGAL
2007-02-28,10.039999961853027,10.25,9.760000228881836,10.0,8.15307903289795,475600,GGAL
2007-03-01,9.760000228881836,10.079999923706055,9.34000015258789,9.899999618530273,8.071549415588379,374900,GGAL
2007-03-02,9.609999656677246,10.0,9.609999656677246,9.6899995803833,7.900333881378174,132200,GGAL
2007-03-05,9.380000114440918,9.619999885559082,9.210000038146973,9.220000267028809,7.5171403884887695,474200,GGAL
2007-03-06,9.420000076293945,9.6899995803833,9.420000076293945,9.649999618530273,7.867721080780029,224800,GGAL
2007-03-07,9.640000343322754,9.649999618530273,9.40999984741211,9.5,7.745427131652832,176800,GGAL
2007-03-08,9.729999542236328,9.90999984741211,9.569999694824219,9.729999542236328,7.932946681976318,414600,GGAL
2007-03-09,10.130000114440918,10.140000343322754,9.75,9.789999961853027,7.9818644523620605,242200,GGAL
2007-03-12,9.850000381469727,9.989999771118164,9.739999771118164,9.979999542236328,8.136772155761719,166400,GGAL
2007-03-13,9.989999771118164,9.989999771118164,9.5,9.5600004196167,7.794344902038574,193300,GGAL
2007-03-14,9.579999923706055,9.65999984741211,9.289999961853027,9.5,7.745427131652832,364500,GGAL
2007-03-15,9.569999694824219,9.760000228881836,9.40999984741211,9.550000190734863,7.786190986633301,386500,GGAL
2007-03-16,9.640000343322754,9.869999885559082,9.390000343322754,9.510000228881836,7.753580093383789,78000,GGAL
2007-03-19,9.449999809265137,9.609999656677246,9.430000305175781,9.59000015258789,7.818802833557129,315300,GGAL
2007-03-20,9.6899995803833,9.850000381469727,9.569999694824219,9.75,7.949252605438232,215500,GGAL
2007-03-21,9.779999732971191,10.199999809265137,9.699999809265137,9.979999542236328,8.136772155761719,984700,GGAL
2007-03-22,10.0,10.329999923706055,9.90999984741211,9.970000267028809,8.128623008728027,324900,GGAL
2007-03-23,10.170000076293945,10.4399995803833,10.0600004196167,10.329999923706055,8.422131538391113,992900,GGAL
2007-03-26,10.229999542236328,10.5,10.199999809265137,10.350000381469727,8.438437461853027,884900,GGAL
2007-03-27,10.510000228881836,10.510000228881836,10.119999885559082,10.289999961853027,8.389519691467285,136700,GGAL
2007-03-28,10.329999923706055,10.449999809265137,10.140000343322754,10.170000076293945,8.291683197021484,127600,GGAL
2007-03-29,10.170000076293945,10.319999694824219,10.149999618530273,10.239999771118164,8.348752975463867,411200,GGAL
2007-03-30,10.170000076293945,10.449999809265137,10.109999656677246,10.420000076293945,8.495509147644043,1341400,GGAL
2007-04-02,10.380000114440918,10.539999961853027,10.350000381469727,10.510000228881836,8.568887710571289,257400,GGAL
2007-04-03,10.5,10.789999961853027,10.5,10.699999809265137,8.723795890808105,273000,GGAL
2007-04-04,10.609999656677246,10.75,10.569999694824219,10.710000038146973,8.731950759887695,132700,GGAL
2007-04-05,10.630000114440918,10.729999542236328,10.630000114440918,10.710000038146973,8.731950759887695,66700,GGAL
2007-04-09,10.710000038146973,10.90999984741211,10.649999618530273,10.680000305175781,8.707489967346191,190900,GGAL
2007-04-10,10.779999732971191,10.779999732971191,10.609999656677246,10.699999809265137,8.723795890808105,330300,GGAL
2007-04-11,10.619999885559082,10.819999694824219,10.460000038146973,10.5,8.560734748840332,312400,GGAL
2007-04-12,10.539999961853027,10.729999542236328,10.34000015258789,10.609999656677246,8.650418281555176,286400,GGAL
2007-04-13,10.550000190734863,10.850000381469727,9.920000076293945,10.630000114440918,8.66672420501709,280400,GGAL
2007-04-16,10.75,10.949999809265137,10.710000038146973,10.859999656677246,8.854244232177734,284800,GGAL
2007-04-17,10.829999923706055,10.899999618530273,10.609999656677246,10.649999618530273,8.683029174804688,251400,GGAL
2007-04-18,10.680000305175781,10.819999694824219,10.680000305175781,10.779999732971191,8.789019584655762,193400,GGAL
2007-04-19,10.729999542236328,10.75,10.5,10.65999984741211,8.691183090209961,346500,GGAL
2007-04-20,10.800000190734863,11.020000457763672,10.729999542236328,11.0,8.968390464782715,446600,GGAL
2007-04-23,11.029999732971191,11.100000381469727,10.90999984741211,10.949999809265137,8.927621841430664,107600,GGAL
2007-04-24,10.829999923706055,10.930000305175781,10.630000114440918,10.710000038146973,8.731950759887695,421700,GGAL
2007-04-25,10.779999732971191,10.930000305175781,10.640000343322754,10.710000038146973,8.731950759887695,225100,GGAL
2007-04-26,10.720000267028809,10.800000190734863,10.680000305175781,10.75,8.76456069946289,265600,GGAL
2007-04-27,10.829999923706055,10.880000114440918,10.460000038146973,10.640000343322754,8.67487621307373,254100,GGAL
2007-04-30,10.829999923706055,10.829999923706055,10.300000190734863,10.420000076293945,8.495509147644043,111800,GGAL
2007-05-01,10.380000114440918,10.430000305175781,10.220000267028809,10.359999656677246,8.4465913772583,60200,GGAL
2007-05-02,10.210000038146973,10.609999656677246,10.210000038146973,10.5,8.560734748840332,113300,GGAL
2007-05-03,10.630000114440918,10.670000076293945,10.319999694824219,10.399999618530273,8.479204177856445,224200,GGAL
2007-05-04,10.5,10.630000114440918,10.329999923706055,10.369999885559082,8.454743385314941,115100,GGAL
2007-05-07,10.300000190734863,10.470000267028809,10.199999809265137,10.350000381469727,8.438437461853027,164500,GGAL
2007-05-08,10.369999885559082,10.369999885559082,10.0600004196167,10.270000457763672,8.373215675354004,168000,GGAL
2007-05-09,10.130000114440918,10.369999885559082,10.130000114440918,10.359999656677246,8.4465913772583,206500,GGAL
2007-05-10,10.15999984741211,10.25,9.710000038146973,9.930000305175781,8.096010208129883,685700,GGAL
2007-05-11,10.130000114440918,10.140000343322754,9.800000190734863,9.890000343322754,8.063398361206055,553500,GGAL
2007-05-14,10.0,10.1899995803833,9.920000076293945,10.0,8.15307903289795,280600,GGAL
2007-05-15,9.920000076293945,10.279999732971191,9.920000076293945,10.119999885559082,8.250916481018066,369700,GGAL
2007-05-16,10.289999961853027,10.670000076293945,10.149999618530273,10.609999656677246,8.650418281555176,398700,GGAL
2007-05-17,10.619999885559082,10.680000305175781,10.479999542236328,10.609999656677246,8.650418281555176,593800,GGAL
2007-05-18,10.699999809265137,10.789999961853027,10.630000114440918,10.789999961853027,8.797173500061035,519600,GGAL
2007-05-21,10.720000267028809,10.850000381469727,10.220000267028809,10.649999618530273,8.683029174804688,200800,GGAL
2007-05-22,10.75,10.850000381469727,10.59000015258789,10.649999618530273,8.683029174804688,233700,GGAL
2007-05-23,10.739999771118164,10.760000228881836,10.470000267028809,10.470000267028809,8.536273956298828,246800,GGAL
2007-05-24,10.460000038146973,10.5600004196167,10.25,10.380000114440918,8.462898254394531,77400,GGAL
2007-05-25,10.329999923706055,10.510000228881836,10.260000228881836,10.260000228881836,8.365062713623047,55200,GGAL
2007-05-29,10.380000114440918,10.539999961853027,10.300000190734863,10.399999618530273,8.479204177856445,488200,GGAL
2007-05-30,10.319999694824219,10.710000038146973,10.319999694824219,10.600000381469727,8.642263412475586,126400,GGAL
2007-05-31,10.800000190734863,10.800000190734863,10.5,10.720000267028809,8.74010181427002,135100,GGAL
2007-06-01,10.800000190734863,10.899999618530273,10.699999809265137,10.829999923706055,8.829787254333496,126400,GGAL
2007-06-04,10.890000343322754,10.890000343322754,10.449999809265137,10.579999923706055,8.625957489013672,202700,GGAL
2007-06-05,10.649999618530273,10.760000228881836,10.40999984741211,10.510000228881836,8.568887710571289,121000,GGAL
2007-06-06,10.5,10.5,10.180000305175781,10.3100004196167,8.4058256149292,232000,GGAL
2007-06-07,10.380000114440918,10.550000190734863,9.970000267028809,10.020000457763672,8.169384002685547,402000,GGAL
2007-06-08,10.100000381469727,10.15999984741211,9.960000038146973,10.0,8.15307903289795,174900,GGAL
2007-06-11,10.0,10.140000343322754,9.899999618530273,9.920000076293945,8.087855339050293,206600,GGAL
2007-06-12,9.949999809265137,10.050000190734863,9.770000457763672,9.859999656677246,8.038938522338867,298300,GGAL
2007-06-13,9.850000381469727,10.199999809265137,9.8100004196167,10.0600004196167,8.201998710632324,198800,GGAL
2007-06-14,10.140000343322754,10.220000267028809,10.0,10.170000076293945,8.291683197021484,161000,GGAL
2007-06-15,10.239999771118164,10.399999618530273,10.220000267028809,10.350000381469727,8.438437461853027,318000,GGAL
2007-06-18,10.449999809265137,10.529999732971191,10.329999923706055,10.34000015258789,8.430283546447754,54500,GGAL
2007-06-19,10.329999923706055,10.539999961853027,10.149999618530273,10.279999732971191,8.381367683410645,104900,GGAL
2007-06-20,10.380000114440918,10.380000114440918,10.069999694824219,10.079999923706055,8.218302726745605,86200,GGAL
2007-06-21,10.140000343322754,10.140000343322754,9.949999809265137,10.079999923706055,8.218302726745605,325300,GGAL
2007-06-22,10.130000114440918,10.1899995803833,9.890000343322754,9.930000305175781,8.096010208129883,100300,GGAL
2007-06-25,9.920000076293945,10.0600004196167,9.770000457763672,9.789999961853027,7.9818644523620605,100500,GGAL
2007-06-26,9.9399995803833,9.949999809265137,9.729999542236328,9.75,7.949252605438232,83300,GGAL
2007-06-27,9.760000228881836,9.920000076293945,9.729999542236328,9.869999885559082,8.047091484069824,162500,GGAL
2007-06-28,9.600000381469727,10.010000228881836,9.600000381469727,9.869999885559082,8.047091484069824,135100,GGAL
2007-06-29,9.930000305175781,9.970000267028809,9.5,9.59000015258789,7.818802833557129,409400,GGAL
2007-07-02,9.529999732971191,9.859999656677246,9.529999732971191,9.789999961853027,7.9818644523620605,381700,GGAL
2007-07-03,9.829999923706055,10.050000190734863,9.609999656677246,10.0,8.15307903289795,203000,GGAL
2007-07-05,10.130000114440918,10.130000114440918,9.739999771118164,9.789999961853027,7.9818644523620605,517900,GGAL
2007-07-06,9.850000381469727,9.850000381469727,9.489999771118164,9.550000190734863,7.786190986633301,289000,GGAL
2007-07-09,9.489999771118164,9.949999809265137,9.489999771118164,9.850000381469727,8.030784606933594,107200,GGAL
2007-07-10,9.920000076293945,9.949999809265137,9.489999771118164,9.529999732971191,7.769886016845703,233400,GGAL
2007-07-11,9.600000381469727,9.729999542236328,9.489999771118164,9.600000381469727,7.826955318450928,131400,GGAL
2007-07-12,9.649999618530273,9.84000015258789,9.640000343322754,9.8100004196167,7.998172283172607,147400,GGAL
2007-07-13,9.880000114440918,9.949999809265137,9.770000457763672,9.829999923706055,8.01447868347168,141300,GGAL
2007-07-16,9.9399995803833,9.9399995803833,9.529999732971191,9.619999885559082,7.843262195587158,299000,GGAL
2007-07-17,9.720000267028809,9.770000457763672,9.569999694824219,9.600000381469727,7.826955318450928,125300,GGAL
2007-07-18,9.75,9.75,9.430000305175781,9.539999961853027,7.77803897857666,425000,GGAL
2007-07-19,9.720000267028809,9.850000381469727,9.520000457763672,9.800000190734863,7.99001932144165,341000,GGAL
2007-07-20,9.869999885559082,9.920000076293945,9.569999694824219,9.600000381469727,7.826955318450928,77900,GGAL
2007-07-23,9.600000381469727,9.869999885559082,9.600000381469727,9.84000015258789,8.022631645202637,215100,GGAL
2007-07-24,9.890000343322754,9.890000343322754,9.479999542236328,9.479999542236328,7.729120254516602,479900,GGAL
2007-07-25,9.449999809265137,9.640000343322754,8.960000038146973,9.09000015258789,7.411149501800537,655500,GGAL
2007-07-26,8.960000038146973,9.079999923706055,8.75,8.899999618530273,7.2562408447265625,580800,GGAL
2007-07-27,8.979999542236328,9.100000381469727,8.770000457763672,8.920000076293945,7.272547721862793,404800,GGAL
2007-07-30,8.899999618530273,9.3100004196167,8.760000228881836,9.069999694824219,7.394842624664307,292300,GGAL
2007-07-31,9.199999809265137,9.25,9.0,9.0600004196167,7.386690616607666,288600,GGAL
2007-08-01,9.020000457763672,9.0600004196167,8.710000038146973,8.899999618530273,7.2562408447265625,311000,GGAL
2007-08-02,9.0,9.109999656677246,8.920000076293945,9.039999961853027,7.370384693145752,306800,GGAL
2007-08-03,9.020000457763672,9.1899995803833,8.8100004196167,8.84000015258789,7.207322597503662,564000,GGAL
2007-08-06,8.800000190734863,8.960000038146973,8.300000190734863,8.5,6.930117130279541,617200,GGAL
2007-08-07,8.5,8.670000076293945,8.4399995803833,8.520000457763672,6.94642448425293,332700,GGAL
2007-08-08,8.550000190734863,8.859999656677246,8.539999961853027,8.800000190734863,7.174709320068359,464800,GGAL
2007-08-09,8.4399995803833,8.699999809265137,8.130000114440918,8.199999809265137,6.685524940490723,602100,GGAL
2007-08-10,8.100000381469727,8.270000457763672,7.71999979019165,7.920000076293945,6.457240104675293,463700,GGAL
2007-08-13,8.020000457763672,8.3100004196167,7.989999771118164,8.140000343322754,6.6366071701049805,316000,GGAL
2007-08-14,8.119999885559082,8.149999618530273,7.889999866485596,7.96999979019165,6.49800443649292,90600,GGAL
2007-08-15,7.800000190734863,7.889999866485596,7.199999809265137,7.400000095367432,6.033278942108154,380700,GGAL
2007-08-16,7.21999979019165,7.21999979019165,6.599999904632568,7.150000095367432,5.829452037811279,1596000,GGAL
2007-08-17,7.630000114440918,8.079999923706055,7.309999942779541,7.590000152587891,6.1881890296936035,854700,GGAL
2007-08-20,7.570000171661377,7.860000133514404,7.5,7.800000190734863,6.359401226043701,121500,GGAL
2007-08-21,7.75,7.989999771118164,7.679999828338623,7.989999771118164,6.514310359954834,370600,GGAL
2007-08-22,8.0600004196167,8.489999771118164,8.0600004196167,8.170000076293945,6.661065578460693,447300,GGAL
2007-08-23,8.229999542236328,8.300000190734863,8.079999923706055,8.149999618530273,6.644759178161621,488600,GGAL
2007-08-24,8.210000038146973,8.380000114440918,8.09000015258789,8.369999885559082,6.824127197265625,305200,GGAL
2007-08-27,8.270000457763672,8.369999885559082,8.239999771118164,8.270000457763672,6.742597579956055,157800,GGAL
2007-08-28,8.329999923706055,8.329999923706055,7.75,7.800000190734863,6.359401226043701,273300,GGAL
2007-08-29,7.900000095367432,8.020000457763672,7.510000228881836,7.980000019073486,6.506157875061035,218600,GGAL
2007-08-30,7.449999809265137,7.940000057220459,7.449999809265137,7.840000152587891,6.392014503479004,391900,GGAL
2007-08-31,8.100000381469727,8.25,8.029999732971191,8.140000343322754,6.6366071701049805,214900,GGAL
2007-09-04,8.0600004196167,8.119999885559082,7.980000019073486,8.0600004196167,6.571382522583008,165100,GGAL
2007-09-05,7.960000038146973,8.0,7.769999980926514,7.940000057220459,6.473545074462891,323700,GGAL
2007-09-06,7.869999885559082,8.039999961853027,7.869999885559082,8.0,6.522463798522949,287400,GGAL
2007-09-07,7.880000114440918,7.900000095367432,7.769999980926514,7.860000133514404,6.408320903778076,139100,GGAL
2007-09-10,7.900000095367432,7.949999809265137,7.670000076293945,7.699999809265137,6.277872085571289,810200,GGAL
2007-09-11,7.630000114440918,7.829999923706055,7.630000114440918,7.739999771118164,6.310484886169434,162100,GGAL
2007-09-12,7.650000095367432,7.739999771118164,7.539999961853027,7.539999961853027,6.147422790527344,161200,GGAL
2007-09-13,7.650000095367432,7.869999885559082,7.579999923706055,7.75,6.318637371063232,200000,GGAL
2007-09-14,7.78000020980835,7.96999979019165,7.599999904632568,7.78000020980835,6.343095779418945,102000,GGAL
2007-09-17,7.710000038146973,7.789999961853027,7.670000076293945,7.710000038146973,6.286025524139404,121900,GGAL
2007-09-18,7.78000020980835,7.989999771118164,7.670000076293945,7.929999828338623,6.465391635894775,788600,GGAL
2007-09-19,8.0,8.279999732971191,8.0,8.029999732971191,6.54692268371582,426500,GGAL
2007-09-20,8.039999961853027,8.149999618530273,7.820000171661377,7.829999923706055,6.383861064910889,67800,GGAL
2007-09-21,7.800000190734863,7.940000057220459,7.789999961853027,7.849999904632568,6.4001665115356445,167500,GGAL
2007-09-24,7.940000057220459,7.989999771118164,7.699999809265137,7.849999904632568,6.4001665115356445,127800,GGAL
2007-09-25,7.75,7.789999961853027,7.650000095367432,7.710000038146973,6.286025524139404,45100,GGAL
2007-09-26,7.789999961853027,7.929999828338623,7.619999885559082,7.789999961853027,6.3512492179870605,191400,GGAL
2007-09-27,7.78000020980835,7.820000171661377,7.71999979019165,7.800000190734863,6.359401226043701,322900,GGAL
2007-09-28,7.840000152587891,7.989999771118164,7.690000057220459,7.920000076293945,6.457240104675293,314900,GGAL
2007-10-01,7.78000020980835,8.319999694824219,7.78000020980835,8.25,6.726291179656982,1064000,GGAL
2007-10-02,8.220000267028809,8.319999694824219,8.079999923706055,8.210000038146973,6.693679332733154,741400,GGAL
2007-10-03,8.239999771118164,8.279999732971191,8.109999656677246,8.140000343322754,6.6366071701049805,152500,GGAL
2007-10-04,8.170000076293945,8.220000267028809,8.149999618530273,8.170000076293945,6.661065578460693,123600,GGAL
2007-10-05,8.300000190734863,8.319999694824219,8.180000305175781,8.199999809265137,6.685524940490723,232500,GGAL
2007-10-08,8.1899995803833,8.239999771118164,8.039999961853027,8.239999771118164,6.718138694763184,140000,GGAL
2007-10-09,8.300000190734863,8.319999694824219,8.229999542236328,8.25,6.726291179656982,237100,GGAL
2007-10-10,8.270000457763672,8.270000457763672,8.130000114440918,8.1899995803833,6.677372455596924,80500,GGAL
2007-10-11,8.289999961853027,8.289999961853027,7.75,7.889999866485596,6.4327802658081055,460500,GGAL
2007-10-12,7.909999847412109,8.119999885559082,7.900000095367432,8.039999961853027,6.5550761222839355,128500,GGAL
2007-10-15,8.039999961853027,8.109999656677246,7.860000133514404,7.929999828338623,6.465391635894775,77100,GGAL
2007-10-16,7.989999771118164,8.029999732971191,7.650000095367432,7.800000190734863,6.359401226043701,80400,GGAL
2007-10-17,7.989999771118164,8.010000228881836,7.650000095367432,7.809999942779541,6.367555618286133,106000,GGAL
2007-10-18,7.860000133514404,8.029999732971191,7.699999809265137,7.980000019073486,6.506157875061035,164100,GGAL
2007-10-19,8.039999961853027,8.069999694824219,7.690000057220459,7.760000228881836,6.326790809631348,138600,GGAL
2007-10-22,7.650000095367432,7.760000228881836,7.519999980926514,7.590000152587891,6.1881890296936035,148300,GGAL
2007-10-23,7.760000228881836,7.909999847412109,7.519999980926514,7.619999885559082,6.212646484375,90800,GGAL
2007-10-24,7.809999942779541,7.809999942779541,7.489999771118164,7.559999942779541,6.163727760314941,133600,GGAL
2007-10-25,7.5,7.849999904632568,7.5,7.800000190734863,6.359401226043701,162100,GGAL
2007-10-26,8.0,8.15999984741211,7.75,8.029999732971191,6.54692268371582,305300,GGAL
2007-10-29,7.940000057220459,8.239999771118164,7.690000057220459,8.039999961853027,6.5550761222839355,191100,GGAL
2007-10-30,8.0,8.109999656677246,7.840000152587891,7.940000057220459,6.473545074462891,221000,GGAL
2007-10-31,7.949999809265137,8.140000343322754,7.849999904632568,7.96999979019165,6.49800443649292,243300,GGAL
2007-11-01,8.039999961853027,8.170000076293945,7.619999885559082,7.860000133514404,6.408320903778076,301200,GGAL
2007-11-02,7.860000133514404,8.039999961853027,7.53000020980835,7.639999866485596,6.228952884674072,487500,GGAL
2007-11-05,7.480000019073486,7.679999828338623,7.409999847412109,7.510000228881836,6.12296199798584,261400,GGAL
2007-11-06,7.639999866485596,7.889999866485596,7.639999866485596,7.820000171661377,6.37570858001709,130300,GGAL
2007-11-07,7.820000171661377,7.900000095367432,7.599999904632568,7.610000133514404,6.204493999481201,147400,GGAL
2007-11-08,7.53000020980835,7.739999771118164,7.400000095367432,7.550000190734863,6.155575752258301,168800,GGAL
2007-11-09,7.75,7.75,7.460000038146973,7.670000076293945,6.25341272354126,149700,GGAL
2007-11-12,7.710000038146973,7.849999904632568,7.579999923706055,7.809999942779541,6.367555618286133,183100,GGAL
2007-11-13,7.820000171661377,8.100000381469727,7.820000171661377,7.989999771118164,6.514310359954834,203600,GGAL
2007-11-14,8.079999923706055,8.15999984741211,7.849999904632568,7.900000095367432,6.440932750701904,55000,GGAL
2007-11-15,7.869999885559082,7.949999809265137,7.619999885559082,7.639999866485596,6.228952884674072,116500,GGAL
2007-11-16,7.650000095367432,7.75,7.420000076293945,7.630000114440918,6.220799922943115,213100,GGAL
2007-11-19,7.630000114440918,7.630000114440918,7.519999980926514,7.550000190734863,6.155575752258301,92500,GGAL
2007-11-20,7.71999979019165,7.900000095367432,7.570000171661377,7.710000038146973,6.286025524139404,396900,GGAL
2007-11-21,7.559999942779541,7.670000076293945,7.519999980926514,7.630000114440918,6.220799922943115,172100,GGAL
2007-11-23,7.579999923706055,7.679999828338623,7.480000019073486,7.539999961853027,6.147422790527344,49600,GGAL
2007-11-26,7.639999866485596,7.679999828338623,7.199999809265137,7.199999809265137,5.870216369628906,61800,GGAL
2007-11-27,7.329999923706055,7.619999885559082,7.199999809265137,7.300000190734863,5.951747894287109,84100,GGAL
2007-11-28,7.25,7.659999847412109,7.25,7.480000019073486,6.098504066467285,158100,GGAL
2007-11-29,7.570000171661377,7.699999809265137,7.420000076293945,7.659999847412109,6.2452592849731445,277400,GGAL
2007-11-30,7.639999866485596,7.789999961853027,7.199999809265137,7.300000190734863,5.951747894287109,979400,GGAL
2007-12-03,7.260000228881836,7.480000019073486,7.21999979019165,7.329999923706055,5.976207256317139,771500,GGAL
2007-12-04,7.420000076293945,7.420000076293945,7.210000038146973,7.28000020980835,5.935441970825195,269500,GGAL
2007-12-05,7.369999885559082,7.409999847412109,7.28000020980835,7.289999961853027,5.943594932556152,94800,GGAL
2007-12-06,7.28000020980835,7.71999979019165,7.28000020980835,7.670000076293945,6.25341272354126,130900,GGAL
2007-12-07,7.75,7.849999904632568,7.599999904632568,7.789999961853027,6.3512492179870605,106400,GGAL
2007-12-10,7.789999961853027,8.0,7.739999771118164,8.0,6.522463798522949,224900,GGAL
2007-12-11,7.920000076293945,7.949999809265137,7.480000019073486,7.480000019073486,6.098504066467285,58400,GGAL
2007-12-12,7.78000020980835,7.800000190734863,7.400000095367432,7.5,6.114810466766357,267200,GGAL
2007-12-13,7.420000076293945,7.429999828338623,7.349999904632568,7.369999885559082,6.008819580078125,120000,GGAL
2007-12-14,7.329999923706055,7.400000095367432,7.25,7.389999866485596,6.025125503540039,167700,GGAL
2007-12-17,7.429999828338623,7.429999828338623,6.960000038146973,6.980000019073486,5.690850257873535,187500,GGAL
2007-12-18,7.199999809265137,7.289999961853027,7.0,7.090000152587891,5.780533790588379,221700,GGAL
2007-12-19,7.159999847412109,7.289999961853027,6.900000095367432,7.010000228881836,5.715309143066406,178500,GGAL
2007-12-20,7.159999847412109,7.269999980926514,7.0,7.159999847412109,5.837605953216553,301500,GGAL
2007-12-21,7.130000114440918,7.289999961853027,7.070000171661377,7.079999923706055,5.77238130569458,548900,GGAL
2007-12-24,7.179999828338623,7.539999961853027,7.179999828338623,7.349999904632568,5.9925127029418945,297900,GGAL
2007-12-26,7.400000095367432,7.619999885559082,7.349999904632568,7.489999771118164,6.106657028198242,230100,GGAL
2007-12-27,7.53000020980835,7.630000114440918,7.400000095367432,7.46999979019165,6.09035062789917,113100,GGAL
2007-12-28,7.610000133514404,7.610000133514404,7.389999866485596,7.46999979019165,6.09035062789917,84000,GGAL
2007-12-31,7.369999885559082,7.730000019073486,7.369999885559082,7.579999923706055,6.180034160614014,208900,GGAL
2008-01-02,7.539999961853027,7.659999847412109,7.440000057220459,7.599999904632568,6.196340084075928,388200,GGAL
2008-01-03,7.599999904632568,7.599999904632568,7.400000095367432,7.400000095367432,6.033278942108154,116600,GGAL
2008-01-04,7.369999885559082,7.510000228881836,7.070000171661377,7.139999866485596,5.821298599243164,171000,GGAL
2008-01-07,7.199999809265137,7.329999923706055,7.079999923706055,7.159999847412109,5.837605953216553,122400,GGAL
2008-01-08,7.190000057220459,7.28000020980835,7.070000171661377,7.090000152587891,5.780533790588379,320400,GGAL
2008-01-09,7.099999904632568,7.159999847412109,6.980000019073486,7.150000095367432,5.829452037811279,204400,GGAL
2008-01-10,7.139999866485596,7.349999904632568,6.860000133514404,7.210000038146973,5.87837028503418,193400,GGAL
2008-01-11,7.090000152587891,7.289999961853027,7.070000171661377,7.179999828338623,5.853911399841309,182800,GGAL
2008-01-14,7.210000038146973,7.25,6.949999809265137,7.099999904632568,5.788686752319336,530000,GGAL
2008-01-15,6.929999828338623,7.269999980926514,6.71999979019165,6.71999979019165,5.478870391845703,277700,GGAL
2008-01-16,6.71999979019165,6.949999809265137,6.550000190734863,6.650000095367432,5.4217987060546875,573900,GGAL
2008-01-17,6.71999979019165,6.920000076293945,6.5,6.619999885559082,5.3973388671875,318500,GGAL
2008-01-18,6.550000190734863,6.699999809265137,6.340000152587891,6.340000152587891,5.169052600860596,196800,GGAL
2008-01-22,6.03000020980835,6.300000190734863,5.730000019073486,6.139999866485596,5.005990982055664,429500,GGAL
2008-01-23,5.949999809265137,6.239999771118164,5.949999809265137,6.179999828338623,5.038602828979492,358300,GGAL
2008-01-24,6.269999980926514,6.420000076293945,6.179999828338623,6.329999923706055,5.1608991622924805,302400,GGAL
2008-01-25,6.369999885559082,6.480000019073486,6.139999866485596,6.320000171661377,5.15274715423584,195900,GGAL
2008-01-28,6.269999980926514,6.360000133514404,6.099999904632568,6.28000020980835,5.120133876800537,343000,GGAL
2008-01-29,6.400000095367432,6.460000038146973,6.300000190734863,6.389999866485596,5.209816932678223,190800,GGAL
2008-01-30,6.480000019073486,6.610000133514404,6.300000190734863,6.360000133514404,5.185359001159668,271500,GGAL
2008-01-31,6.46999979019165,6.46999979019165,6.260000228881836,6.360000133514404,5.185359001159668,211400,GGAL
2008-02-01,6.400000095367432,6.480000019073486,6.25,6.400000095367432,5.217971324920654,619700,GGAL
2008-02-04,6.449999809265137,6.53000020980835,6.360000133514404,6.420000076293945,5.234277725219727,445600,GGAL
2008-02-05,6.429999828338623,6.579999923706055,6.28000020980835,6.389999866485596,5.209816932678223,413300,GGAL
2008-02-06,6.409999847412109,6.800000190734863,6.409999847412109,6.559999942779541,5.348420143127441,309200,GGAL
2008-02-07,6.519999980926514,6.840000152587891,6.519999980926514,6.639999866485596,5.413644313812256,217600,GGAL
2008-02-08,6.599999904632568,6.619999885559082,6.360000133514404,6.449999809265137,5.258736610412598,251900,GGAL
2008-02-11,6.389999866485596,6.53000020980835,6.309999942779541,6.349999904632568,5.1772050857543945,178800,GGAL
2008-02-12,6.46999979019165,6.75,6.400000095367432,6.46999979019165,5.275042533874512,228800,GGAL
2008-02-13,6.739999771118164,6.840000152587891,6.300000190734863,6.739999771118164,5.495176315307617,298100,GGAL
2008-02-14,6.690000057220459,6.840000152587891,6.570000171661377,6.699999809265137,5.462563514709473,238000,GGAL
2008-02-15,6.670000076293945,6.769999980926514,6.610000133514404,6.690000057220459,5.454409599304199,170200,GGAL
2008-02-19,6.829999923706055,6.900000095367432,6.690000057220459,6.690000057220459,5.454409599304199,338300,GGAL
2008-02-20,6.550000190734863,6.860000133514404,6.550000190734863,6.800000190734863,5.544094562530518,195400,GGAL
2008-02-21,6.800000190734863,6.880000114440918,6.659999847412109,6.679999828338623,5.446256637573242,139000,GGAL
2008-02-22,6.739999771118164,6.940000057220459,6.650000095367432,6.840000152587891,5.576706886291504,239300,GGAL
2008-02-25,6.820000171661377,7.179999828338623,6.730000019073486,7.0,5.707156181335449,211400,GGAL
2008-02-26,6.909999847412109,7.139999866485596,6.909999847412109,7.139999866485596,5.821298599243164,215300,GGAL
2008-02-27,7.139999866485596,7.25,7.010000228881836,7.099999904632568,5.788686752319336,117000,GGAL
2008-02-28,7.159999847412109,7.519999980926514,7.099999904632568,7.46999979019165,6.09035062789917,465000,GGAL
2008-02-29,7.5,7.5,6.909999847412109,6.96999979019165,5.682696342468262,468700,GGAL
2008-03-03,6.929999828338623,7.300000190734863,6.929999828338623,7.099999904632568,5.788686752319336,434800,GGAL
2008-03-04,7.130000114440918,7.320000171661377,7.050000190734863,7.21999979019165,5.886523723602295,277900,GGAL
2008-03-05,7.269999980926514,7.349999904632568,7.199999809265137,7.329999923706055,5.976207256317139,234900,GGAL
2008-03-06,7.239999771118164,7.269999980926514,7.130000114440918,7.130000114440918,5.813146591186523,151500,GGAL
2008-03-07,7.150000095367432,7.269999980926514,7.090000152587891,7.090000152587891,5.780533790588379,158700,GGAL
2008-03-10,7.090000152587891,7.190000057220459,6.920000076293945,6.940000057220459,5.658237457275391,499400,GGAL
2008-03-11,7.269999980926514,7.269999980926514,6.949999809265137,7.079999923706055,5.77238130569458,300500,GGAL
2008-03-12,7.170000076293945,7.210000038146973,7.019999980926514,7.150000095367432,5.829452037811279,251800,GGAL
2008-03-13,7.099999904632568,7.139999866485596,6.929999828338623,7.039999961853027,5.7397685050964355,148400,GGAL
2008-03-14,6.989999771118164,7.090000152587891,6.769999980926514,6.789999961853027,5.5359416007995605,245000,GGAL
2008-03-17,6.940000057220459,6.940000057220459,6.550000190734863,6.579999923706055,5.36472749710083,365400,GGAL
2008-03-18,6.739999771118164,6.789999961853027,6.53000020980835,6.699999809265137,5.462563514709473,276100,GGAL
2008-03-19,6.800000190734863,6.800000190734863,6.579999923706055,6.650000095367432,5.4217987060546875,74600,GGAL
2008-03-20,6.630000114440918,6.840000152587891,6.449999809265137,6.800000190734863,5.544094562530518,42600,GGAL
2008-03-24,6.670000076293945,6.980000019073486,6.670000076293945,6.880000114440918,5.609318256378174,44700,GGAL
2008-03-25,6.860000133514404,6.929999828338623,6.690000057220459,6.800000190734863,5.544094562530518,98600,GGAL
2008-03-26,6.699999809265137,6.730000019073486,6.579999923706055,6.71999979019165,5.478870391845703,256400,GGAL
2008-03-27,6.75,6.789999961853027,6.610000133514404,6.679999828338623,5.446256637573242,54200,GGAL
2008-03-28,6.760000228881836,6.769999980926514,6.559999942779541,6.690000057220459,5.454409599304199,111500,GGAL
2008-03-31,6.739999771118164,6.739999771118164,6.519999980926514,6.619999885559082,5.3973388671875,117700,GGAL
2008-04-01,6.650000095367432,6.840000152587891,6.539999961853027,6.739999771118164,5.495176315307617,218500,GGAL
2008-04-02,6.789999961853027,6.880000114440918,6.599999904632568,6.710000038146973,5.47071647644043,67000,GGAL
2008-04-03,6.71999979019165,6.739999771118164,6.639999866485596,6.710000038146973,5.47071647644043,110700,GGAL
2008-04-04,6.710000038146973,6.829999923706055,6.699999809265137,6.800000190734863,5.544094562530518,82300,GGAL
2008-04-07,6.809999942779541,6.909999847412109,6.800000190734863,6.880000114440918,5.609318256378174,72300,GGAL
2008-04-08,6.880000114440918,7.090000152587891,6.840000152587891,7.070000171661377,5.764228343963623,180700,GGAL
2008-04-09,7.090000152587891,7.150000095367432,6.889999866485596,6.96999979019165,5.682696342468262,150900,GGAL
2008-04-10,6.849999904632568,6.949999809265137,6.829999923706055,6.949999809265137,5.666390895843506,71800,GGAL
2008-04-11,6.769999980926514,6.940000057220459,6.769999980926514,6.829999923706055,5.568553924560547,42200,GGAL
2008-04-14,6.75,6.809999942779541,6.710000038146973,6.739999771118164,5.495176315307617,63700,GGAL
2008-04-15,6.639999866485596,6.769999980926514,6.630000114440918,6.659999847412109,5.429951190948486,117000,GGAL
2008-04-16,6.75,6.820000171661377,6.690000057220459,6.699999809265137,5.462563514709473,26000,GGAL
2008-04-17,6.630000114440918,6.760000228881836,6.630000114440918,6.71999979019165,5.478870391845703,57000,GGAL
2008-04-18,6.78000020980835,6.949999809265137,6.769999980926514,6.869999885559082,5.601165771484375,88000,GGAL
2008-04-21,6.849999904632568,6.949999809265137,6.730000019073486,6.78000020980835,5.527787685394287,271800,GGAL
2008-04-22,6.860000133514404,6.860000133514404,6.309999942779541,6.369999885559082,5.193511962890625,147500,GGAL
2008-04-23,6.380000114440918,6.380000114440918,6.170000076293945,6.320000171661377,5.15274715423584,243800,GGAL
2008-04-24,6.380000114440918,6.610000133514404,6.28000020980835,6.570000171661377,5.356574058532715,29400,GGAL
2008-04-25,6.53000020980835,6.559999942779541,6.239999771118164,6.340000152587891,5.169052600860596,124300,GGAL
2008-04-28,6.429999828338623,6.429999828338623,6.300000190734863,6.340000152587891,5.169052600860596,413300,GGAL
2008-04-29,6.369999885559082,6.369999885559082,6.050000190734863,6.099999904632568,4.973379135131836,99300,GGAL
2008-04-30,6.199999809265137,6.269999980926514,6.110000133514404,6.269999980926514,5.111981391906738,82100,GGAL
2008-05-01,6.269999980926514,6.570000171661377,6.179999828338623,6.449999809265137,5.258736610412598,33700,GGAL
2008-05-02,6.429999828338623,6.440000057220459,6.21999979019165,6.28000020980835,5.120133876800537,100000,GGAL
2008-05-05,6.21999979019165,6.309999942779541,6.179999828338623,6.179999828338623,5.038602828979492,21500,GGAL
2008-05-06,6.239999771118164,6.340000152587891,6.179999828338623,6.179999828338623,5.038602828979492,315900,GGAL
2008-05-07,6.070000171661377,6.28000020980835,5.78000020980835,5.900000095367432,4.810316562652588,144800,GGAL
2008-05-08,5.980000019073486,6.039999961853027,5.710000038146973,6.039999961853027,4.924459934234619,145300,GGAL
2008-05-09,5.78000020980835,6.059999942779541,5.75,6.0,4.891848087310791,544900,GGAL
2008-05-12,6.0,6.050000190734863,5.650000095367432,5.699999809265137,4.647255897521973,216000,GGAL
2008-05-13,5.650000095367432,5.789999961853027,5.420000076293945,5.460000038146973,4.4515814781188965,1102900,GGAL
2008-05-14,5.519999980926514,5.519999980926514,5.110000133514404,5.329999923706055,4.3455915451049805,1473500,GGAL
2008-05-15,5.380000114440918,5.730000019073486,5.340000152587891,5.659999847412109,4.614643573760986,518000,GGAL
2008-05-16,5.710000038146973,5.829999923706055,5.369999885559082,5.5,4.484195232391357,342600,GGAL
2008-05-19,5.579999923706055,6.0,5.559999942779541,5.880000114440918,4.794010639190674,304100,GGAL
2008-05-20,5.909999847412109,5.980000019073486,5.710000038146973,5.920000076293945,4.82662296295166,238100,GGAL
2008-05-21,5.949999809265137,6.050000190734863,5.900000095367432,5.900000095367432,4.810316562652588,262800,GGAL
2008-05-22,5.889999866485596,6.050000190734863,5.800000190734863,5.940000057220459,4.842929363250732,222600,GGAL
2008-05-23,5.849999904632568,5.849999904632568,5.559999942779541,5.610000133514404,4.573878765106201,312600,GGAL
2008-05-27,5.570000171661377,5.760000228881836,5.320000171661377,5.659999847412109,4.614643573760986,178400,GGAL
2008-05-28,5.5,5.789999961853027,5.480000019073486,5.639999866485596,4.598337173461914,295000,GGAL
2008-05-29,5.579999923706055,5.75,5.449999809265137,5.699999809265137,4.647255897521973,236500,GGAL
2008-05-30,5.670000076293945,5.690000057220459,5.320000171661377,5.320000171661377,4.337438106536865,1090400,GGAL
2008-06-02,5.269999980926514,5.650000095367432,5.110000133514404,5.590000152587891,4.557571887969971,676700,GGAL
2008-06-03,5.550000190734863,5.659999847412109,5.400000095367432,5.539999961853027,4.516806125640869,290100,GGAL
2008-06-04,5.599999904632568,5.710000038146973,5.360000133514404,5.539999961853027,4.516806125640869,194800,GGAL
2008-06-05,5.5,5.630000114440918,5.480000019073486,5.489999771118164,4.476040363311768,153100,GGAL
2008-06-06,5.5,5.610000133514404,5.21999979019165,5.21999979019165,4.25590705871582,106600,GGAL
2008-06-09,5.190000057220459,5.429999828338623,5.150000095367432,5.389999866485596,4.394509792327881,107400,GGAL
2008-06-10,5.320000171661377,5.320000171661377,5.039999961853027,5.099999904632568,4.1580705642700195,176700,GGAL
2008-06-11,5.039999961853027,5.050000190734863,4.909999847412109,5.0,4.076539516448975,145200,GGAL
2008-06-12,5.099999904632568,5.260000228881836,5.03000020980835,5.070000171661377,4.133611679077148,236500,GGAL
2008-06-13,5.150000095367432,5.150000095367432,5.019999980926514,5.090000152587891,4.1499176025390625,295400,GGAL
2008-06-16,5.150000095367432,5.150000095367432,4.96999979019165,4.96999979019165,4.0520806312561035,57900,GGAL
2008-06-17,5.0,5.079999923706055,4.840000152587891,4.920000076293945,4.011315822601318,189600,GGAL
2008-06-18,5.03000020980835,5.309999942779541,5.03000020980835,5.25,4.280367374420166,159300,GGAL
2008-06-19,5.110000133514404,5.269999980926514,5.099999904632568,5.170000076293945,4.215141773223877,110500,GGAL
2008-06-20,5.150000095367432,5.46999979019165,5.150000095367432,5.460000038146973,4.4515814781188965,269600,GGAL
2008-06-23,5.550000190734863,5.599999904632568,5.309999942779541,5.409999847412109,4.410815715789795,116400,GGAL
2008-06-24,5.460000038146973,5.599999904632568,5.329999923706055,5.449999809265137,4.443428993225098,223900,GGAL
2008-06-25,5.400000095367432,5.570000171661377,5.400000095367432,5.429999828338623,4.427122116088867,105800,GGAL
2008-06-26,5.449999809265137,5.53000020980835,4.860000133514404,5.019999980926514,4.092845916748047,362800,GGAL
2008-06-27,4.860000133514404,5.070000171661377,4.860000133514404,5.010000228881836,4.084692001342773,66100,GGAL
2008-06-30,5.03000020980835,5.03000020980835,4.800000190734863,4.949999809265137,4.0357747077941895,154200,GGAL
2008-07-01,4.960000038146973,5.079999923706055,4.760000228881836,5.050000190734863,4.117305755615234,231000,GGAL
2008-07-02,5.0,5.059999942779541,4.760000228881836,4.760000228881836,3.880866050720215,95400,GGAL
2008-07-03,4.809999942779541,4.960000038146973,4.71999979019165,4.829999923706055,3.9379374980926514,55800,GGAL
2008-07-07,4.920000076293945,4.980000019073486,4.800000190734863,4.829999923706055,3.9379374980926514,113100,GGAL
2008-07-08,4.900000095367432,5.050000190734863,4.679999828338623,5.050000190734863,4.117305755615234,185400,GGAL
2008-07-09,4.909999847412109,4.96999979019165,4.75,4.860000133514404,3.962397336959839,89400,GGAL
2008-07-10,4.860000133514404,4.869999885559082,4.630000114440918,4.789999961853027,3.905324935913086,108600,GGAL
2008-07-11,4.639999866485596,4.730000019073486,4.420000076293945,4.699999809265137,3.8319475650787354,179000,GGAL
2008-07-14,4.670000076293945,4.789999961853027,4.46999979019165,4.510000228881836,3.6770389080047607,307900,GGAL
2008-07-15,4.610000133514404,4.699999809265137,4.449999809265137,4.699999809265137,3.8319475650787354,122100,GGAL
2008-07-16,4.699999809265137,4.940000057220459,4.699999809265137,4.849999904632568,3.9542434215545654,81600,GGAL
2008-07-17,4.849999904632568,5.190000057220459,4.849999904632568,5.050000190734863,4.117305755615234,557600,GGAL
2008-07-18,5.090000152587891,5.099999904632568,4.940000057220459,5.050000190734863,4.117305755615234,206500,GGAL
2008-07-21,5.070000171661377,5.360000133514404,5.070000171661377,5.190000057220459,4.231449127197266,276700,GGAL
2008-07-22,5.210000038146973,5.389999866485596,5.03000020980835,5.300000190734863,4.321131706237793,457300,GGAL
2008-07-23,5.400000095367432,5.400000095367432,5.139999866485596,5.300000190734863,4.321131706237793,224200,GGAL
2008-07-24,5.429999828338623,5.429999828338623,5.070000171661377,5.130000114440918,4.182531356811523,80200,GGAL
2008-07-25,5.159999847412109,5.190000057220459,4.96999979019165,5.039999961853027,4.109151363372803,93500,GGAL
2008-07-28,5.139999866485596,5.139999866485596,4.889999866485596,4.96999979019165,4.0520806312561035,106500,GGAL
2008-07-29,5.039999961853027,5.099999904632568,4.840000152587891,5.050000190734863,4.117305755615234,102300,GGAL
2008-07-30,5.139999866485596,5.139999866485596,4.96999979019165,5.010000228881836,4.084692001342773,118900,GGAL
2008-07-31,5.050000190734863,5.070000171661377,4.820000171661377,4.860000133514404,3.962397336959839,165400,GGAL
2008-08-01,4.920000076293945,5.090000152587891,4.690000057220459,4.829999923706055,3.9379374980926514,127600,GGAL
2008-08-04,5.059999942779541,5.090000152587891,4.599999904632568,4.699999809265137,3.8319475650787354,57700,GGAL
2008-08-05,4.650000095367432,4.760000228881836,4.539999961853027,4.670000076293945,3.807488203048706,109200,GGAL
2008-08-06,4.670000076293945,4.769999980926514,4.599999904632568,4.659999847412109,3.799335241317749,103200,GGAL
2008-08-07,4.619999885559082,4.650000095367432,4.320000171661377,4.380000114440918,3.5710484981536865,276500,GGAL
2008-08-08,4.46999979019165,4.480000019073486,4.099999904632568,4.230000019073486,3.4487521648406982,517200,GGAL
2008-08-11,4.400000095367432,4.400000095367432,4.110000133514404,4.159999847412109,3.391681432723999,115300,GGAL
2008-08-12,4.25,4.260000228881836,4.099999904632568,4.21999979019165,3.440599203109741,131700,GGAL
2008-08-13,4.380000114440918,4.5,4.239999771118164,4.360000133514404,3.5547423362731934,215800,GGAL
2008-08-14,4.300000190734863,4.489999771118164,4.300000190734863,4.420000076293945,3.603661298751831,135700,GGAL
2008-08-15,4.46999979019165,4.699999809265137,4.349999904632568,4.599999904632568,3.7504162788391113,194400,GGAL
2008-08-18,4.670000076293945,4.670000076293945,4.449999809265137,4.460000038146973,3.6362738609313965,50800,GGAL
2008-08-19,4.300000190734863,4.710000038146973,4.300000190734863,4.659999847412109,3.799335241317749,195400,GGAL
2008-08-20,4.599999904632568,4.650000095367432,4.300000190734863,4.46999979019165,3.6444263458251953,196700,GGAL
2008-08-21,4.519999980926514,4.519999980926514,4.309999942779541,4.389999866485596,3.5792016983032227,64200,GGAL
2008-08-22,4.429999828338623,4.559999942779541,4.369999885559082,4.449999809265137,3.6281204223632812,139700,GGAL
2008-08-25,4.360000133514404,4.460000038146973,4.340000152587891,4.460000038146973,3.6362738609313965,42400,GGAL
2008-08-26,4.590000152587891,4.639999866485596,4.449999809265137,4.619999885559082,3.7667226791381836,197100,GGAL
2008-08-27,4.449999809265137,4.78000020980835,4.420000076293945,4.699999809265137,3.8319475650787354,176400,GGAL
2008-08-28,4.690000057220459,4.929999828338623,4.619999885559082,4.849999904632568,3.9542434215545654,185900,GGAL
2008-08-29,4.849999904632568,4.849999904632568,4.650000095367432,4.800000190734863,3.913477659225464,87000,GGAL
2008-09-02,4.800000190734863,5.269999980926514,4.710000038146973,4.980000019073486,4.060234546661377,318800,GGAL
2008-09-03,4.909999847412109,5.050000190734863,4.909999847412109,4.949999809265137,4.0357747077941895,103300,GGAL
2008-09-04,4.949999809265137,4.960000038146973,4.650000095367432,4.71999979019165,3.8482537269592285,127500,GGAL
2008-09-05,4.619999885559082,4.699999809265137,4.559999942779541,4.619999885559082,3.7667226791381836,159900,GGAL
2008-09-08,4.769999980926514,4.900000095367432,4.590000152587891,4.670000076293945,3.807488203048706,111400,GGAL
2008-09-09,4.659999847412109,4.769999980926514,4.360000133514404,4.400000095367432,3.5873546600341797,113800,GGAL
2008-09-10,4.409999847412109,4.429999828338623,4.260000228881836,4.360000133514404,3.5547423362731934,78100,GGAL
2008-09-11,4.309999942779541,4.309999942779541,4.110000133514404,4.170000076293945,3.399834632873535,80000,GGAL
2008-09-12,4.150000095367432,4.28000020980835,4.050000190734863,4.170000076293945,3.399834632873535,270100,GGAL
2008-09-15,4.059999942779541,4.059999942779541,3.75,3.75,3.0574052333831787,280800,GGAL
2008-09-16,3.7699999809265137,3.950000047683716,3.619999885559082,3.9200000762939453,3.196007251739502,400100,GGAL
2008-09-17,3.950000047683716,3.9600000381469727,3.5,3.630000114440918,2.9595680236816406,307400,GGAL
2008-09-18,3.6600000858306885,3.8399999141693115,3.4800000190734863,3.8399999141693115,3.1307830810546875,534700,GGAL
2008-09-19,3.940000057220459,4.809999942779541,3.940000057220459,4.789999961853027,3.905324935913086,645100,GGAL
2008-09-22,4.679999828338623,5.179999828338623,4.550000190734863,4.860000133514404,3.962397336959839,479100,GGAL
2008-09-23,5.0,5.25,4.820000171661377,4.96999979019165,4.0520806312561035,1050700,GGAL
2008-09-24,5.150000095367432,5.150000095367432,4.800000190734863,4.989999771118164,4.068386077880859,276600,GGAL
2008-09-25,5.0,5.110000133514404,4.800000190734863,5.0,4.076539516448975,572900,GGAL
2008-09-26,4.809999942779541,5.019999980926514,4.809999942779541,4.889999866485596,3.9868552684783936,458100,GGAL
2008-09-29,5.0,5.019999980926514,3.930000066757202,4.5,3.6688857078552246,364700,GGAL
2008-09-30,4.5,4.789999961853027,4.349999904632568,4.670000076293945,3.807488203048706,210100,GGAL
2008-10-01,4.559999942779541,5.010000228881836,4.559999942779541,5.0,4.076539516448975,520300,GGAL
2008-10-02,5.099999904632568,5.099999904632568,4.599999904632568,4.800000190734863,3.913477659225464,286800,GGAL
2008-10-03,4.809999942779541,5.0,4.550000190734863,4.739999771118164,3.864560127258301,303900,GGAL
2008-10-06,4.429999828338623,4.429999828338623,3.6500000953674316,4.190000057220459,3.416140079498291,303200,GGAL
2008-10-07,4.360000133514404,4.360000133514404,3.740000009536743,3.740000009536743,3.0492520332336426,158600,GGAL
2008-10-08,3.990000009536743,3.990000009536743,3.5299999713897705,3.6700000762939453,2.992180347442627,145100,GGAL
2008-10-09,3.7699999809265137,3.859999895095825,3.319999933242798,3.390000104904175,2.7638938426971436,161000,GGAL
2008-10-10,3.319999933242798,3.4600000381469727,3.009999990463257,3.200000047683716,2.608985662460327,381400,GGAL
2008-10-13,3.450000047683716,3.7300000190734863,3.009999990463257,3.559999942779541,2.902496814727783,216600,GGAL
2008-10-14,3.7100000381469727,4.190000057220459,3.5,3.7899999618530273,3.090017080307007,363300,GGAL
2008-10-15,3.3499999046325684,3.549999952316284,3.299999952316284,3.3399999141693115,2.723128318786621,101800,GGAL
2008-10-16,3.5199999809265137,3.5199999809265137,3.190000057220459,3.4000000953674316,2.772047281265259,62900,GGAL
2008-10-17,3.309999942779541,3.6500000953674316,3.259999990463257,3.259999990463257,2.6579043865203857,64300,GGAL
2008-10-20,3.390000104904175,3.440000057220459,2.759999990463257,2.930000066757202,2.38885235786438,146700,GGAL
2008-10-21,2.990000009536743,2.990000009536743,2.2200000286102295,2.2300000190734863,1.8181369304656982,469300,GGAL
2008-10-22,2.2699999809265137,3.0399999618530273,1.7000000476837158,2.180000066757202,1.7773711681365967,1106700,GGAL
2008-10-23,2.180000066757202,2.3499999046325684,1.9299999475479126,2.049999952316284,1.6713812351226807,1383200,GGAL
2008-10-24,1.899999976158142,2.0,1.809999942779541,1.850000023841858,1.5083197355270386,384900,GGAL
2008-10-27,1.840000033378601,1.8600000143051147,1.7000000476837158,1.75,1.4267890453338623,170200,GGAL
2008-10-28,1.690000057220459,1.7999999523162842,1.5099999904632568,1.690000057220459,1.377870798110962,669000,GGAL
2008-10-29,1.600000023841858,1.9900000095367432,1.5499999523162842,1.7000000476837158,1.3860236406326294,764200,GGAL
2008-10-30,1.75,1.9900000095367432,1.4800000190734863,1.899999976158142,1.549085021018982,474600,GGAL
2008-10-31,1.940000057220459,2.0,1.7000000476837158,1.7899999618530273,1.4594014883041382,386600,GGAL
2008-11-03,1.8300000429153442,2.049999952316284,1.7599999904632568,2.049999952316284,1.6713812351226807,507300,GGAL
2008-11-04,2.140000104904175,2.25,1.9800000190734863,2.0899999141693115,1.703993558883667,312800,GGAL
2008-11-05,2.1500000953674316,2.1500000953674316,1.9500000476837158,1.9500000476837158,1.5898503065109253,590200,GGAL
2008-11-06,2.0,2.009999990463257,1.8600000143051147,1.8899999856948853,1.5409319400787354,290100,GGAL
2008-11-07,2.0,2.0399999618530273,1.7799999713897705,1.7999999523162842,1.4675540924072266,541000,GGAL
2008-11-10,1.809999942779541,2.0299999713897705,1.809999942779541,1.9199999570846558,1.5653915405273438,738100,GGAL
2008-11-11,1.899999976158142,2.0,1.809999942779541,1.909999966621399,1.557238221168518,456700,GGAL
2008-11-12,1.899999976158142,1.909999966621399,1.840000033378601,1.850000023841858,1.5083197355270386,71000,GGAL
2008-11-13,1.940000057220459,1.940000057220459,1.850000023841858,1.8600000143051147,1.5164731740951538,137500,GGAL
2008-11-14,1.940000057220459,1.940000057220459,1.8600000143051147,1.8700000047683716,1.5246260166168213,194400,GGAL
2008-11-17,1.9299999475479126,1.9299999475479126,1.7599999904632568,1.7599999904632568,1.4349421262741089,131900,GGAL
2008-11-18,1.840000033378601,1.899999976158142,1.75,1.7799999713897705,1.4512484073638916,178900,GGAL
2008-11-19,1.7799999713897705,1.8200000524520874,1.4500000476837158,1.4500000476837158,1.1821967363357544,214000,GGAL
2008-11-20,1.5700000524520874,1.6799999475479126,1.409999966621399,1.4500000476837158,1.1821967363357544,241800,GGAL
2008-11-21,1.5399999618530273,1.6200000047683716,1.4500000476837158,1.5299999713897705,1.247421383857727,156300,GGAL
2008-11-24,1.6100000143051147,1.7000000476837158,1.5499999523162842,1.6299999952316284,1.3289521932601929,182800,GGAL
2008-11-25,1.690000057220459,1.7000000476837158,1.5499999523162842,1.590000033378601,1.296339750289917,488900,GGAL
2008-11-26,1.5700000524520874,1.75,1.5700000524520874,1.7000000476837158,1.3860236406326294,352100,GGAL
2008-11-28,1.7999999523162842,2.049999952316284,1.7999999523162842,1.899999976158142,1.549085021018982,218300,GGAL
2008-12-01,1.4600000381469727,1.8799999952316284,1.4199999570846558,1.690000057220459,1.377870798110962,385000,GGAL
2008-12-02,1.7300000190734863,1.809999942779541,1.590000033378601,1.7000000476837158,1.3860236406326294,316300,GGAL
2008-12-03,1.7300000190734863,1.8200000524520874,1.649999976158142,1.7799999713897705,1.4512484073638916,139700,GGAL
2008-12-04,1.8200000524520874,1.8700000047683716,1.649999976158142,1.7999999523162842,1.4675540924072266,291300,GGAL
2008-12-05,1.5399999618530273,1.8799999952316284,1.4199999570846558,1.7599999904632568,1.4349421262741089,201300,GGAL
2008-12-08,1.7200000286102295,1.9800000190734863,1.6100000143051147,1.7100000381469727,1.394176721572876,149400,GGAL
2008-12-09,1.7799999713897705,1.9299999475479126,1.649999976158142,1.7100000381469727,1.394176721572876,279900,GGAL
2008-12-10,1.8899999856948853,1.9800000190734863,1.7400000095367432,1.9500000476837158,1.5898503065109253,329100,GGAL
2008-12-11,1.9700000286102295,2.049999952316284,1.899999976158142,2.0199999809265137,1.6469221115112305,226400,GGAL
2008-12-12,1.9199999570846558,2.180000066757202,1.8899999856948853,2.069999933242798,1.687687635421753,388500,GGAL
2008-12-15,2.059999942779541,2.200000047683716,2.049999952316284,2.0799999237060547,1.6958407163619995,45600,GGAL
2008-12-16,2.1500000953674316,2.2899999618530273,2.1500000953674316,2.2100000381469727,1.8018306493759155,76600,GGAL
2008-12-17,2.259999990463257,2.299999952316284,2.119999885559082,2.1600000858306885,1.7610653638839722,67700,GGAL
2008-12-18,2.25,2.299999952316284,2.109999895095825,2.119999885559082,1.7284526824951172,95200,GGAL
2008-12-19,2.0999999046325684,2.2799999713897705,2.0899999141693115,2.25,1.8344428539276123,49800,GGAL
2008-12-22,2.2699999809265137,2.299999952316284,2.140000104904175,2.2200000286102295,1.8099838495254517,232700,GGAL
2008-12-23,2.2100000381469727,2.2300000190734863,2.119999885559082,2.119999885559082,1.7284526824951172,71900,GGAL
2008-12-24,2.180000066757202,2.180000066757202,1.9800000190734863,1.9800000190734863,1.6143100261688232,38900,GGAL
2008-12-26,2.0199999809265137,2.3399999141693115,1.9500000476837158,2.2699999809265137,1.8507492542266846,118200,GGAL
2008-12-29,2.3299999237060547,2.4000000953674316,2.319999933242798,2.3299999237060547,1.8996676206588745,10400,GGAL
2008-12-30,2.4000000953674316,2.4600000381469727,2.2699999809265137,2.2699999809265137,1.8507492542266846,21300,GGAL
2008-12-31,2.200000047683716,2.2799999713897705,2.200000047683716,2.259999990463257,1.842596173286438,3800,GGAL
2009-01-02,2.1500000953674316,2.4700000286102295,2.1500000953674316,2.4200000762939453,1.9730454683303833,24000,GGAL
2009-01-05,2.4700000286102295,2.490000009536743,2.200000047683716,2.4200000762939453,1.9730454683303833,50600,GGAL
2009-01-06,2.4800000190734863,2.5,2.299999952316284,2.299999952316284,1.8752081394195557,102000,GGAL
2009-01-07,2.259999990463257,2.4800000190734863,2.059999942779541,2.1500000953674316,1.7529120445251465,110500,GGAL
2009-01-08,2.1500000953674316,2.309999942779541,2.1500000953674316,2.1700000762939453,1.7692185640335083,235000,GGAL
2009-01-09,2.2300000190734863,2.2899999618530273,2.180000066757202,2.180000066757202,1.7773711681365967,103500,GGAL
2009-01-12,2.2100000381469727,2.25,2.059999942779541,2.1600000858306885,1.7610653638839722,146800,GGAL
2009-01-13,2.059999942779541,2.190000057220459,2.0399999618530273,2.0799999237060547,1.6958407163619995,208500,GGAL
2009-01-14,2.0299999713897705,2.119999885559082,1.899999976158142,2.0,1.6306159496307373,49500,GGAL
2009-01-15,1.9199999570846558,2.109999895095825,1.899999976158142,2.0799999237060547,1.6958407163619995,144900,GGAL
2009-01-16,2.4000000953674316,2.4000000953674316,1.9199999570846558,1.9299999475479126,1.5735445022583008,156300,GGAL
2009-01-20,2.0,2.0399999618530273,1.7699999809265137,1.7699999809265137,1.443095326423645,192800,GGAL
2009-01-21,1.8799999952316284,2.5299999713897705,1.7000000476837158,1.899999976158142,1.549085021018982,535800,GGAL
2009-01-22,1.8899999856948853,1.9900000095367432,1.7899999618530273,1.7899999618530273,1.4594014883041382,87200,GGAL
2009-01-23,1.8899999856948853,1.9700000286102295,1.8899999856948853,1.940000057220459,1.581697702407837,68100,GGAL
2009-01-26,1.9900000095367432,2.0399999618530273,1.8300000429153442,1.8700000047683716,1.5246260166168213,148000,GGAL
2009-01-27,1.8799999952316284,2.0,1.8600000143051147,1.8600000143051147,1.5164731740951538,65000,GGAL
2009-01-28,1.9800000190734863,2.059999942779541,1.9500000476837158,2.0199999809265137,1.6469221115112305,100200,GGAL
2009-01-29,2.0299999713897705,2.049999952316284,1.8799999952316284,1.8799999952316284,1.5327789783477783,135200,GGAL
2009-01-30,1.940000057220459,2.0999999046325684,1.909999966621399,1.909999966621399,1.557238221168518,55100,GGAL
2009-02-02,1.8200000524520874,1.9800000190734863,1.8200000524520874,1.9800000190734863,1.6143100261688232,7700,GGAL
2009-02-03,2.0299999713897705,2.0299999713897705,2.0,2.0,1.6306159496307373,5700,GGAL
2009-02-04,2.119999885559082,2.119999885559082,1.9500000476837158,1.9600000381469727,1.598003625869751,138200,GGAL
2009-02-05,2.0,2.0,1.7999999523162842,1.7999999523162842,1.4675540924072266,158000,GGAL
2009-02-06,1.9900000095367432,2.0299999713897705,1.8600000143051147,1.9900000095367432,1.6224628686904907,187900,GGAL
2009-02-09,2.069999933242798,2.109999895095825,2.0,2.109999895095825,1.7202996015548706,42500,GGAL
2009-02-10,2.1700000762939453,2.1700000762939453,2.049999952316284,2.119999885559082,1.7284526824951172,87200,GGAL
2009-02-11,2.069999933242798,2.0999999046325684,2.059999942779541,2.059999942779541,1.679534673690796,12600,GGAL
2009-02-12,2.059999942779541,2.0799999237060547,1.9600000381469727,2.0799999237060547,1.6958407163619995,43000,GGAL
2009-02-13,2.0999999046325684,2.0999999046325684,2.0,2.069999933242798,1.687687635421753,141900,GGAL
2009-02-17,2.049999952316284,2.049999952316284,1.9500000476837158,1.9500000476837158,1.5898503065109253,103700,GGAL
2009-02-18,1.9600000381469727,2.180000066757202,1.8700000047683716,1.9700000286102295,1.6061567068099976,108000,GGAL
2009-02-19,2.0,2.0,1.7799999713897705,1.7799999713897705,1.4512484073638916,225100,GGAL
2009-02-20,1.9299999475479126,1.9299999475479126,1.75,1.7999999523162842,1.4675540924072266,92800,GGAL
2009-02-23,1.9800000190734863,1.9900000095367432,1.7999999523162842,1.8700000047683716,1.5246260166168213,27500,GGAL
2009-02-24,1.9199999570846558,2.0,1.809999942779541,1.8700000047683716,1.5246260166168213,195100,GGAL
2009-02-25,1.940000057220459,1.940000057220459,1.7599999904632568,1.7999999523162842,1.4675540924072266,161700,GGAL
2009-02-26,1.7999999523162842,1.9900000095367432,1.7200000286102295,1.7999999523162842,1.4675540924072266,41400,GGAL
2009-02-27,1.7599999904632568,1.940000057220459,1.6399999856948853,1.940000057220459,1.581697702407837,216500,GGAL
2009-03-02,1.850000023841858,1.850000023841858,1.6200000047683716,1.659999966621399,1.353411078453064,8500,GGAL
2009-03-03,1.649999976158142,1.649999976158142,1.5,1.649999976158142,1.345258116722107,35800,GGAL
2009-03-04,1.7000000476837158,1.7100000381469727,1.649999976158142,1.6799999475479126,1.3697175979614258,15200,GGAL
2009-03-05,1.6200000047683716,1.659999966621399,1.399999976158142,1.649999976158142,1.345258116722107,25500,GGAL
2009-03-06,1.7200000286102295,1.7200000286102295,1.5499999523162842,1.559999942779541,1.2718802690505981,19600,GGAL
2009-03-09,1.559999942779541,1.649999976158142,1.559999942779541,1.559999942779541,1.2718802690505981,26400,GGAL
2009-03-10,1.6799999475479126,1.7200000286102295,1.6799999475479126,1.7200000286102295,1.4023295640945435,22100,GGAL
2009-03-11,1.7000000476837158,1.7599999904632568,1.6799999475479126,1.7200000286102295,1.4023295640945435,22300,GGAL
2009-03-12,1.690000057220459,1.940000057220459,1.6399999856948853,1.7200000286102295,1.4023295640945435,93600,GGAL
2009-03-13,1.7599999904632568,1.8300000429153442,1.7300000190734863,1.7400000095367432,1.4186359643936157,55600,GGAL
2009-03-16,1.7699999809265137,1.840000033378601,1.659999966621399,1.75,1.4267890453338623,38900,GGAL
2009-03-17,1.649999976158142,1.7899999618530273,1.600000023841858,1.7599999904632568,1.4349421262741089,140200,GGAL
2009-03-18,1.8799999952316284,1.8799999952316284,1.690000057220459,1.7200000286102295,1.4023295640945435,153800,GGAL
2009-03-19,1.7000000476837158,1.7100000381469727,1.5499999523162842,1.6299999952316284,1.3289521932601929,258100,GGAL
2009-03-20,1.649999976158142,1.649999976158142,1.6100000143051147,1.6100000143051147,1.3126459121704102,3300,GGAL
2009-03-23,1.690000057220459,1.7799999713897705,1.649999976158142,1.75,1.4267890453338623,51400,GGAL
2009-03-24,1.75,1.7699999809265137,1.649999976158142,1.75,1.4267890453338623,23500,GGAL
2009-03-25,1.7300000190734863,1.75,1.559999942779541,1.75,1.4267890453338623,64700,GGAL
2009-03-26,1.7100000381469727,1.7999999523162842,1.6799999475479126,1.7799999713897705,1.4512484073638916,134500,GGAL
2009-03-27,1.7000000476837158,1.850000023841858,1.7000000476837158,1.8200000524520874,1.4838604927062988,132200,GGAL
2009-03-30,1.7100000381469727,1.7699999809265137,1.600000023841858,1.75,1.4267890453338623,55900,GGAL
2009-03-31,1.940000057220459,2.0,1.7100000381469727,1.7899999618530273,1.4594014883041382,58000,GGAL
2009-04-01,1.7200000286102295,1.8700000047683716,1.7000000476837158,1.7999999523162842,1.4675540924072266,117000,GGAL
2009-04-02,1.8899999856948853,2.0,1.7200000286102295,2.0,1.6306159496307373,174400,GGAL
2009-04-03,1.9800000190734863,1.9900000095367432,1.8200000524520874,1.840000033378601,1.5001665353775024,41100,GGAL
2009-04-06,1.850000023841858,1.899999976158142,1.75,1.8600000143051147,1.5164731740951538,45000,GGAL
2009-04-07,1.8300000429153442,1.8799999952316284,1.8300000429153442,1.8300000429153442,1.492013692855835,1100,GGAL
2009-04-08,1.8200000524520874,1.8799999952316284,1.809999942779541,1.8700000047683716,1.5246260166168213,298100,GGAL
2009-04-09,1.9900000095367432,2.0,1.9700000286102295,1.9800000190734863,1.6143100261688232,887100,GGAL
2009-04-13,2.0,2.0199999809265137,1.9600000381469727,1.9900000095367432,1.6224628686904907,173900,GGAL
2009-04-14,1.9900000095367432,2.109999895095825,1.9900000095367432,1.9900000095367432,1.6224628686904907,91000,GGAL
2009-04-15,2.0199999809265137,2.0199999809265137,1.9500000476837158,2.0,1.6306159496307373,364200,GGAL
2009-04-16,2.069999933242798,2.069999933242798,1.9800000190734863,2.009999990463257,1.6387690305709839,225800,GGAL
2009-04-17,2.0,2.0899999141693115,1.9900000095367432,2.059999942779541,1.679534673690796,130000,GGAL
2009-04-20,2.0,2.0299999713897705,1.940000057220459,1.9600000381469727,1.598003625869751,24500,GGAL
2009-04-21,1.9600000381469727,1.9800000190734863,1.940000057220459,1.9500000476837158,1.5898503065109253,159400,GGAL
2009-04-22,1.940000057220459,2.0,1.940000057220459,1.940000057220459,1.581697702407837,174100,GGAL
2009-04-23,1.9299999475479126,1.9600000381469727,1.909999966621399,1.9500000476837158,1.5898503065109253,109400,GGAL
2009-04-24,1.909999966621399,1.9700000286102295,1.909999966621399,1.9299999475479126,1.5735445022583008,292800,GGAL
2009-04-27,1.8200000524520874,1.9299999475479126,1.8200000524520874,1.8799999952316284,1.5327789783477783,29900,GGAL
2009-04-28,1.899999976158142,1.9199999570846558,1.8600000143051147,1.899999976158142,1.549085021018982,68500,GGAL
2009-04-29,1.809999942779541,1.9199999570846558,1.809999942779541,1.809999942779541,1.4757074117660522,149600,GGAL
2009-04-30,1.8600000143051147,1.899999976158142,1.8300000429153442,1.8700000047683716,1.5246260166168213,54200,GGAL
2009-05-01,1.899999976158142,1.899999976158142,1.7999999523162842,1.899999976158142,1.549085021018982,48800,GGAL
2009-05-04,1.899999976158142,1.9900000095367432,1.899999976158142,1.9800000190734863,1.6143100261688232,98500,GGAL
2009-05-05,1.9600000381469727,2.1500000953674316,1.9500000476837158,2.1500000953674316,1.7529120445251465,212800,GGAL
2009-05-06,2.1500000953674316,2.25,2.109999895095825,2.25,1.8344428539276123,547800,GGAL
2009-05-07,2.2100000381469727,2.359999895095825,2.119999885559082,2.119999885559082,1.7284526824951172,394300,GGAL
2009-05-08,2.049999952316284,2.5999999046325684,2.049999952316284,2.5999999046325684,2.1198010444641113,542300,GGAL
2009-05-11,2.4600000381469727,2.690000057220459,2.4000000953674316,2.6700000762939453,2.176872491836548,181800,GGAL
2009-05-12,2.6600000858306885,2.8499999046325684,2.6500000953674316,2.700000047683716,2.201331615447998,246200,GGAL
2009-05-13,2.5,2.700000047683716,2.359999895095825,2.5799999237060547,2.103494882583618,216500,GGAL
2009-05-14,2.5,2.75,2.4200000762939453,2.5799999237060547,2.103494882583618,282400,GGAL
2009-05-15,2.819999933242798,2.869999885559082,2.680000066757202,2.799999952316284,2.282862424850464,998300,GGAL
2009-05-18,2.9000000953674316,3.119999885559082,2.9000000953674316,3.0999999046325684,2.5274548530578613,267500,GGAL
2009-05-19,3.140000104904175,3.369999885559082,2.940000057220459,2.990000009536743,2.4377708435058594,303100,GGAL
2009-05-20,3.0,3.1500000953674316,2.880000114440918,2.890000104904175,2.3562405109405518,217900,GGAL
2009-05-21,2.880000114440918,2.880000114440918,2.6600000858306885,2.8299999237060547,2.307321786880493,65300,GGAL
2009-05-22,2.799999952316284,3.2100000381469727,2.799999952316284,2.9100000858306885,2.372546434402466,59900,GGAL
2009-05-26,3.049999952316284,3.049999952316284,2.8399999141693115,2.8499999046325684,2.3236279487609863,131600,GGAL
2009-05-27,2.799999952316284,2.950000047683716,2.799999952316284,2.880000114440918,2.3480875492095947,62900,GGAL
2009-05-28,2.880000114440918,2.880000114440918,2.75,2.75,2.2420976161956787,188100,GGAL
2009-05-29,2.7100000381469727,2.890000104904175,2.5899999141693115,2.5899999141693115,2.111647844314575,215800,GGAL
2009-06-01,2.6700000762939453,2.869999885559082,2.6700000762939453,2.869999885559082,2.3399343490600586,92200,GGAL
2009-06-02,2.930000066757202,3.109999895095825,2.9100000858306885,3.109999895095825,2.5356078147888184,221500,GGAL
2009-06-03,3.1600000858306885,3.3399999141693115,2.9000000953674316,3.240000009536743,2.6415977478027344,245000,GGAL
2009-06-04,3.190000057220459,3.190000057220459,3.0299999713897705,3.0899999141693115,2.519301414489746,56400,GGAL
2009-06-05,3.0999999046325684,3.2300000190734863,3.059999942779541,3.200000047683716,2.608985662460327,85700,GGAL
2009-06-08,3.25,3.25,3.069999933242798,3.1600000858306885,2.57637357711792,127800,GGAL
2009-06-09,3.2200000286102295,3.2200000286102295,3.119999885559082,3.180000066757202,2.592679500579834,115700,GGAL
2009-06-10,3.200000047683716,3.319999933242798,3.1700000762939453,3.25,2.6497509479522705,344300,GGAL
2009-06-11,3.369999885559082,3.369999885559082,3.190000057220459,3.200000047683716,2.608985662460327,233900,GGAL
2009-06-12,3.180000066757202,3.25,3.0199999809265137,3.0999999046325684,2.5274548530578613,114100,GGAL
2009-06-15,3.059999942779541,3.0899999141693115,2.9600000381469727,2.9600000381469727,2.41331148147583,26000,GGAL
2009-06-16,2.9100000858306885,2.9800000190734863,2.9000000953674316,2.9600000381469727,2.41331148147583,87700,GGAL
2009-06-17,2.9600000381469727,2.990000009536743,2.9200000762939453,2.9200000762939453,2.380699396133423,101900,GGAL
2009-06-18,2.859999895095825,2.990000009536743,2.859999895095825,2.940000057220459,2.397005319595337,107200,GGAL
2009-06-19,2.990000009536743,2.990000009536743,2.869999885559082,2.9100000858306885,2.372546434402466,210200,GGAL
2009-06-22,2.890000104904175,2.890000104904175,2.75,2.8299999237060547,2.307321786880493,129000,GGAL
2009-06-23,2.7899999618530273,2.859999895095825,2.7100000381469727,2.8499999046325684,2.3236279487609863,89500,GGAL
2009-06-24,2.8299999237060547,2.9200000762939453,2.7799999713897705,2.8299999237060547,2.307321786880493,69800,GGAL
2009-06-25,2.859999895095825,3.109999895095825,2.8499999046325684,3.049999952316284,2.486689567565918,224600,GGAL
2009-06-26,3.180000066757202,3.2200000286102295,3.0799999237060547,3.180000066757202,2.592679500579834,52100,GGAL
2009-06-29,3.180000066757202,3.359999895095825,3.069999933242798,3.2100000381469727,2.6171388626098633,273700,GGAL
2009-06-30,3.3499999046325684,3.440000057220459,3.259999990463257,3.2899999618530273,2.682363748550415,543000,GGAL
2009-07-01,3.3499999046325684,3.4200000762939453,3.200000047683716,3.25,2.6497509479522705,197000,GGAL
2009-07-02,3.1700000762939453,3.2799999713897705,3.049999952316284,3.2100000381469727,2.6171388626098633,58200,GGAL
2009-07-06,3.0999999046325684,3.619999885559082,3.009999990463257,3.549999952316284,2.894343376159668,655000,GGAL
2009-07-07,3.490000009536743,3.619999885559082,3.2200000286102295,3.4700000286102295,2.8291187286376953,363800,GGAL
2009-07-08,3.430000066757202,3.509999990463257,3.130000114440918,3.180000066757202,2.592679500579834,181600,GGAL
2009-07-09,2.9100000858306885,3.1500000953674316,2.9100000858306885,3.0999999046325684,2.5274548530578613,119400,GGAL
2009-07-10,3.0199999809265137,3.190000057220459,2.990000009536743,3.180000066757202,2.592679500579834,48600,GGAL
2009-07-13,3.130000114440918,3.3499999046325684,3.109999895095825,3.2799999713897705,2.6742100715637207,73500,GGAL
2009-07-14,3.259999990463257,3.3399999141693115,3.1500000953674316,3.2799999713897705,2.6742100715637207,64100,GGAL
2009-07-15,3.3499999046325684,3.4200000762939453,3.240000009536743,3.4200000762939453,2.788353443145752,241500,GGAL
2009-07-16,3.4600000381469727,3.5,3.3399999141693115,3.450000047683716,2.812812328338623,407500,GGAL
2009-07-17,3.380000114440918,3.5399999618530273,3.309999942779541,3.490000009536743,2.8454251289367676,172900,GGAL
2009-07-20,3.5799999237060547,3.609999895095825,3.299999952316284,3.549999952316284,2.894343376159668,50700,GGAL
2009-07-21,3.5299999713897705,3.5899999141693115,3.369999885559082,3.5299999713897705,2.878037214279175,129700,GGAL
2009-07-22,3.569999933242798,3.7300000190734863,3.369999885559082,3.5299999713897705,2.878037214279175,252000,GGAL
2009-07-23,3.619999885559082,3.619999885559082,3.359999895095825,3.5,2.8535780906677246,80200,GGAL
2009-07-24,3.4100000858306885,3.5399999618530273,3.4000000953674316,3.5399999618530273,2.88619065284729,221100,GGAL
2009-07-27,3.609999895095825,3.640000104904175,3.319999933242798,3.5,2.8535780906677246,109000,GGAL
2009-07-28,3.5,3.5899999141693115,3.4000000953674316,3.430000066757202,2.79650616645813,87400,GGAL
2009-07-29,3.4000000953674316,3.5399999618530273,3.369999885559082,3.4800000190734863,2.8372719287872314,53700,GGAL
2009-07-30,3.630000114440918,3.690000057220459,3.440000057220459,3.5399999618530273,2.88619065284729,88400,GGAL
2009-07-31,3.630000114440918,3.640000104904175,3.509999990463257,3.559999942779541,2.902496814727783,103900,GGAL
2009-08-03,3.509999990463257,3.7100000381469727,3.509999990463257,3.5799999237060547,2.9188029766082764,76600,GGAL
2009-08-04,3.509999990463257,3.8399999141693115,3.5,3.740000009536743,3.0492520332336426,387600,GGAL
2009-08-05,3.7699999809265137,3.8499999046325684,3.700000047683716,3.8499999046325684,3.1389360427856445,188300,GGAL
2009-08-06,3.890000104904175,3.890000104904175,3.7799999713897705,3.809999942779541,3.1063232421875,138700,GGAL
2009-08-07,3.940000057220459,3.990000009536743,3.8299999237060547,3.940000057220459,3.212313413619995,139300,GGAL
2009-08-10,4.0,4.0,3.819999933242798,3.8299999237060547,3.1226296424865723,96600,GGAL
2009-08-11,3.809999942779541,3.809999942779541,3.5999999046325684,3.690000057220459,3.008486270904541,322600,GGAL
2009-08-12,3.630000114440918,3.799999952316284,3.630000114440918,3.7799999713897705,3.0818638801574707,363000,GGAL
2009-08-13,3.799999952316284,3.9000000953674316,3.7699999809265137,3.859999895095825,3.1470890045166016,339800,GGAL
2009-08-14,3.890000104904175,3.890000104904175,3.680000066757202,3.700000047683716,3.016639471054077,98300,GGAL
2009-08-17,3.5799999237060547,3.690000057220459,3.4600000381469727,3.490000009536743,2.8454251289367676,40900,GGAL
2009-08-18,3.4600000381469727,3.680000066757202,3.4600000381469727,3.5399999618530273,2.88619065284729,102500,GGAL
2009-08-19,3.549999952316284,3.619999885559082,3.5,3.5799999237060547,2.9188029766082764,41000,GGAL
2009-08-20,3.609999895095825,3.9600000381469727,3.5299999713897705,3.8499999046325684,3.1389360427856445,214800,GGAL
2009-08-21,3.9000000953674316,3.940000057220459,3.8499999046325684,3.859999895095825,3.1470890045166016,93000,GGAL
2009-08-24,4.010000228881836,4.070000171661377,3.9100000858306885,4.0,3.2612318992614746,152700,GGAL
2009-08-25,4.010000228881836,4.010000228881836,3.880000114440918,3.9000000953674316,3.1797006130218506,70700,GGAL
2009-08-26,4.03000020980835,4.03000020980835,3.880000114440918,3.9200000762939453,3.196007251739502,30600,GGAL
2009-08-27,3.950000047683716,4.0,3.869999885559082,3.9800000190734863,3.2449257373809814,87000,GGAL
2009-08-28,4.0,4.190000057220459,3.859999895095825,3.9200000762939453,3.196007251739502,139300,GGAL
2009-08-31,3.950000047683716,4.079999923706055,3.7300000190734863,4.039999961853027,3.293844223022461,140400,GGAL
2009-09-01,4.070000171661377,4.070000171661377,3.8399999141693115,3.8499999046325684,3.1389360427856445,140900,GGAL
2009-09-02,3.7799999713897705,3.9700000286102295,3.75,3.869999885559082,3.155242443084717,32300,GGAL
2009-09-03,3.7699999809265137,4.210000038146973,3.7699999809265137,3.859999895095825,3.1470890045166016,32800,GGAL
2009-09-04,4.039999961853027,4.079999923706055,3.8399999141693115,3.890000104904175,3.1715478897094727,84600,GGAL
2009-09-08,3.9800000190734863,4.199999809265137,3.930000066757202,4.050000190734863,3.3019981384277344,260900,GGAL
2009-09-09,4.130000114440918,4.230000019073486,4.03000020980835,4.079999923706055,3.32645583152771,133000,GGAL
2009-09-10,4.150000095367432,4.190000057220459,4.019999980926514,4.099999904632568,3.3427624702453613,26800,GGAL
2009-09-11,4.059999942779541,4.090000152587891,3.930000066757202,4.070000171661377,3.3183035850524902,22200,GGAL
2009-09-14,4.199999809265137,4.199999809265137,3.950000047683716,4.170000076293945,3.399834632873535,123600,GGAL
2009-09-15,4.199999809265137,4.360000133514404,4.079999923706055,4.269999980926514,3.481365442276001,341600,GGAL
2009-09-16,4.190000057220459,4.5,4.190000057220459,4.440000057220459,3.6199676990509033,181900,GGAL
2009-09-17,4.5,4.610000133514404,4.360000133514404,4.610000133514404,3.7585701942443848,341400,GGAL
2009-09-18,4.659999847412109,4.659999847412109,4.340000152587891,4.550000190734863,3.709651470184326,433400,GGAL
2009-09-21,4.269999980926514,4.599999904632568,4.159999847412109,4.449999809265137,3.6281204223632812,139500,GGAL
2009-09-22,4.53000020980835,4.539999961853027,4.409999847412109,4.489999771118164,3.6607329845428467,172600,GGAL
2009-09-23,4.53000020980835,4.619999885559082,4.440000057220459,4.46999979019165,3.6444263458251953,58100,GGAL
2009-09-24,4.429999828338623,4.539999961853027,4.329999923706055,4.329999923706055,3.5302834510803223,87100,GGAL
2009-09-25,4.360000133514404,4.440000057220459,4.289999961853027,4.289999961853027,3.497671604156494,41600,GGAL
2009-09-28,4.090000152587891,4.5,4.03000020980835,4.5,3.6688857078552246,62900,GGAL
2009-09-29,4.449999809265137,4.679999828338623,4.409999847412109,4.639999866485596,3.783029079437256,169600,GGAL
2009-09-30,4.840000152587891,4.840000152587891,4.550000190734863,4.710000038146973,3.840101480484009,244700,GGAL
2009-10-01,5.099999904632568,5.099999904632568,4.53000020980835,4.550000190734863,3.709651470184326,229100,GGAL
2009-10-02,4.559999942779541,4.670000076293945,4.400000095367432,4.639999866485596,3.783029079437256,224800,GGAL
2009-10-05,4.610000133514404,4.860000133514404,4.460000038146973,4.820000171661377,3.9297845363616943,255600,GGAL
2009-10-06,5.0,5.369999885559082,4.849999904632568,5.150000095367432,4.1988372802734375,569300,GGAL
2009-10-07,5.130000114440918,5.25,4.880000114440918,5.139999866485596,4.190683841705322,335000,GGAL
2009-10-08,5.150000095367432,5.400000095367432,5.139999866485596,5.329999923706055,4.3455915451049805,392400,GGAL
2009-10-09,5.320000171661377,5.400000095367432,5.199999809265137,5.300000190734863,4.321131706237793,437900,GGAL
2009-10-12,5.429999828338623,5.5,5.369999885559082,5.389999866485596,4.394509792327881,37400,GGAL
2009-10-13,5.389999866485596,5.5,5.260000228881836,5.409999847412109,4.410815715789795,209600,GGAL
2009-10-14,5.5,5.670000076293945,5.389999866485596,5.550000190734863,4.524959087371826,310900,GGAL
2009-10-15,5.409999847412109,5.599999904632568,5.360000133514404,5.400000095367432,4.402663230895996,171600,GGAL
2009-10-16,5.349999904632568,5.460000038146973,5.190000057220459,5.309999942779541,4.329285144805908,161700,GGAL
2009-10-19,5.150000095367432,5.440000057220459,5.139999866485596,5.380000114440918,4.386356830596924,295300,GGAL
2009-10-20,5.690000057220459,5.690000057220459,5.400000095367432,5.480000019073486,4.467888355255127,228900,GGAL
2009-10-21,5.539999961853027,5.630000114440918,5.369999885559082,5.449999809265137,4.443428993225098,93700,GGAL
2009-10-22,5.369999885559082,6.0,5.369999885559082,5.960000038146973,4.8592352867126465,438900,GGAL
2009-10-23,5.849999904632568,6.050000190734863,5.78000020980835,5.78000020980835,4.7124810218811035,408600,GGAL
2009-10-26,5.5,6.179999828338623,5.5,5.989999771118164,4.883695125579834,359400,GGAL
2009-10-27,5.989999771118164,6.130000114440918,5.949999809265137,6.019999980926514,4.908153533935547,139200,GGAL
2009-10-28,5.940000057220459,6.03000020980835,5.5,5.599999904632568,4.565724849700928,269900,GGAL
2009-10-29,5.679999828338623,6.019999980926514,5.559999942779541,5.789999961853027,4.720633029937744,182200,GGAL
2009-10-30,5.860000133514404,5.940000057220459,5.590000152587891,5.800000190734863,4.728786945343018,427800,GGAL
2009-11-02,5.769999980926514,5.940000057220459,5.769999980926514,5.889999866485596,4.802164077758789,179400,GGAL
2009-11-03,5.789999961853027,5.940000057220459,5.769999980926514,5.869999885559082,4.785857677459717,183100,GGAL
2009-11-04,5.800000190734863,5.940000057220459,5.71999979019165,5.769999980926514,4.704326629638672,320400,GGAL
2009-11-05,5.909999847412109,6.0,5.75,5.889999866485596,4.802164077758789,212300,GGAL
2009-11-06,5.880000114440918,6.199999809265137,5.599999904632568,5.880000114440918,4.794010639190674,333000,GGAL
2009-11-09,5.889999866485596,6.099999904632568,5.889999866485596,6.099999904632568,4.973379135131836,199900,GGAL
2009-11-10,6.099999904632568,6.099999904632568,5.900000095367432,6.039999961853027,4.924459934234619,79100,GGAL
2009-11-11,5.880000114440918,6.059999942779541,5.840000152587891,5.940000057220459,4.842929363250732,129900,GGAL
2009-11-12,5.889999866485596,5.909999847412109,5.699999809265137,5.760000228881836,4.6961750984191895,180200,GGAL
2009-11-13,5.690000057220459,5.900000095367432,5.559999942779541,5.900000095367432,4.810316562652588,124600,GGAL
2009-11-16,6.0,6.0,5.869999885559082,5.900000095367432,4.810316562652588,155800,GGAL
2009-11-17,5.940000057220459,5.989999771118164,5.800000190734863,5.889999866485596,4.802164077758789,137900,GGAL
2009-11-18,5.900000095367432,5.940000057220459,5.5,5.590000152587891,4.557571887969971,527100,GGAL
2009-11-19,5.590000152587891,5.650000095367432,5.389999866485596,5.610000133514404,4.573878765106201,328200,GGAL
2009-11-20,5.599999904632568,5.619999885559082,5.449999809265137,5.590000152587891,4.557571887969971,66900,GGAL
2009-11-23,5.579999923706055,5.789999961853027,5.579999923706055,5.730000019073486,4.671714782714844,75100,GGAL
2009-11-24,5.75,5.789999961853027,5.590000152587891,5.690000057220459,4.639102458953857,67300,GGAL
2009-11-25,5.769999980926514,5.880000114440918,5.679999828338623,5.679999828338623,4.630948543548584,32600,GGAL
2009-11-27,5.380000114440918,5.429999828338623,5.25,5.340000152587891,4.353744983673096,116500,GGAL
2009-11-30,5.210000038146973,5.409999847412109,5.210000038146973,5.340000152587891,4.353744983673096,165900,GGAL
2009-12-01,5.389999866485596,5.449999809265137,5.329999923706055,5.389999866485596,4.394509792327881,85900,GGAL
2009-12-02,5.380000114440918,5.53000020980835,5.25,5.329999923706055,4.3455915451049805,79500,GGAL
2009-12-03,5.329999923706055,5.550000190734863,5.329999923706055,5.329999923706055,4.3455915451049805,57000,GGAL
2009-12-04,5.429999828338623,5.429999828338623,5.150000095367432,5.28000020980835,4.304825782775879,64200,GGAL
2009-12-07,5.300000190734863,5.480000019073486,5.150000095367432,5.480000019073486,4.467888355255127,46400,GGAL
2009-12-08,5.539999961853027,5.650000095367432,5.300000190734863,5.550000190734863,4.524959087371826,102700,GGAL
2009-12-09,5.650000095367432,5.650000095367432,5.25,5.269999980926514,4.296672821044922,84700,GGAL
2009-12-10,5.300000190734863,5.460000038146973,5.199999809265137,5.309999942779541,4.329285144805908,237300,GGAL
2009-12-11,5.440000057220459,5.480000019073486,5.349999904632568,5.480000019073486,4.467888355255127,48200,GGAL
2009-12-14,5.53000020980835,5.639999866485596,5.309999942779541,5.630000114440918,4.590184211730957,87300,GGAL
2009-12-15,5.550000190734863,5.75,5.46999979019165,5.699999809265137,4.647255897521973,119200,GGAL
2009-12-16,5.679999828338623,5.800000190734863,5.53000020980835,5.75,4.688021183013916,106600,GGAL
2009-12-17,5.710000038146973,5.710000038146973,5.510000228881836,5.610000133514404,4.573878765106201,107700,GGAL
2009-12-18,5.550000190734863,5.699999809265137,5.210000038146973,5.570000171661377,4.541265487670898,97500,GGAL
2009-12-21,5.570000171661377,5.639999866485596,5.46999979019165,5.559999942779541,4.5331130027771,37000,GGAL
2009-12-22,5.5,5.559999942779541,5.340000152587891,5.489999771118164,4.476040363311768,44100,GGAL
2009-12-23,5.590000152587891,5.590000152587891,5.300000190734863,5.329999923706055,4.3455915451049805,73400,GGAL
2009-12-24,5.340000152587891,5.400000095367432,5.300000190734863,5.320000171661377,4.337438106536865,11700,GGAL
2009-12-28,5.539999961853027,5.590000152587891,5.329999923706055,5.550000190734863,4.524959087371826,64500,GGAL
2009-12-29,5.519999980926514,5.760000228881836,5.5,5.710000038146973,4.655409336090088,153400,GGAL
2009-12-30,5.769999980926514,5.849999904632568,5.650000095367432,5.769999980926514,4.704326629638672,60900,GGAL
2009-12-31,5.739999771118164,5.889999866485596,5.699999809265137,5.760000228881836,4.6961750984191895,17400,GGAL
2010-01-04,5.760000228881836,5.849999904632568,5.639999866485596,5.789999961853027,4.720633029937744,77100,GGAL
2010-01-05,5.789999961853027,6.0,5.789999961853027,5.989999771118164,4.883695125579834,165900,GGAL
2010-01-06,6.0,6.0,5.590000152587891,5.630000114440918,4.590184211730957,239700,GGAL
2010-01-07,5.53000020980835,5.840000152587891,5.53000020980835,5.829999923706055,4.753244876861572,94100,GGAL
2010-01-08,5.849999904632568,5.849999904632568,5.5,5.730000019073486,4.671714782714844,136000,GGAL
2010-01-11,5.860000133514404,5.860000133514404,5.409999847412109,5.510000228881836,4.492347717285156,145600,GGAL
2010-01-12,5.400000095367432,5.449999809265137,5.210000038146973,5.25,4.280367374420166,111500,GGAL
2010-01-13,5.300000190734863,5.429999828338623,5.210000038146973,5.369999885559082,4.378203868865967,157000,GGAL
2010-01-14,5.320000171661377,5.650000095367432,5.320000171661377,5.590000152587891,4.557571887969971,73600,GGAL
2010-01-15,5.510000228881836,5.639999866485596,5.369999885559082,5.429999828338623,4.427122116088867,60800,GGAL
2010-01-19,5.460000038146973,5.670000076293945,5.380000114440918,5.570000171661377,4.541265487670898,88100,GGAL
2010-01-20,5.690000057220459,5.690000057220459,5.449999809265137,5.510000228881836,4.492347717285156,64000,GGAL
2010-01-21,5.460000038146973,5.519999980926514,5.269999980926514,5.380000114440918,4.386356830596924,104300,GGAL
2010-01-22,5.360000133514404,5.440000057220459,5.25,5.300000190734863,4.321131706237793,18700,GGAL
2010-01-25,5.329999923706055,5.369999885559082,5.21999979019165,5.289999961853027,4.312978744506836,70300,GGAL
2010-01-26,5.25,5.349999904632568,5.210000038146973,5.210000038146973,4.2477545738220215,49600,GGAL
2010-01-27,5.199999809265137,5.260000228881836,5.150000095367432,5.150000095367432,4.1988372802734375,100400,GGAL
2010-01-28,5.159999847412109,5.269999980926514,5.150000095367432,5.170000076293945,4.215141773223877,49400,GGAL
2010-01-29,5.199999809265137,5.28000020980835,5.150000095367432,5.210000038146973,4.2477545738220215,69500,GGAL
2010-02-01,5.210000038146973,5.349999904632568,5.159999847412109,5.340000152587891,4.353744983673096,63900,GGAL
2010-02-02,5.309999942779541,5.340000152587891,5.239999771118164,5.309999942779541,4.329285144805908,31200,GGAL
2010-02-03,5.349999904632568,5.349999904632568,5.199999809265137,5.230000019073486,4.264060974121094,50000,GGAL
2010-02-04,5.21999979019165,5.21999979019165,4.949999809265137,4.96999979019165,4.0520806312561035,86000,GGAL
2010-02-05,5.0,5.0,4.75,4.849999904632568,3.9542434215545654,115700,GGAL
2010-02-08,4.820000171661377,4.880000114440918,4.800000190734863,4.820000171661377,3.9297845363616943,70900,GGAL
2010-02-09,4.840000152587891,4.849999904632568,4.75,4.769999980926514,3.88901948928833,102400,GGAL
2010-02-10,4.800000190734863,4.909999847412109,4.800000190734863,4.820000171661377,3.9297845363616943,47700,GGAL
2010-02-11,4.869999885559082,5.019999980926514,4.829999923706055,5.019999980926514,4.092845916748047,59900,GGAL
2010-02-12,4.840000152587891,5.150000095367432,4.829999923706055,5.150000095367432,4.1988372802734375,87100,GGAL
2010-02-16,5.170000076293945,5.170000076293945,4.800000190734863,4.920000076293945,4.011315822601318,123100,GGAL
2010-02-17,4.909999847412109,4.949999809265137,4.809999942779541,4.809999942779541,3.921631097793579,66100,GGAL
2010-02-18,4.849999904632568,5.019999980926514,4.800000190734863,4.829999923706055,3.9379374980926514,122700,GGAL
2010-02-19,4.829999923706055,4.949999809265137,4.829999923706055,4.929999828338623,4.019469261169434,39200,GGAL
2010-02-22,4.920000076293945,4.920000076293945,4.809999942779541,4.860000133514404,3.962397336959839,78900,GGAL
2010-02-23,4.869999885559082,4.869999885559082,4.75,4.789999961853027,3.905324935913086,148700,GGAL
2010-02-24,4.78000020980835,4.809999942779541,4.75,4.789999961853027,3.905324935913086,106100,GGAL
2010-02-25,4.690000057220459,4.71999979019165,4.53000020980835,4.71999979019165,3.8482537269592285,123600,GGAL
2010-02-26,4.690000057220459,4.869999885559082,4.659999847412109,4.800000190734863,3.913477659225464,69600,GGAL
2010-03-01,4.760000228881836,5.0,4.760000228881836,4.96999979019165,4.0520806312561035,79800,GGAL
2010-03-02,4.980000019073486,5.159999847412109,4.940000057220459,5.070000171661377,4.133611679077148,88500,GGAL
2010-03-03,5.090000152587891,5.090000152587891,4.980000019073486,5.010000228881836,4.084692001342773,87100,GGAL
2010-03-04,4.980000019073486,5.0,4.949999809265137,4.96999979019165,4.0520806312561035,40000,GGAL
2010-03-05,5.0,5.050000190734863,4.900000095367432,4.900000095367432,3.995009660720825,104800,GGAL
2010-03-08,4.900000095367432,5.090000152587891,4.880000114440918,5.019999980926514,4.092845916748047,92100,GGAL
2010-03-09,4.929999828338623,5.050000190734863,4.929999828338623,5.050000190734863,4.117305755615234,119800,GGAL
2010-03-10,5.050000190734863,5.349999904632568,5.050000190734863,5.300000190734863,4.321131706237793,144200,GGAL
2010-03-11,5.230000019073486,5.360000133514404,5.130000114440918,5.210000038146973,4.2477545738220215,54300,GGAL
2010-03-12,5.199999809265137,5.369999885559082,5.199999809265137,5.329999923706055,4.3455915451049805,61300,GGAL
2010-03-15,5.360000133514404,5.440000057220459,5.269999980926514,5.369999885559082,4.378203868865967,121500,GGAL
2010-03-16,5.340000152587891,5.550000190734863,5.340000152587891,5.5,4.484195232391357,236600,GGAL
2010-03-17,5.539999961853027,5.71999979019165,5.420000076293945,5.630000114440918,4.590184211730957,407100,GGAL
2010-03-18,5.690000057220459,5.699999809265137,5.590000152587891,5.679999828338623,4.630948543548584,93900,GGAL
2010-03-19,5.760000228881836,5.840000152587891,5.599999904632568,5.789999961853027,4.720633029937744,166400,GGAL
2010-03-22,5.789999961853027,5.989999771118164,5.739999771118164,5.960000038146973,4.8592352867126465,335700,GGAL
2010-03-23,5.989999771118164,6.199999809265137,5.920000076293945,6.170000076293945,5.03045129776001,428900,GGAL
2010-03-24,5.980000019073486,6.25,5.980000019073486,6.130000114440918,4.997837543487549,115000,GGAL
2010-03-25,6.210000038146973,6.309999942779541,6.139999866485596,6.199999809265137,5.054909706115723,256800,GGAL
2010-03-26,6.159999847412109,6.25,6.079999923706055,6.079999923706055,4.957072734832764,104200,GGAL
2010-03-29,6.190000057220459,6.210000038146973,6.0,6.130000114440918,4.997837543487549,99400,GGAL
2010-03-30,6.170000076293945,6.190000057220459,6.03000020980835,6.050000190734863,4.932613372802734,79900,GGAL
2010-03-31,6.010000228881836,6.119999885559082,5.940000057220459,5.949999809265137,4.851082801818848,146700,GGAL
2010-04-01,5.989999771118164,5.989999771118164,5.75,5.829999923706055,4.753244876861572,81400,GGAL
2010-04-05,5.849999904632568,6.199999809265137,5.849999904632568,6.090000152587891,4.965225696563721,178800,GGAL
2010-04-06,6.039999961853027,6.230000019073486,5.980000019073486,6.190000057220459,5.046756267547607,178300,GGAL
2010-04-07,6.210000038146973,6.25,6.059999942779541,6.110000133514404,4.981532573699951,190000,GGAL
2010-04-08,6.079999923706055,6.090000152587891,5.900000095367432,6.090000152587891,4.965225696563721,176900,GGAL
2010-04-09,6.070000171661377,6.309999942779541,6.070000171661377,6.28000020980835,5.120133876800537,166900,GGAL
2010-04-12,6.320000171661377,6.380000114440918,6.239999771118164,6.329999923706055,5.1608991622924805,161600,GGAL
2010-04-13,6.369999885559082,6.369999885559082,6.21999979019165,6.25,5.095675468444824,142200,GGAL
2010-04-14,6.349999904632568,6.349999904632568,6.210000038146973,6.260000228881836,5.103827953338623,117100,GGAL
2010-04-15,6.179999828338623,6.329999923706055,6.179999828338623,6.28000020980835,5.120133876800537,152600,GGAL
2010-04-16,6.340000152587891,6.340000152587891,6.0,6.070000171661377,4.94891881942749,67600,GGAL
2010-04-19,6.119999885559082,6.230000019073486,5.929999828338623,6.119999885559082,4.989685535430908,252000,GGAL
2010-04-20,6.21999979019165,6.230000019073486,6.139999866485596,6.159999847412109,5.022298336029053,62200,GGAL
2010-04-21,6.179999828338623,6.449999809265137,6.159999847412109,6.239999771118164,5.087521076202393,204000,GGAL
2010-04-22,6.239999771118164,6.489999771118164,6.059999942779541,6.480000019073486,5.283195495605469,306600,GGAL
2010-04-23,6.21999979019165,6.489999771118164,6.21999979019165,6.369999885559082,5.193511962890625,86900,GGAL
2010-04-26,6.400000095367432,6.409999847412109,6.320000171661377,6.329999923706055,5.1608991622924805,119300,GGAL
2010-04-27,6.230000019073486,6.349999904632568,6.0,6.079999923706055,4.957072734832764,231900,GGAL
2010-04-28,6.210000038146973,6.210000038146973,6.050000190734863,6.150000095367432,5.0141448974609375,147800,GGAL
2010-04-29,6.199999809265137,6.25,6.130000114440918,6.150000095367432,5.0141448974609375,191600,GGAL
2010-04-30,6.110000133514404,6.150000095367432,5.96999979019165,5.989999771118164,4.883695125579834,223800,GGAL
2010-05-03,6.010000228881836,6.199999809265137,5.96999979019165,6.119999885559082,4.989685535430908,105500,GGAL
2010-05-04,6.170000076293945,6.170000076293945,5.900000095367432,5.909999847412109,4.818470478057861,289700,GGAL
2010-05-05,5.900000095367432,5.940000057220459,5.769999980926514,5.820000171661377,4.745092868804932,405800,GGAL
2010-05-06,5.929999828338623,5.929999828338623,4.909999847412109,5.369999885559082,4.378203868865967,415200,GGAL
2010-05-07,5.300000190734863,5.619999885559082,5.159999847412109,5.300000190734863,4.321131706237793,288300,GGAL
2010-05-10,5.96999979019165,6.0,5.570000171661377,5.980000019073486,4.875541687011719,292600,GGAL
2010-05-11,5.789999961853027,6.150000095367432,5.789999961853027,5.920000076293945,4.82662296295166,109400,GGAL
2010-05-12,5.960000038146973,6.170000076293945,5.679999828338623,5.940000057220459,4.842929363250732,83100,GGAL
2010-05-13,5.889999866485596,6.0,5.820000171661377,5.909999847412109,4.818470478057861,101600,GGAL
2010-05-14,5.820000171661377,5.820000171661377,5.519999980926514,5.599999904632568,4.565724849700928,325900,GGAL
2010-05-17,5.590000152587891,5.940000057220459,5.369999885559082,5.449999809265137,4.443428993225098,129400,GGAL
2010-05-18,5.489999771118164,5.599999904632568,5.380000114440918,5.420000076293945,4.41896915435791,135700,GGAL
2010-05-19,5.429999828338623,5.5,5.329999923706055,5.449999809265137,4.443428993225098,183400,GGAL
2010-05-20,5.349999904632568,5.349999904632568,5.099999904632568,5.119999885559082,4.174376487731934,101800,GGAL
2010-05-21,5.070000171661377,5.340000152587891,4.920000076293945,5.329999923706055,4.3455915451049805,236200,GGAL
2010-05-24,5.28000020980835,5.400000095367432,5.190000057220459,5.300000190734863,4.321131706237793,28100,GGAL
2010-05-25,5.25,5.340000152587891,5.050000190734863,5.300000190734863,4.321131706237793,99200,GGAL
2010-05-26,5.329999923706055,5.409999847412109,5.099999904632568,5.150000095367432,4.1988372802734375,183800,GGAL
2010-05-27,5.21999979019165,5.489999771118164,5.21999979019165,5.489999771118164,4.476040363311768,113200,GGAL
2010-05-28,5.440000057220459,5.559999942779541,5.329999923706055,5.550000190734863,4.524959087371826,165900,GGAL
2010-06-01,5.559999942779541,5.619999885559082,5.46999979019165,5.519999980926514,4.500500202178955,58500,GGAL
2010-06-02,5.659999847412109,5.699999809265137,5.53000020980835,5.679999828338623,4.630948543548584,66700,GGAL
2010-06-03,5.739999771118164,5.829999923706055,5.559999942779541,5.800000190734863,4.728786945343018,65700,GGAL
2010-06-04,5.670000076293945,5.690000057220459,5.440000057220459,5.440000057220459,4.435275554656982,85300,GGAL
2010-06-07,5.449999809265137,5.539999961853027,5.349999904632568,5.460000038146973,4.4515814781188965,74100,GGAL
2010-06-08,5.409999847412109,5.519999980926514,5.320000171661377,5.5,4.484195232391357,65900,GGAL
2010-06-09,5.599999904632568,5.760000228881836,5.590000152587891,5.699999809265137,4.647255897521973,110600,GGAL
2010-06-10,5.849999904632568,5.889999866485596,5.679999828338623,5.889999866485596,4.802164077758789,103800,GGAL
2010-06-11,5.840000152587891,5.96999979019165,5.769999980926514,5.940000057220459,4.842929363250732,39000,GGAL
2010-06-14,5.940000057220459,6.110000133514404,5.940000057220459,5.989999771118164,4.883695125579834,56600,GGAL
2010-06-15,5.949999809265137,6.170000076293945,5.900000095367432,6.150000095367432,5.0141448974609375,235300,GGAL
2010-06-16,6.150000095367432,6.170000076293945,5.980000019073486,6.130000114440918,4.997837543487549,70000,GGAL
2010-06-17,6.199999809265137,6.199999809265137,6.010000228881836,6.070000171661377,4.94891881942749,72200,GGAL
2010-06-18,6.130000114440918,6.159999847412109,6.079999923706055,6.150000095367432,5.0141448974609375,63400,GGAL
2010-06-21,6.199999809265137,6.199999809265137,6.130000114440918,6.159999847412109,5.022298336029053,43400,GGAL
2010-06-22,6.199999809265137,6.360000133514404,6.199999809265137,6.329999923706055,5.1608991622924805,95600,GGAL
2010-06-23,6.380000114440918,6.380000114440918,6.199999809265137,6.230000019073486,5.079368591308594,627800,GGAL
2010-06-24,6.239999771118164,6.269999980926514,6.070000171661377,6.150000095367432,5.0141448974609375,104100,GGAL
2010-06-25,6.139999866485596,6.329999923706055,6.119999885559082,6.190000057220459,5.046756267547607,115100,GGAL
2010-06-28,6.130000114440918,6.139999866485596,5.909999847412109,6.050000190734863,4.932613372802734,50000,GGAL
2010-06-29,5.900000095367432,5.900000095367432,5.71999979019165,5.78000020980835,4.7124810218811035,59600,GGAL
2010-06-30,5.809999942779541,5.929999828338623,5.690000057220459,5.699999809265137,4.647255897521973,122300,GGAL
2010-07-01,5.75,5.769999980926514,5.539999961853027,5.670000076293945,4.622796058654785,142000,GGAL
2010-07-02,5.610000133514404,5.769999980926514,5.610000133514404,5.71999979019165,4.66356086730957,70000,GGAL
2010-07-06,5.900000095367432,5.929999828338623,5.659999847412109,5.75,4.688021183013916,54600,GGAL
2010-07-07,5.809999942779541,5.989999771118164,5.75,5.989999771118164,4.883695125579834,27800,GGAL
2010-07-08,6.079999923706055,6.099999904632568,5.909999847412109,6.099999904632568,4.973379135131836,23100,GGAL
2010-07-09,6.070000171661377,6.400000095367432,6.059999942779541,6.369999885559082,5.193511962890625,91400,GGAL
2010-07-12,6.400000095367432,6.400000095367432,6.170000076293945,6.210000038146973,5.063063621520996,98800,GGAL
2010-07-13,6.25,6.320000171661377,6.159999847412109,6.25,5.095675468444824,119000,GGAL
2010-07-14,6.300000190734863,6.300000190734863,6.210000038146973,6.230000019073486,5.079368591308594,169200,GGAL
2010-07-15,6.099999904632568,6.300000190734863,6.0,6.170000076293945,5.03045129776001,1576200,GGAL
2010-07-16,6.090000152587891,6.269999980926514,6.03000020980835,6.090000152587891,4.965225696563721,109000,GGAL
2010-07-19,6.119999885559082,6.230000019073486,6.119999885559082,6.230000019073486,5.079368591308594,211900,GGAL
2010-07-20,6.269999980926514,6.269999980926514,6.059999942779541,6.170000076293945,5.03045129776001,607400,GGAL
2010-07-21,6.159999847412109,6.389999866485596,6.130000114440918,6.269999980926514,5.111981391906738,1063400,GGAL
2010-07-22,6.349999904632568,6.349999904632568,6.25,6.300000190734863,5.136440277099609,427000,GGAL
2010-07-23,6.340000152587891,6.340000152587891,6.230000019073486,6.300000190734863,5.136440277099609,121400,GGAL
2010-07-26,6.300000190734863,6.400000095367432,6.25,6.380000114440918,5.201664924621582,300000,GGAL
2010-07-27,6.329999923706055,6.449999809265137,6.329999923706055,6.389999866485596,5.209816932678223,573800,GGAL
2010-07-28,6.329999923706055,6.360000133514404,6.230000019073486,6.289999961853027,5.128287315368652,273400,GGAL
2010-07-29,6.389999866485596,6.389999866485596,6.269999980926514,6.329999923706055,5.1608991622924805,1179700,GGAL
2010-07-30,6.28000020980835,6.349999904632568,6.269999980926514,6.300000190734863,5.136440277099609,396900,GGAL
2010-08-02,6.440000057220459,6.809999942779541,6.269999980926514,6.659999847412109,5.429951190948486,5301400,GGAL
2010-08-03,6.789999961853027,7.0,6.659999847412109,6.900000095367432,5.625624656677246,994800,GGAL
2010-08-04,6.96999979019165,7.039999961853027,6.840000152587891,7.010000228881836,5.715309143066406,318700,GGAL
2010-08-05,7.010000228881836,7.139999866485596,6.96999979019165,7.119999885559082,5.804993629455566,578600,GGAL
2010-08-06,7.010000228881836,7.110000133514404,6.900000095367432,6.980000019073486,5.690850257873535,464400,GGAL
2010-08-09,7.0,7.199999809265137,6.900000095367432,7.190000057220459,5.862064361572266,537000,GGAL
2010-08-10,7.059999942779541,7.179999828338623,6.829999923706055,7.130000114440918,5.813146591186523,162900,GGAL
2010-08-11,7.199999809265137,7.590000152587891,7.099999904632568,7.550000190734863,6.155575752258301,1424800,GGAL
2010-08-12,7.480000019073486,8.359999656677246,7.329999923706055,7.650000095367432,6.237105846405029,1998300,GGAL
2010-08-13,7.550000190734863,7.860000133514404,7.5,7.820000171661377,6.37570858001709,638600,GGAL
2010-08-16,7.869999885559082,8.399999618530273,7.630000114440918,8.350000381469727,6.807822227478027,841100,GGAL
2010-08-17,8.489999771118164,8.710000038146973,8.109999656677246,8.600000381469727,7.011648178100586,1865800,GGAL
2010-08-18,8.529999732971191,8.6899995803833,8.380000114440918,8.6899995803833,7.08502721786499,892200,GGAL
2010-08-19,8.699999809265137,8.9399995803833,8.479999542236328,8.5,6.930117130279541,1342700,GGAL
2010-08-20,8.319999694824219,8.510000228881836,8.3100004196167,8.470000267028809,6.905657768249512,689500,GGAL
2010-08-23,8.65999984741211,8.680000305175781,8.0,8.020000457763672,6.5387701988220215,928100,GGAL
2010-08-24,7.829999923706055,7.889999866485596,7.489999771118164,7.5,6.114810466766357,1749800,GGAL
2010-08-25,7.590000152587891,7.989999771118164,7.329999923706055,7.949999809265137,6.481698036193848,975500,GGAL
2010-08-26,8.020000457763672,8.380000114440918,8.010000228881836,8.050000190734863,6.563229084014893,848700,GGAL
2010-08-27,8.010000228881836,8.109999656677246,7.769999980926514,8.029999732971191,6.54692268371582,433400,GGAL
2010-08-30,7.960000038146973,8.09000015258789,7.71999979019165,7.71999979019165,6.294178009033203,207700,GGAL
2010-08-31,7.650000095367432,8.15999984741211,7.599999904632568,8.079999923706055,6.587688446044922,488800,GGAL
2010-09-01,8.260000228881836,8.489999771118164,8.1899995803833,8.430000305175781,6.873045444488525,696600,GGAL
2010-09-02,8.40999984741211,8.539999961853027,8.199999809265137,8.449999809265137,6.889351844787598,511000,GGAL
2010-09-03,8.6899995803833,8.6899995803833,8.40999984741211,8.479999542236328,6.913810729980469,365600,GGAL
2010-09-07,8.550000190734863,8.75,8.359999656677246,8.710000038146973,7.101332187652588,480800,GGAL
2010-09-08,8.829999923706055,8.930000305175781,8.710000038146973,8.75,7.133945465087891,722800,GGAL
2010-09-09,8.920000076293945,8.920000076293945,8.680000305175781,8.789999961853027,7.1665568351745605,623000,GGAL
2010-09-10,8.6899995803833,8.720000267028809,8.510000228881836,8.65999984741211,7.0605669021606445,285800,GGAL
2010-09-13,8.800000190734863,8.899999618530273,8.699999809265137,8.869999885559082,7.231781959533691,513600,GGAL
2010-09-14,8.789999961853027,8.899999618530273,8.649999618530273,8.770000457763672,7.150251865386963,343400,GGAL
2010-09-15,8.680000305175781,8.770000457763672,8.579999923706055,8.770000457763672,7.150251865386963,173700,GGAL
2010-09-16,8.869999885559082,8.899999618530273,8.539999961853027,8.699999809265137,7.093178749084473,233100,GGAL
2010-09-17,8.800000190734863,9.25,8.699999809265137,9.15999984741211,7.468221664428711,1634800,GGAL
2010-09-20,9.109999656677246,9.670000076293945,9.109999656677246,9.609999656677246,7.835109233856201,1123900,GGAL
2010-09-21,9.729999542236328,9.729999542236328,9.279999732971191,9.460000038146973,7.712815284729004,583300,GGAL
2010-09-22,9.369999885559082,9.569999694824219,9.319999694824219,9.40999984741211,7.672049522399902,227000,GGAL
2010-09-23,9.239999771118164,9.5,9.149999618530273,9.260000228881836,7.549750328063965,238800,GGAL
2010-09-24,9.34000015258789,9.819999694824219,9.34000015258789,9.8100004196167,7.998172283172607,378100,GGAL
2010-09-27,9.850000381469727,9.890000343322754,9.579999923706055,9.699999809265137,7.908486843109131,184700,GGAL
2010-09-28,10.050000190734863,10.1899995803833,9.800000190734863,10.149999618530273,8.275376319885254,942200,GGAL
2010-09-29,10.239999771118164,10.300000190734863,9.920000076293945,9.960000038146973,8.120469093322754,388200,GGAL
2010-09-30,9.979999542236328,10.25,9.84000015258789,9.979999542236328,8.136772155761719,318800,GGAL
2010-10-01,10.130000114440918,10.1899995803833,9.880000114440918,10.069999694824219,8.210150718688965,272800,GGAL
2010-10-04,10.130000114440918,10.289999961853027,9.899999618530273,9.970000267028809,8.128623008728027,333700,GGAL
2010-10-05,10.149999618530273,10.279999732971191,9.970000267028809,10.199999809265137,8.316141128540039,460900,GGAL
2010-10-06,10.279999732971191,10.279999732971191,9.989999771118164,10.0600004196167,8.201998710632324,241700,GGAL
2010-10-07,10.25,10.300000190734863,9.850000381469727,9.859999656677246,8.038938522338867,274500,GGAL
2010-10-08,9.9399995803833,10.15999984741211,9.829999923706055,10.119999885559082,8.250916481018066,115000,GGAL
2010-10-11,10.050000190734863,10.170000076293945,10.010000228881836,10.119999885559082,8.250916481018066,44800,GGAL
2010-10-12,10.0600004196167,10.170000076293945,9.90999984741211,10.140000343322754,8.267223358154297,253800,GGAL
2010-10-13,10.199999809265137,10.460000038146973,10.1899995803833,10.300000190734863,8.397674560546875,544500,GGAL
2010-10-14,10.399999618530273,10.399999618530273,9.850000381469727,9.979999542236328,8.136772155761719,420500,GGAL
2010-10-15,10.130000114440918,10.15999984741211,9.859999656677246,10.010000228881836,8.161232948303223,121500,GGAL
2010-10-18,10.140000343322754,10.140000343322754,9.930000305175781,10.039999961853027,8.185691833496094,166500,GGAL
2010-10-19,9.920000076293945,10.319999694824219,9.920000076293945,10.3100004196167,8.4058256149292,2787600,GGAL
2010-10-20,10.399999618530273,11.130000114440918,10.34000015258789,11.039999961853027,9.00100040435791,1237800,GGAL
2010-10-21,11.199999809265137,11.300000190734863,11.0,11.300000190734863,9.212982177734375,881800,GGAL
2010-10-22,11.270000457763672,11.479999542236328,11.069999694824219,11.449999809265137,9.33527660369873,429300,GGAL
2010-10-25,11.640000343322754,12.1899995803833,11.640000343322754,12.1899995803833,9.938604354858398,1189400,GGAL
2010-10-26,12.100000381469727,12.1899995803833,11.84000015258789,11.970000267028809,9.759236335754395,631800,GGAL
2010-10-27,12.170000076293945,15.09000015258789,12.170000076293945,13.010000228881836,10.607158660888672,4680400,GGAL
2010-10-28,12.899999618530273,12.899999618530273,12.199999809265137,12.579999923706055,10.256574630737305,2423800,GGAL
2010-10-29,12.84000015258789,13.199999809265137,12.5,13.029999732971191,10.62346363067627,816300,GGAL
2010-11-01,13.199999809265137,13.770000457763672,13.140000343322754,13.619999885559082,11.10449504852295,1178600,GGAL
2010-11-02,13.760000228881836,14.220000267028809,13.65999984741211,14.210000038146973,11.585526466369629,2367600,GGAL
2010-11-03,14.100000381469727,15.229999542236328,13.899999618530273,15.140000343322754,12.343762397766113,3721500,GGAL
2010-11-04,15.420000076293945,16.299999237060547,15.399999618530273,16.239999771118164,13.240601539611816,2169100,GGAL
2010-11-05,16.15999984741211,16.520000457763672,15.8100004196167,16.34000015258789,13.322131156921387,1399800,GGAL
2010-11-08,16.450000762939453,16.450000762939453,15.84000015258789,16.09000015258789,13.118305206298828,983700,GGAL
2010-11-09,15.9399995803833,16.100000381469727,15.119999885559082,15.430000305175781,12.58020305633545,1121800,GGAL
2010-11-10,15.619999885559082,16.229999542236328,15.220000267028809,16.209999084472656,13.216141700744629,1134600,GGAL
2010-11-11,15.770000457763672,16.479999542236328,15.710000038146973,16.010000228881836,13.053079605102539,612200,GGAL
2010-11-12,15.90999984741211,16.100000381469727,15.15999984741211,15.210000038146973,12.400834083557129,964900,GGAL
2010-11-15,15.109999656677246,15.880000114440918,15.010000228881836,15.5,12.637274742126465,609800,GGAL
2010-11-16,15.449999809265137,15.5,14.539999961853027,14.760000228881836,12.033945083618164,659200,GGAL
2010-11-17,14.649999618530273,15.180000305175781,14.649999618530273,15.039999961853027,12.262231826782227,434800,GGAL
2010-11-18,15.529999732971191,15.529999732971191,15.199999809265137,15.270000457763672,12.449753761291504,596700,GGAL
2010-11-19,15.09000015258789,15.399999618530273,14.899999618530273,15.359999656677246,12.52313232421875,321500,GGAL
2010-11-22,15.550000190734863,15.550000190734863,15.25,15.529999732971191,12.661733627319336,485300,GGAL
2010-11-23,15.15999984741211,15.279999732971191,15.010000228881836,15.09000015258789,12.302996635437012,753300,GGAL
2010-11-24,15.390000343322754,16.299999237060547,15.25,16.18000030517578,13.191683769226074,1555600,GGAL
2010-11-26,16.18000030517578,16.18000030517578,15.84000015258789,15.880000114440918,12.947090148925781,368700,GGAL
2010-11-29,15.869999885559082,15.930000305175781,15.350000381469727,15.539999961853027,12.669886589050293,673900,GGAL
2010-11-30,15.279999732971191,15.449999809265137,15.119999885559082,15.369999885559082,12.53128433227539,321200,GGAL
2010-12-01,15.75,16.100000381469727,15.020000457763672,16.010000228881836,13.053079605102539,1306900,GGAL
2010-12-02,16.1299991607666,16.940000534057617,16.110000610351562,16.540000915527344,13.48519515991211,1930200,GGAL
2010-12-03,16.5,16.6299991607666,15.8100004196167,16.40999984741211,13.379202842712402,484600,GGAL
2010-12-06,16.670000076293945,16.799999237060547,16.34000015258789,16.770000457763672,13.672715187072754,840400,GGAL
2010-12-07,17.059999465942383,17.100000381469727,15.729999542236328,15.800000190734863,12.881865501403809,1093900,GGAL
2010-12-08,15.739999771118164,15.970000267028809,15.109999656677246,15.390000343322754,12.547589302062988,773800,GGAL
2010-12-09,15.399999618530273,15.75,15.34000015258789,15.539999961853027,12.669886589050293,834300,GGAL
2010-12-10,15.550000190734863,15.789999961853027,15.329999923706055,15.470000267028809,12.612814903259277,526200,GGAL
2010-12-13,15.5,15.649999618530273,14.699999809265137,15.010000228881836,12.237773895263672,1142900,GGAL
2010-12-14,14.960000038146973,15.380000114440918,14.869999885559082,15.039999961853027,12.262231826782227,567700,GGAL
2010-12-15,15.0,15.0,14.239999771118164,14.270000457763672,11.634445190429688,815000,GGAL
2010-12-16,14.260000228881836,14.619999885559082,14.199999809265137,14.380000114440918,11.724128723144531,417200,GGAL
2010-12-17,14.470000267028809,14.75,14.380000114440918,14.569999694824219,11.879037857055664,390100,GGAL
2010-12-20,14.550000190734863,15.65999984741211,14.510000228881836,15.3100004196167,12.482365608215332,761100,GGAL
2010-12-21,15.520000457763672,15.6899995803833,15.1899995803833,15.1899995803833,12.384528160095215,344800,GGAL
2010-12-22,14.859999656677246,15.520000457763672,14.859999656677246,15.520000457763672,12.653581619262695,73300,GGAL
2010-12-23,15.640000343322754,15.640000343322754,15.109999656677246,15.149999618530273,12.351914405822754,158200,GGAL
2010-12-27,15.579999923706055,15.600000381469727,14.779999732971191,14.899999618530273,12.148090362548828,255400,GGAL
2010-12-28,15.069999694824219,15.470000267028809,14.9399995803833,15.140000343322754,12.343762397766113,156000,GGAL
2010-12-29,15.300000190734863,15.34000015258789,15.109999656677246,15.279999732971191,12.457905769348145,144700,GGAL
2010-12-30,15.380000114440918,15.380000114440918,14.989999771118164,15.09000015258789,12.302996635437012,114800,GGAL
2010-12-31,15.239999771118164,15.369999885559082,14.869999885559082,15.3100004196167,12.482365608215332,69300,GGAL
2011-01-03,15.399999618530273,16.309999465942383,15.390000343322754,16.040000915527344,13.077540397644043,590900,GGAL
2011-01-04,16.299999237060547,16.31999969482422,15.600000381469727,15.869999885559082,12.938940048217773,369600,GGAL
2011-01-05,16.0,16.010000228881836,15.550000190734863,15.710000038146973,12.808486938476562,297900,GGAL
2011-01-06,15.859999656677246,15.989999771118164,15.5,15.550000190734863,12.678038597106934,165100,GGAL
2011-01-07,15.699999809265137,15.819999694824219,15.0,15.229999542236328,12.41714096069336,386700,GGAL
2011-01-10,15.100000381469727,15.220000267028809,14.600000381469727,15.09000015258789,12.302996635437012,320300,GGAL
2011-01-11,15.039999961853027,15.350000381469727,15.0,15.15999984741211,12.360068321228027,207100,GGAL
2011-01-12,15.350000381469727,15.350000381469727,15.029999732971191,15.270000457763672,12.449753761291504,88100,GGAL
2011-01-13,15.34000015258789,15.399999618530273,15.039999961853027,15.170000076293945,12.3682222366333,184900,GGAL
2011-01-14,15.029999732971191,15.300000190734863,15.010000228881836,15.050000190734863,12.270384788513184,563100,GGAL
2011-01-18,15.0,15.770000457763672,15.0,15.529999732971191,12.661733627319336,1052700,GGAL
2011-01-19,15.899999618530273,16.6200008392334,15.699999809265137,16.520000457763672,13.468890190124512,1225100,GGAL
2011-01-20,16.90999984741211,16.93000030517578,16.18000030517578,16.270000457763672,13.265063285827637,657100,GGAL
2011-01-21,16.5,16.559999465942383,16.149999618530273,16.15999984741211,13.175376892089844,278900,GGAL
2011-01-24,15.949999809265137,16.079999923706055,15.699999809265137,16.020000457763672,13.061234474182129,422700,GGAL
2011-01-25,16.0,16.0,15.6899995803833,15.859999656677246,12.93078327178955,307100,GGAL
2011-01-26,15.989999771118164,16.219999313354492,15.789999961853027,16.1200008392334,13.142765045166016,217600,GGAL
2011-01-27,16.280000686645508,16.290000915527344,15.850000381469727,15.970000267028809,13.020468711853027,303700,GGAL
2011-01-28,15.880000114440918,16.0,15.539999961853027,15.680000305175781,12.784029006958008,340200,GGAL
2011-01-31,15.699999809265137,15.869999885559082,15.300000190734863,15.649999618530273,12.759570121765137,516000,GGAL
2011-02-01,15.699999809265137,15.859999656677246,15.329999923706055,15.380000114440918,12.539437294006348,496500,GGAL
2011-02-02,15.5,15.779999732971191,15.239999771118164,15.760000228881836,12.84925365447998,461400,GGAL
2011-02-03,15.90999984741211,16.010000228881836,15.640000343322754,16.010000228881836,13.053079605102539,203000,GGAL
2011-02-04,16.18000030517578,16.209999084472656,15.520000457763672,16.0,13.044927597045898,205200,GGAL
2011-02-07,16.0,16.049999237060547,15.680000305175781,15.760000228881836,12.84925365447998,275500,GGAL
2011-02-08,15.859999656677246,15.979999542236328,15.670000076293945,15.930000305175781,12.987857818603516,122900,GGAL
2011-02-09,15.850000381469727,15.989999771118164,15.260000228881836,15.380000114440918,12.539437294006348,204500,GGAL
2011-02-10,15.300000190734863,15.300000190734863,14.520000457763672,14.5600004196167,11.87088394165039,469000,GGAL
2011-02-11,14.510000228881836,14.800000190734863,14.510000228881836,14.710000038146973,11.993179321289062,347600,GGAL
2011-02-14,14.75,15.130000114440918,14.75,14.90999984741211,12.156242370605469,350900,GGAL
2011-02-15,14.800000190734863,14.930000305175781,14.510000228881836,14.649999618530273,11.94426155090332,229700,GGAL
2011-02-16,14.800000190734863,15.229999542236328,14.800000190734863,15.010000228881836,12.237773895263672,1076200,GGAL
2011-02-17,14.90999984741211,15.079999923706055,14.710000038146973,14.90999984741211,12.156242370605469,1916400,GGAL
2011-02-18,14.8100004196167,15.3100004196167,14.6899995803833,15.270000457763672,12.449753761291504,418300,GGAL
2011-02-22,15.039999961853027,15.34000015258789,14.8100004196167,14.84000015258789,12.099172592163086,437000,GGAL
2011-02-23,14.760000228881836,14.899999618530273,13.960000038146973,14.010000228881836,11.422467231750488,484900,GGAL
2011-02-24,13.960000038146973,14.09000015258789,13.720000267028809,13.829999923706055,11.275711059570312,402900,GGAL
2011-02-25,13.90999984741211,14.430000305175781,13.90999984741211,14.390000343322754,11.732281684875488,181800,GGAL
2011-02-28,14.600000381469727,14.789999961853027,14.300000190734863,14.369999885559082,11.715975761413574,153700,GGAL
2011-03-01,14.380000114440918,14.539999961853027,13.989999771118164,14.210000038146973,11.585526466369629,226800,GGAL
2011-03-02,14.100000381469727,14.369999885559082,13.720000267028809,13.800000190734863,11.251249313354492,276100,GGAL
2011-03-03,14.220000267028809,14.380000114440918,14.069999694824219,14.319999694824219,11.675211906433105,222200,GGAL
2011-03-04,14.010000228881836,14.40999984741211,14.010000228881836,14.380000114440918,11.724128723144531,130100,GGAL
2011-03-07,14.460000038146973,14.5,14.149999618530273,14.180000305175781,11.561067581176758,88500,GGAL
2011-03-08,14.180000305175781,14.479999542236328,14.079999923706055,14.319999694824219,11.675211906433105,81200,GGAL
2011-03-09,14.1899995803833,14.34000015258789,14.020000457763672,14.079999923706055,11.479537010192871,90600,GGAL
2011-03-10,14.0,14.0,13.729999542236328,13.8100004196167,11.25940227508545,242400,GGAL
2011-03-11,13.90999984741211,14.0,13.5,13.850000381469727,11.292017936706543,96300,GGAL
2011-03-14,13.630000114440918,13.989999771118164,13.630000114440918,13.710000038146973,11.177871704101562,170900,GGAL
2011-03-15,13.229999542236328,13.4399995803833,12.6899995803833,12.979999542236328,10.582697868347168,797900,GGAL
2011-03-16,13.020000457763672,13.380000114440918,12.5600004196167,12.699999809265137,10.354410171508789,573600,GGAL
2011-03-17,12.789999961853027,12.970000267028809,12.770000457763672,12.899999618530273,10.517473220825195,344000,GGAL
2011-03-18,13.25,13.25,12.800000190734863,12.880000114440918,10.501167297363281,261200,GGAL
2011-03-21,12.899999618530273,13.149999618530273,12.850000381469727,12.890000343322754,10.509321212768555,210400,GGAL
2011-03-22,12.800000190734863,13.029999732971191,12.800000190734863,12.880000114440918,10.501167297363281,172700,GGAL
2011-03-23,12.949999809265137,12.979999542236328,12.829999923706055,12.869999885559082,10.493013381958008,212100,GGAL
2011-03-24,12.9399995803833,13.270000457763672,12.84000015258789,13.130000114440918,10.704992294311523,310400,GGAL
2011-03-25,13.079999923706055,13.130000114440918,12.800000190734863,12.850000381469727,10.476709365844727,152800,GGAL
2011-03-28,12.850000381469727,13.020000457763672,12.600000381469727,12.670000076293945,10.329952239990234,116100,GGAL
2011-03-29,12.569999694824219,12.640000343322754,12.239999771118164,12.319999694824219,10.044596672058105,370400,GGAL
2011-03-30,12.369999885559082,12.829999923706055,12.260000228881836,12.59000015258789,10.264728546142578,795500,GGAL
2011-03-31,12.460000038146973,12.819999694824219,12.289999961853027,12.430000305175781,10.134279251098633,498600,GGAL
2011-04-01,12.609999656677246,13.270000457763672,12.609999656677246,13.15999984741211,10.72945499420166,899400,GGAL
2011-04-04,13.260000228881836,13.899999618530273,13.149999618530273,13.829999923706055,11.275711059570312,825700,GGAL
2011-04-05,13.930000305175781,14.119999885559082,13.829999923706055,13.9399995803833,11.365392684936523,651400,GGAL
2011-04-06,14.100000381469727,14.1899995803833,13.739999771118164,13.8100004196167,11.25940227508545,345000,GGAL
2011-04-07,13.789999961853027,14.039999961853027,13.649999618530273,13.649999618530273,11.128954887390137,158000,GGAL
2011-04-08,13.75,13.960000038146973,13.649999618530273,13.75,11.210485458374023,233600,GGAL
2011-04-11,13.859999656677246,13.930000305175781,13.4399995803833,13.449999809265137,10.965892791748047,137800,GGAL
2011-04-12,13.619999885559082,13.619999885559082,13.079999923706055,13.149999618530273,10.721302032470703,513800,GGAL
2011-04-13,13.170000076293945,13.579999923706055,12.84000015258789,13.470000267028809,10.982197761535645,277600,GGAL
2011-04-14,13.390000343322754,13.390000343322754,13.100000381469727,13.279999732971191,10.827288627624512,274300,GGAL
2011-04-15,13.25,13.350000381469727,12.920000076293945,13.270000457763672,10.819138526916504,202000,GGAL
2011-04-18,13.09000015258789,13.149999618530273,12.75,12.8100004196167,10.44409465789795,246300,GGAL
2011-04-19,12.8100004196167,13.149999618530273,12.770000457763672,13.109999656677246,10.688687324523926,163900,GGAL
2011-04-20,13.229999542236328,13.479999542236328,13.109999656677246,13.420000076293945,10.94143295288086,192100,GGAL
2011-04-21,13.5,13.5,13.25,13.289999961853027,10.835444450378418,20300,GGAL
2011-04-25,13.34000015258789,13.380000114440918,13.039999961853027,13.289999961853027,10.835444450378418,129800,GGAL
2011-04-26,13.260000228881836,13.34000015258789,12.869999885559082,12.9399995803833,10.550085067749023,289700,GGAL
2011-04-27,12.90999984741211,13.069999694824219,12.760000228881836,12.880000114440918,10.501167297363281,137000,GGAL
2011-04-28,12.770000457763672,12.949999809265137,12.600000381469727,12.720000267028809,10.370718002319336,102000,GGAL
2011-04-29,12.680000305175781,12.899999618530273,12.649999618530273,12.779999732971191,10.419633865356445,76000,GGAL
2011-05-02,12.829999923706055,13.0,12.670000076293945,12.800000190734863,10.435942649841309,100000,GGAL
2011-05-03,12.710000038146973,12.890000343322754,12.489999771118164,12.850000381469727,10.476709365844727,159000,GGAL
2011-05-04,12.739999771118164,12.770000457763672,12.550000190734863,12.710000038146973,10.362565040588379,202300,GGAL
2011-05-05,12.520000457763672,12.699999809265137,12.34000015258789,12.399999618530273,10.109819412231445,320400,GGAL
2011-05-06,12.600000381469727,12.789999961853027,12.149999618530273,12.399999618530273,10.109819412231445,192000,GGAL
2011-05-09,12.350000381469727,12.979999542236328,12.210000038146973,12.890000343322754,10.509321212768555,139000,GGAL
2011-05-10,13.010000228881836,13.5600004196167,13.010000228881836,13.529999732971191,11.031116485595703,252800,GGAL
2011-05-11,13.470000267028809,13.479999542236328,12.899999618530273,13.020000457763672,10.65389633178711,243600,GGAL
2011-05-12,12.930000305175781,13.25,12.770000457763672,13.15999984741211,10.768452644348145,216700,GGAL
2011-05-13,13.229999542236328,13.399999618530273,13.0,13.039999961853027,10.670259475708008,148000,GGAL
2011-05-16,13.069999694824219,13.210000038146973,12.75,12.819999694824219,10.490240097045898,175800,GGAL
2011-05-17,12.699999809265137,12.850000381469727,12.460000038146973,12.6899995803833,10.383862495422363,194900,GGAL
2011-05-18,12.75,13.0,12.75,12.899999618530273,10.555699348449707,319900,GGAL
2011-05-19,13.0,13.079999923706055,12.59000015258789,12.609999656677246,10.318401336669922,102600,GGAL
2011-05-20,12.5,12.600000381469727,12.329999923706055,12.399999618530273,10.146564483642578,111600,GGAL
2011-05-23,12.25,12.59000015258789,11.949999809265137,11.979999542236328,9.802891731262207,190500,GGAL
2011-05-24,12.119999885559082,12.220000267028809,11.630000114440918,11.65999984741211,9.541045188903809,347200,GGAL
2011-05-25,11.600000381469727,11.84000015258789,11.0600004196167,11.119999885559082,9.099177360534668,479700,GGAL
2011-05-26,10.859999656677246,11.600000381469727,10.850000381469727,11.539999961853027,9.442851066589355,565500,GGAL
2011-05-27,11.59000015258789,11.649999618530273,11.449999809265137,11.600000381469727,9.491950035095215,173100,GGAL
2011-05-31,11.720000267028809,11.8100004196167,11.5,11.619999885559082,9.50831413269043,185700,GGAL
2011-06-01,11.390000343322754,11.6899995803833,11.100000381469727,11.199999809265137,9.164640426635742,226000,GGAL
2011-06-02,11.279999732971191,11.460000038146973,11.020000457763672,11.369999885559082,9.30374526977539,124000,GGAL
2011-06-03,11.140000343322754,11.84000015258789,11.010000228881836,11.779999732971191,9.639238357543945,225000,GGAL
2011-06-06,11.829999923706055,11.90999984741211,11.470000267028809,11.600000381469727,9.491950035095215,136200,GGAL
2011-06-07,11.720000267028809,11.970000267028809,11.680000305175781,11.8100004196167,9.663785934448242,134500,GGAL
2011-06-08,11.739999771118164,11.859999656677246,11.720000267028809,11.8100004196167,9.663785934448242,83800,GGAL
2011-06-09,11.829999923706055,12.369999885559082,11.739999771118164,12.3100004196167,10.072922706604004,290700,GGAL
2011-06-10,12.180000305175781,12.470000267028809,12.0,12.329999923706055,10.089286804199219,161600,GGAL
2011-06-13,12.329999923706055,12.329999923706055,12.039999961853027,12.270000457763672,10.040191650390625,150200,GGAL
2011-06-14,12.329999923706055,12.989999771118164,12.109999656677246,12.6899995803833,10.383862495422363,574200,GGAL
2011-06-15,12.609999656677246,12.899999618530273,12.25,12.649999618530273,10.3511323928833,533100,GGAL
2011-06-16,12.609999656677246,12.800000190734863,12.34000015258789,12.600000381469727,10.310220718383789,244200,GGAL
2011-06-17,12.710000038146973,12.829999923706055,12.5,12.770000457763672,10.449326515197754,269000,GGAL
2011-06-20,12.75,12.970000267028809,12.609999656677246,12.800000190734863,10.47387409210205,200000,GGAL
2011-06-21,12.960000038146973,13.039999961853027,12.789999961853027,13.0,10.637527465820312,275900,GGAL
2011-06-22,13.010000228881836,13.09000015258789,12.800000190734863,13.069999694824219,10.694807052612305,211700,GGAL
2011-06-23,12.859999656677246,13.0,12.649999618530273,12.970000267028809,10.612979888916016,192600,GGAL
2011-06-24,13.079999923706055,13.079999923706055,12.600000381469727,12.970000267028809,10.612979888916016,129400,GGAL
2011-06-27,12.920000076293945,13.210000038146973,12.829999923706055,13.119999885559082,10.735722541809082,129300,GGAL
2011-06-28,13.239999771118164,13.65999984741211,13.109999656677246,13.520000457763672,11.063031196594238,318000,GGAL
2011-06-29,13.649999618530273,13.720000267028809,13.479999542236328,13.59000015258789,11.120307922363281,200900,GGAL
2011-06-30,13.4399995803833,13.800000190734863,13.4399995803833,13.539999961853027,11.079394340515137,294000,GGAL
2011-07-01,13.449999809265137,14.0,13.449999809265137,13.949999809265137,11.414887428283691,252500,GGAL
2011-07-05,14.0,14.100000381469727,13.8100004196167,14.09000015258789,11.529443740844727,128400,GGAL
2011-07-06,14.0600004196167,14.399999618530273,13.989999771118164,14.25,11.660367012023926,461100,GGAL
2011-07-07,14.470000267028809,14.640000343322754,14.350000381469727,14.539999961853027,11.897665977478027,219900,GGAL
2011-07-08,14.470000267028809,14.600000381469727,14.289999961853027,14.569999694824219,11.922215461730957,292400,GGAL
2011-07-11,14.550000190734863,14.5600004196167,14.079999923706055,14.220000267028809,11.635818481445312,361600,GGAL
2011-07-12,14.100000381469727,14.449999809265137,14.010000228881836,14.170000076293945,11.5949068069458,209800,GGAL
2011-07-13,14.289999961853027,14.640000343322754,14.229999542236328,14.270000457763672,11.67673397064209,202000,GGAL
2011-07-14,14.199999809265137,14.649999618530273,14.010000228881836,14.149999618530273,11.57854175567627,202500,GGAL
2011-07-15,14.300000190734863,14.359999656677246,13.949999809265137,14.300000190734863,11.701281547546387,229100,GGAL
2011-07-18,14.079999923706055,14.199999809265137,13.899999618530273,14.079999923706055,11.521262168884277,174900,GGAL
2011-07-19,14.25,14.529999732971191,14.0600004196167,14.5,11.864934921264648,100300,GGAL
2011-07-20,14.5600004196167,14.710000038146973,14.270000457763672,14.529999732971191,11.889486312866211,125900,GGAL
2011-07-21,14.600000381469727,14.760000228881836,14.520000457763672,14.670000076293945,12.00404167175293,169900,GGAL
2011-07-22,14.710000038146973,14.739999771118164,14.600000381469727,14.619999885559082,11.963128089904785,106900,GGAL
2011-07-25,14.5,14.739999771118164,14.149999618530273,14.539999961853027,11.897665977478027,136100,GGAL
2011-07-26,14.479999542236328,14.550000190734863,14.229999542236328,14.479999542236328,11.848569869995117,137800,GGAL
2011-07-27,13.90999984741211,14.3100004196167,13.90999984741211,14.010000228881836,11.463980674743652,169300,GGAL
2011-07-28,14.0,14.380000114440918,13.960000038146973,14.140000343322754,11.570357322692871,101900,GGAL
2011-07-29,14.069999694824219,14.329999923706055,13.84000015258789,14.229999542236328,11.644003868103027,118400,GGAL
2011-08-01,14.520000457763672,14.520000457763672,13.979999542236328,14.140000343322754,11.570357322692871,76600,GGAL
2011-08-02,14.15999984741211,14.65999984741211,14.15999984741211,14.420000076293945,11.799473762512207,235500,GGAL
2011-08-03,14.050000190734863,14.520000457763672,13.979999542236328,14.350000381469727,11.742194175720215,235900,GGAL
2011-08-04,14.109999656677246,14.109999656677246,13.3100004196167,13.369999885559082,10.940291404724121,243200,GGAL
2011-08-05,13.569999694824219,13.569999694824219,12.460000038146973,13.029999732971191,10.662075996398926,384400,GGAL
2011-08-08,12.579999923706055,12.970000267028809,11.5,11.539999961853027,9.442851066589355,440100,GGAL
2011-08-09,11.670000076293945,12.260000228881836,11.25,12.210000038146973,9.991094589233398,371600,GGAL
2011-08-10,11.970000267028809,12.59000015258789,11.649999618530273,12.079999923706055,9.884718894958496,453600,GGAL
2011-08-11,12.260000228881836,12.789999961853027,12.210000038146973,12.630000114440918,10.334768295288086,471200,GGAL
2011-08-12,12.779999732971191,13.029999732971191,12.609999656677246,12.989999771118164,10.62934398651123,202900,GGAL
2011-08-15,12.9399995803833,13.0600004196167,12.729999542236328,12.890000343322754,10.54751968383789,303600,GGAL
2011-08-16,12.640000343322754,12.890000343322754,12.25,12.3100004196167,10.072922706604004,307600,GGAL
2011-08-17,12.449999809265137,12.850000381469727,11.649999618530273,12.739999771118164,10.424777030944824,304300,GGAL
2011-08-18,12.260000228881836,12.329999923706055,11.899999618530273,11.960000038146973,9.786526679992676,261300,GGAL
2011-08-19,11.760000228881836,12.170000076293945,11.649999618530273,11.789999961853027,9.647420883178711,373900,GGAL
2011-08-22,11.970000267028809,12.1899995803833,11.869999885559082,11.949999809265137,9.778343200683594,236900,GGAL
2011-08-23,12.0,12.369999885559082,11.960000038146973,12.119999885559082,9.917449951171875,253500,GGAL
2011-08-24,12.100000381469727,12.449999809265137,11.920000076293945,12.0,9.819256782531738,194100,GGAL
2011-08-25,12.4399995803833,12.449999809265137,11.75,11.75,9.614690780639648,242800,GGAL
2011-08-26,11.65999984741211,11.899999618530273,11.15999984741211,11.6899995803833,9.565594673156738,199000,GGAL
2011-08-29,11.90999984741211,12.100000381469727,11.779999732971191,11.8100004196167,9.663785934448242,160600,GGAL
2011-08-30,11.869999885559082,12.079999923706055,11.579999923706055,11.949999809265137,9.778343200683594,113000,GGAL
2011-08-31,12.050000190734863,12.149999618530273,11.850000381469727,11.899999618530273,9.737430572509766,136000,GGAL
2011-09-01,11.930000305175781,11.930000305175781,11.630000114440918,11.680000305175781,9.55741024017334,101100,GGAL
2011-09-02,11.5,11.779999732971191,11.100000381469727,11.199999809265137,9.164640426635742,291100,GGAL
2011-09-06,10.569999694824219,11.140000343322754,10.199999809265137,11.109999656677246,9.090995788574219,461700,GGAL
2011-09-07,11.220000267028809,11.260000228881836,10.890000343322754,11.029999732971191,9.025533676147461,432400,GGAL
2011-09-08,10.979999542236328,11.069999694824219,10.130000114440918,10.40999984741211,8.518205642700195,459200,GGAL
2011-09-09,10.579999923706055,10.65999984741211,10.149999618530273,10.210000038146973,8.354552268981934,230300,GGAL
2011-09-12,10.0600004196167,10.369999885559082,9.899999618530273,10.109999656677246,8.272723197937012,241900,GGAL
2011-09-13,10.119999885559082,10.260000228881836,9.779999732971191,9.979999542236328,8.166350364685059,219800,GGAL
2011-09-14,10.010000228881836,10.390000343322754,9.880000114440918,10.270000457763672,8.403647422790527,209800,GGAL
2011-09-15,10.350000381469727,10.520000457763672,10.25,10.319999694824219,8.444561004638672,101200,GGAL
2011-09-16,10.3100004196167,10.40999984741211,10.020000457763672,10.170000076293945,8.321821212768555,72500,GGAL
2011-09-19,10.0,10.119999885559082,9.920000076293945,10.0,8.182714462280273,140600,GGAL
2011-09-20,10.069999694824219,10.130000114440918,9.5,9.670000076293945,7.912685394287109,142800,GGAL
2011-09-21,9.619999885559082,9.75,9.119999885559082,9.140000343322754,7.479001522064209,85600,GGAL
2011-09-22,8.899999618530273,8.970000267028809,8.350000381469727,8.59000015258789,7.028951644897461,297200,GGAL
2011-09-23,8.479999542236328,8.869999885559082,8.420000076293945,8.649999618530273,7.078047752380371,129500,GGAL
2011-09-26,8.8100004196167,8.960000038146973,8.350000381469727,8.710000038146973,7.127143859863281,205300,GGAL
2011-09-27,8.989999771118164,9.229999542236328,8.75,8.989999771118164,7.356260299682617,234200,GGAL
2011-09-28,8.970000267028809,9.039999961853027,8.619999885559082,8.65999984741211,7.0862298011779785,61200,GGAL
2011-09-29,8.829999923706055,8.899999618530273,8.430000305175781,8.609999656677246,7.045318126678467,78500,GGAL
2011-09-30,8.4399995803833,8.5,8.15999984741211,8.279999732971191,6.775286674499512,195700,GGAL
2011-10-03,8.180000305175781,8.449999809265137,7.590000152587891,7.639999866485596,6.251593112945557,214500,GGAL
2011-10-04,7.5,8.199999809265137,7.179999828338623,8.109999656677246,6.636180400848389,207100,GGAL
2011-10-05,8.100000381469727,8.199999809265137,7.909999847412109,8.0,6.546171188354492,501600,GGAL
2011-10-06,7.840000152587891,8.369999885559082,7.820000171661377,8.1899995803833,6.7016425132751465,587700,GGAL
2011-10-07,8.289999961853027,8.380000114440918,7.849999904632568,8.039999961853027,6.578901767730713,448500,GGAL
2011-10-10,8.239999771118164,8.6899995803833,8.0600004196167,8.619999885559082,7.053499698638916,216500,GGAL
2011-10-11,8.569999694824219,8.720000267028809,8.350000381469727,8.600000381469727,7.037133693695068,297200,GGAL
2011-10-12,8.680000305175781,9.1899995803833,8.65999984741211,8.989999771118164,7.356260299682617,311100,GGAL
2011-10-13,8.979999542236328,9.369999885559082,8.619999885559082,9.3100004196167,7.618107318878174,310900,GGAL
2011-10-14,9.399999618530273,9.880000114440918,9.149999618530273,9.850000381469727,8.059971809387207,420400,GGAL
2011-10-17,9.760000228881836,9.770000457763672,9.239999771118164,9.399999618530273,7.691750526428223,571100,GGAL
2011-10-18,9.420000076293945,9.5600004196167,9.300000190734863,9.460000038146973,7.740847587585449,354800,GGAL
2011-10-19,9.510000228881836,9.609999656677246,9.170000076293945,9.199999809265137,7.5280961990356445,223300,GGAL
2011-10-20,9.850000381469727,9.850000381469727,8.449999809265137,9.210000038146973,7.53627872467041,190100,GGAL
2011-10-21,9.40999984741211,9.829999923706055,9.25,9.609999656677246,7.863587379455566,359400,GGAL
2011-10-24,9.6899995803833,9.75,9.399999618530273,9.520000457763672,7.789944648742676,531700,GGAL
2011-10-25,9.4399995803833,9.649999618530273,9.109999656677246,9.380000114440918,7.675384521484375,389800,GGAL
2011-10-26,9.520000457763672,9.550000190734863,9.260000228881836,9.430000305175781,7.716299533843994,219400,GGAL
2011-10-27,9.779999732971191,10.25,9.779999732971191,9.979999542236328,8.166350364685059,506700,GGAL
2011-10-28,9.989999771118164,10.210000038146973,9.399999618530273,9.550000190734863,7.814490795135498,357800,GGAL
2011-10-31,9.329999923706055,9.569999694824219,8.25,8.260000228881836,6.758922576904297,702600,GGAL
2011-11-01,7.809999942779541,8.229999542236328,7.599999904632568,8.029999732971191,6.5707197189331055,742400,GGAL
2011-11-02,8.140000343322754,8.489999771118164,7.639999866485596,7.989999771118164,6.537988185882568,887500,GGAL
2011-11-03,8.369999885559082,8.539999961853027,8.050000190734863,8.350000381469727,6.832566738128662,496800,GGAL
2011-11-04,8.350000381469727,8.350000381469727,8.020000457763672,8.079999923706055,6.611632347106934,202300,GGAL
2011-11-07,7.980000019073486,8.149999618530273,7.809999942779541,8.020000457763672,6.56253719329834,305400,GGAL
2011-11-08,8.130000114440918,8.4399995803833,8.130000114440918,8.369999885559082,6.848930835723877,364600,GGAL
2011-11-09,8.199999809265137,8.449999809265137,8.039999961853027,8.079999923706055,6.611632347106934,362500,GGAL
2011-11-10,8.210000038146973,8.25,7.800000190734863,7.860000133514404,6.431613445281982,187400,GGAL
2011-11-11,8.029999732971191,8.220000267028809,7.789999961853027,8.0,6.546171188354492,213200,GGAL
2011-11-14,7.900000095367432,7.909999847412109,7.630000114440918,7.659999847412109,6.267959117889404,439900,GGAL
2011-11-15,7.710000038146973,7.920000076293945,7.5,7.679999828338623,6.284324645996094,270700,GGAL
2011-11-16,7.710000038146973,7.760000228881836,7.329999923706055,7.449999809265137,6.096121788024902,283700,GGAL
2011-11-17,7.449999809265137,7.449999809265137,6.960000038146973,6.989999771118164,5.719717502593994,297400,GGAL
2011-11-18,7.079999923706055,7.239999771118164,6.909999847412109,7.010000228881836,5.736083507537842,526900,GGAL
2011-11-21,6.920000076293945,6.940000057220459,6.710000038146973,6.769999980926514,5.539697170257568,215300,GGAL
2011-11-22,6.739999771118164,6.980000019073486,6.639999866485596,6.920000076293945,5.66243839263916,428800,GGAL
2011-11-23,6.880000114440918,6.909999847412109,6.670000076293945,6.690000057220459,5.474236011505127,455000,GGAL
2011-11-25,6.619999885559082,6.809999942779541,6.619999885559082,6.699999809265137,5.482418060302734,95200,GGAL
2011-11-28,6.900000095367432,7.050000190734863,6.71999979019165,6.769999980926514,5.539697170257568,254000,GGAL
2011-11-29,6.78000020980835,6.869999885559082,6.599999904632568,6.639999866485596,5.433322429656982,554100,GGAL
2011-11-30,7.0,7.170000076293945,6.889999866485596,7.019999980926514,5.744266033172607,701800,GGAL
2011-12-01,7.059999942779541,7.239999771118164,7.039999961853027,7.059999942779541,5.776997089385986,232100,GGAL
2011-12-02,7.21999979019165,7.340000152587891,7.0,7.03000020980835,5.752448558807373,364300,GGAL
2011-12-05,7.190000057220459,7.21999979019165,6.920000076293945,7.0,5.727898597717285,360000,GGAL
2011-12-06,7.010000228881836,7.010000228881836,6.820000171661377,6.909999847412109,5.6542558670043945,287800,GGAL
2011-12-07,6.869999885559082,7.099999904632568,6.760000228881836,6.789999961853027,5.556063175201416,203900,GGAL
2011-12-08,6.650000095367432,6.75,6.559999942779541,6.610000133514404,5.408774375915527,218300,GGAL
2011-12-09,6.599999904632568,6.829999923706055,6.5,6.71999979019165,5.498783588409424,394100,GGAL
2011-12-12,6.690000057220459,6.900000095367432,6.590000152587891,6.619999885559082,5.416956901550293,279200,GGAL
2011-12-13,6.650000095367432,6.75,6.320000171661377,6.369999885559082,5.212388515472412,233900,GGAL
2011-12-14,6.289999961853027,6.320000171661377,6.03000020980835,6.050000190734863,4.950542449951172,454300,GGAL
2011-12-15,6.130000114440918,6.309999942779541,6.130000114440918,6.150000095367432,5.032369613647461,422900,GGAL
2011-12-16,6.289999961853027,6.360000133514404,6.170000076293945,6.25,5.114196300506592,441100,GGAL
2011-12-19,6.309999942779541,6.340000152587891,5.920000076293945,5.929999828338623,4.852349281311035,352400,GGAL
2011-12-20,6.070000171661377,6.130000114440918,6.039999961853027,6.119999885559082,5.007821559906006,853400,GGAL
2011-12-21,6.139999866485596,6.139999866485596,6.0,6.050000190734863,4.950542449951172,690600,GGAL
2011-12-22,6.110000133514404,6.130000114440918,6.059999942779541,6.070000171661377,4.966907024383545,1426400,GGAL
2011-12-23,6.099999904632568,6.130000114440918,5.980000019073486,6.0,4.909628391265869,441600,GGAL
2011-12-27,6.019999980926514,6.059999942779541,5.800000190734863,5.809999942779541,4.754157066345215,1181100,GGAL
2011-12-28,5.800000190734863,5.929999828338623,5.599999904632568,5.760000228881836,4.713243007659912,1025400,GGAL
2011-12-29,5.75,5.949999809265137,5.710000038146973,5.860000133514404,4.795070171356201,1212800,GGAL
2011-12-30,5.880000114440918,5.980000019073486,5.849999904632568,5.929999828338623,4.852349281311035,440500,GGAL
2012-01-03,6.139999866485596,6.619999885559082,6.110000133514404,6.570000171661377,5.376043319702148,1469000,GGAL
2012-01-04,6.559999942779541,7.380000114440918,6.559999942779541,7.289999961853027,5.9651994705200195,1015100,GGAL
2012-01-05,7.150000095367432,7.489999771118164,7.03000020980835,7.429999828338623,6.079756259918213,660600,GGAL
2012-01-06,7.460000038146973,7.860000133514404,7.329999923706055,7.610000133514404,6.22704553604126,707300,GGAL
2012-01-09,7.639999866485596,7.710000038146973,7.420000076293945,7.550000190734863,6.177949905395508,518000,GGAL
2012-01-10,7.730000019073486,7.809999942779541,7.510000228881836,7.699999809265137,6.300690650939941,380800,GGAL
2012-01-11,7.650000095367432,7.670000076293945,7.5,7.510000228881836,6.145218849182129,285000,GGAL
2012-01-12,7.630000114440918,7.690000057220459,7.360000133514404,7.570000171661377,6.194314956665039,299400,GGAL
2012-01-13,7.489999771118164,7.489999771118164,7.139999866485596,7.199999809265137,5.89155387878418,331100,GGAL
2012-01-17,7.360000133514404,7.449999809265137,7.239999771118164,7.28000020980835,5.957016944885254,498500,GGAL
2012-01-18,7.329999923706055,7.699999809265137,7.139999866485596,7.639999866485596,6.251593112945557,186600,GGAL
2012-01-19,7.639999866485596,8.130000114440918,7.639999866485596,7.980000019073486,6.529806613922119,462800,GGAL
2012-01-20,7.929999828338623,8.069999694824219,7.869999885559082,7.900000095367432,6.464344501495361,604900,GGAL
2012-01-23,7.900000095367432,8.09000015258789,7.809999942779541,7.889999866485596,6.4561614990234375,338100,GGAL
2012-01-24,7.860000133514404,7.989999771118164,7.690000057220459,7.929999828338623,6.488893032073975,370500,GGAL
2012-01-25,7.920000076293945,8.100000381469727,7.309999942779541,8.020000457763672,6.56253719329834,417400,GGAL
2012-01-26,8.180000305175781,8.510000228881836,8.140000343322754,8.199999809265137,6.709825038909912,809600,GGAL
2012-01-27,8.119999885559082,8.119999885559082,7.650000095367432,7.739999771118164,6.333421230316162,449500,GGAL
2012-01-30,7.510000228881836,7.570000171661377,7.260000228881836,7.5,6.137036323547363,463700,GGAL
2012-01-31,7.610000133514404,7.769999980926514,7.380000114440918,7.730000019073486,6.3252387046813965,368200,GGAL
2012-02-01,7.840000152587891,7.889999866485596,7.650000095367432,7.760000228881836,6.349786281585693,180100,GGAL
2012-02-02,7.75,7.820000171661377,7.559999942779541,7.639999866485596,6.251593112945557,108600,GGAL
2012-02-03,7.75,7.929999828338623,7.550000190734863,7.579999923706055,6.202497482299805,305500,GGAL
2012-02-06,7.53000020980835,7.679999828338623,7.480000019073486,7.599999904632568,6.218863010406494,190000,GGAL
2012-02-07,7.650000095367432,7.670000076293945,7.210000038146973,7.239999771118164,5.924284934997559,476300,GGAL
2012-02-08,7.28000020980835,7.329999923706055,6.849999904632568,7.010000228881836,5.736083507537842,757000,GGAL
2012-02-09,7.050000190734863,7.21999979019165,6.949999809265137,7.0,5.727898597717285,578700,GGAL
2012-02-10,6.909999847412109,7.110000133514404,6.860000133514404,6.989999771118164,5.719717502593994,313000,GGAL
2012-02-13,7.090000152587891,7.139999866485596,6.980000019073486,6.989999771118164,5.719717502593994,407900,GGAL
2012-02-14,6.900000095367432,6.96999979019165,6.78000020980835,6.849999904632568,5.605158805847168,357100,GGAL
2012-02-15,7.0,7.139999866485596,6.96999979019165,7.079999923706055,5.793361186981201,398500,GGAL
2012-02-16,7.070000171661377,7.349999904632568,7.050000190734863,7.170000076293945,5.867005348205566,558000,GGAL
2012-02-17,7.28000020980835,7.670000076293945,7.199999809265137,7.599999904632568,6.218863010406494,497200,GGAL
2012-02-21,7.690000057220459,8.069999694824219,7.670000076293945,7.980000019073486,6.529806613922119,263700,GGAL
2012-02-22,7.920000076293945,7.929999828338623,7.590000152587891,7.769999980926514,6.357968330383301,361600,GGAL
2012-02-23,7.800000190734863,7.889999866485596,7.659999847412109,7.710000038146973,6.308872699737549,77700,GGAL
2012-02-24,7.710000038146973,7.769999980926514,7.079999923706055,7.119999885559082,5.82609224319458,486300,GGAL
2012-02-27,6.940000057220459,7.409999847412109,6.679999828338623,6.75,5.523332118988037,746900,GGAL
2012-02-28,6.820000171661377,7.119999885559082,6.769999980926514,7.119999885559082,5.82609224319458,346400,GGAL
2012-02-29,7.090000152587891,7.230000019073486,6.800000190734863,6.880000114440918,5.629707336425781,200100,GGAL
2012-03-01,6.900000095367432,7.380000114440918,6.78000020980835,7.269999980926514,5.948832988739014,451300,GGAL
2012-03-02,7.369999885559082,7.400000095367432,7.139999866485596,7.21999979019165,5.907919883728027,196400,GGAL
2012-03-05,7.159999847412109,7.179999828338623,6.849999904632568,6.96999979019165,5.703351020812988,273600,GGAL
2012-03-06,6.730000019073486,6.900000095367432,6.650000095367432,6.869999885559082,5.621524333953857,479300,GGAL
2012-03-07,6.989999771118164,7.119999885559082,6.880000114440918,7.059999942779541,5.776997089385986,357800,GGAL
2012-03-08,7.119999885559082,7.119999885559082,6.860000133514404,6.900000095367432,5.646071910858154,128300,GGAL
2012-03-09,6.900000095367432,6.900000095367432,6.670000076293945,6.769999980926514,5.539697170257568,177300,GGAL
2012-03-12,6.760000228881836,6.820000171661377,6.619999885559082,6.670000076293945,5.457869529724121,389800,GGAL
2012-03-13,6.71999979019165,7.119999885559082,6.610000133514404,6.989999771118164,5.719717502593994,281100,GGAL
2012-03-14,7.019999980926514,7.090000152587891,6.820000171661377,6.880000114440918,5.629707336425781,185300,GGAL
2012-03-15,6.889999866485596,6.989999771118164,6.78000020980835,6.96999979019165,5.703351020812988,114600,GGAL
2012-03-16,7.010000228881836,7.130000114440918,6.929999828338623,7.119999885559082,5.82609224319458,176100,GGAL
2012-03-19,7.119999885559082,7.190000057220459,6.869999885559082,6.920000076293945,5.66243839263916,223900,GGAL
2012-03-20,6.860000133514404,6.880000114440918,6.539999961853027,6.639999866485596,5.433322429656982,429000,GGAL
2012-03-21,6.730000019073486,6.909999847412109,6.539999961853027,6.809999942779541,5.5724287033081055,404300,GGAL
2012-03-22,6.769999980926514,6.849999904632568,6.570000171661377,6.639999866485596,5.433322429656982,141500,GGAL
2012-03-23,6.630000114440918,6.789999961853027,6.630000114440918,6.659999847412109,5.44968843460083,91700,GGAL
2012-03-26,6.730000019073486,6.760000228881836,6.0,6.380000114440918,5.220572471618652,893600,GGAL
2012-03-27,6.429999828338623,6.46999979019165,6.300000190734863,6.380000114440918,5.220572471618652,285800,GGAL
2012-03-28,6.300000190734863,6.380000114440918,6.110000133514404,6.210000038146973,5.081465721130371,164200,GGAL
2012-03-29,6.190000057220459,6.340000152587891,6.090000152587891,6.329999923706055,5.17965841293335,174400,GGAL
2012-03-30,6.440000057220459,6.519999980926514,6.329999923706055,6.429999828338623,5.2614850997924805,210200,GGAL
2012-04-02,6.420000076293945,6.429999828338623,6.099999904632568,6.139999866485596,5.024186611175537,226700,GGAL
2012-04-03,6.130000114440918,6.269999980926514,6.059999942779541,6.150000095367432,5.032369613647461,419400,GGAL
2012-04-04,6.170000076293945,6.170000076293945,5.869999885559082,5.909999847412109,4.835983753204346,319200,GGAL
2012-04-05,5.860000133514404,6.099999904632568,5.760000228881836,5.880000114440918,4.811436653137207,116800,GGAL
2012-04-09,5.849999904632568,5.900000095367432,5.730000019073486,5.840000152587891,4.77870512008667,153500,GGAL
2012-04-10,5.800000190734863,5.929999828338623,5.789999961853027,5.849999904632568,4.7868876457214355,181900,GGAL
2012-04-11,5.949999809265137,6.099999904632568,5.889999866485596,5.940000057220459,4.860532283782959,159900,GGAL
2012-04-12,5.96999979019165,6.340000152587891,5.840000152587891,6.309999942779541,5.163293361663818,339000,GGAL
2012-04-13,6.28000020980835,6.28000020980835,5.760000228881836,5.96999979019165,4.885080814361572,283900,GGAL
2012-04-16,5.960000038146973,6.130000114440918,5.699999809265137,5.820000171661377,4.762340068817139,705000,GGAL
2012-04-17,5.900000095367432,5.900000095367432,5.400000095367432,5.400000095367432,4.418665409088135,465400,GGAL
2012-04-18,5.260000228881836,5.53000020980835,5.199999809265137,5.329999923706055,4.361386775970459,682900,GGAL
2012-04-19,5.300000190734863,5.46999979019165,5.28000020980835,5.460000038146973,4.467762470245361,162400,GGAL
2012-04-20,5.429999828338623,5.730000019073486,5.429999828338623,5.590000152587891,4.574137210845947,171800,GGAL
2012-04-23,5.599999904632568,5.639999866485596,5.460000038146973,5.480000019073486,4.484126567840576,81000,GGAL
2012-04-24,5.550000190734863,5.820000171661377,5.460000038146973,5.820000171661377,4.762340068817139,212600,GGAL
2012-04-25,5.849999904632568,5.900000095367432,5.670000076293945,5.829999923706055,4.770522594451904,230200,GGAL
2012-04-26,5.800000190734863,5.800000190734863,5.559999942779541,5.619999885559082,4.5986857414245605,119400,GGAL
2012-04-27,5.639999866485596,5.78000020980835,5.389999866485596,5.590000152587891,4.574137210845947,211200,GGAL
2012-04-30,5.510000228881836,5.619999885559082,5.489999771118164,5.590000152587891,4.574137210845947,93000,GGAL
2012-05-01,5.659999847412109,5.920000076293945,5.510000228881836,5.699999809265137,4.664146423339844,136000,GGAL
2012-05-02,5.730000019073486,5.730000019073486,5.449999809265137,5.510000228881836,4.508675575256348,180100,GGAL
2012-05-03,5.579999923706055,5.579999923706055,5.199999809265137,5.269999980926514,4.312291145324707,322900,GGAL
2012-05-04,5.210000038146973,5.360000133514404,5.130000114440918,5.260000228881836,4.304107666015625,172500,GGAL
2012-05-07,5.309999942779541,5.380000114440918,5.150000095367432,5.25,4.295925140380859,247000,GGAL
2012-05-08,5.269999980926514,5.920000076293945,5.210000038146973,5.880000114440918,4.811436653137207,317700,GGAL
2012-05-09,5.880000114440918,5.900000095367432,5.389999866485596,5.639999866485596,4.615050792694092,407500,GGAL
2012-05-10,5.760000228881836,5.760000228881836,5.429999828338623,5.449999809265137,4.459578990936279,127000,GGAL
2012-05-11,5.369999885559082,5.480000019073486,5.139999866485596,5.210000038146973,4.263194561004639,190100,GGAL
2012-05-14,5.159999847412109,5.159999847412109,4.949999809265137,4.980000019073486,4.074991226196289,234900,GGAL
2012-05-15,5.329999923706055,5.329999923706055,4.920000076293945,5.070000171661377,4.175466537475586,245600,GGAL
2012-05-16,5.179999828338623,5.179999828338623,4.789999961853027,4.829999923706055,3.9778106212615967,278600,GGAL
2012-05-17,4.840000152587891,5.0,4.619999885559082,4.639999866485596,3.8213343620300293,222200,GGAL
2012-05-18,4.659999847412109,4.920000076293945,4.610000133514404,4.639999866485596,3.8213343620300293,190500,GGAL
2012-05-21,4.639999866485596,4.860000133514404,4.639999866485596,4.78000020980835,3.936633586883545,56900,GGAL
2012-05-22,4.639999866485596,4.940000057220459,4.630000114440918,4.820000171661377,3.9695749282836914,164000,GGAL
2012-05-23,4.75,5.010000228881836,4.559999942779541,4.889999866485596,4.027225017547607,162000,GGAL
2012-05-24,4.940000057220459,4.980000019073486,4.880000114440918,4.929999828338623,4.0601677894592285,118700,GGAL
2012-05-25,4.909999847412109,4.96999979019165,4.78000020980835,4.949999809265137,4.076639652252197,69000,GGAL
2012-05-29,5.0,5.150000095367432,4.800000190734863,4.829999923706055,3.9778106212615967,247800,GGAL
2012-05-30,4.849999904632568,4.849999904632568,4.579999923706055,4.630000114440918,3.813098907470703,171100,GGAL
2012-05-31,4.610000133514404,4.760000228881836,4.53000020980835,4.53000020980835,3.730741500854492,170600,GGAL
2012-06-01,4.519999980926514,4.570000171661377,4.429999828338623,4.5,3.706035614013672,139000,GGAL
2012-06-04,4.46999979019165,4.739999771118164,4.46999979019165,4.590000152587891,3.780156373977661,105200,GGAL
2012-06-05,4.590000152587891,4.710000038146973,4.440000057220459,4.53000020980835,3.730741500854492,199900,GGAL
2012-06-06,4.570000171661377,4.789999961853027,4.570000171661377,4.619999885559082,3.804863691329956,320800,GGAL
2012-06-07,4.630000114440918,4.71999979019165,4.340000152587891,4.440000057220459,3.656621217727661,127100,GGAL
2012-06-08,4.460000038146973,4.480000019073486,4.320000171661377,4.369999885559082,3.5989723205566406,308300,GGAL
2012-06-11,4.429999828338623,5.130000114440918,4.199999809265137,4.210000038146973,3.4672017097473145,168300,GGAL
2012-06-12,4.179999828338623,4.659999847412109,4.179999828338623,4.269999980926514,3.516615867614746,128000,GGAL
2012-06-13,4.289999961853027,4.329999923706055,4.230000019073486,4.260000228881836,3.5083799362182617,110500,GGAL
2012-06-14,4.289999961853027,4.440000057220459,4.139999866485596,4.440000057220459,3.656621217727661,161100,GGAL
2012-06-15,4.599999904632568,4.670000076293945,4.420000076293945,4.599999904632568,3.788391351699829,272200,GGAL
2012-06-18,4.539999961853027,4.539999961853027,4.179999828338623,4.409999847412109,3.6319150924682617,157900,GGAL
2012-06-19,4.489999771118164,4.710000038146973,4.25,4.599999904632568,3.788391351699829,152600,GGAL
2012-06-20,4.659999847412109,4.849999904632568,4.46999979019165,4.519999980926514,3.722506523132324,57600,GGAL
2012-06-21,4.510000228881836,4.639999866485596,4.340000152587891,4.340000152587891,3.574265241622925,322000,GGAL
2012-06-22,4.389999866485596,4.619999885559082,4.340000152587891,4.559999942779541,3.755448579788208,168000,GGAL
2012-06-25,4.5,4.650000095367432,4.449999809265137,4.550000190734863,3.747213363647461,68800,GGAL
2012-06-26,4.46999979019165,4.550000190734863,4.440000057220459,4.519999980926514,3.722506523132324,24800,GGAL
2012-06-27,4.5,4.510000228881836,4.420000076293945,4.420000076293945,3.640150547027588,236200,GGAL
2012-06-28,4.420000076293945,4.510000228881836,4.369999885559082,4.5,3.706035614013672,78700,GGAL
2012-06-29,4.610000133514404,4.71999979019165,4.53000020980835,4.650000095367432,3.829569101333618,137900,GGAL
2012-07-02,4.659999847412109,4.730000019073486,4.5,4.679999828338623,3.854275703430176,153400,GGAL
2012-07-03,4.650000095367432,4.789999961853027,4.619999885559082,4.699999809265137,3.8707478046417236,444700,GGAL
2012-07-05,4.699999809265137,4.78000020980835,4.28000020980835,4.400000095367432,3.6236789226531982,439000,GGAL
2012-07-06,4.409999847412109,4.440000057220459,4.28000020980835,4.320000171661377,3.5577943325042725,214100,GGAL
2012-07-09,4.360000133514404,4.360000133514404,4.199999809265137,4.25,3.5001447200775146,132000,GGAL
2012-07-10,4.369999885559082,4.440000057220459,4.230000019073486,4.25,3.5001447200775146,114400,GGAL
2012-07-11,4.369999885559082,4.489999771118164,4.25,4.360000133514404,3.5907363891601562,374500,GGAL
2012-07-12,4.289999961853027,4.5,4.199999809265137,4.360000133514404,3.5907363891601562,337100,GGAL
2012-07-13,4.380000114440918,4.539999961853027,4.329999923706055,4.489999771118164,3.6977999210357666,125000,GGAL
2012-07-16,4.510000228881836,4.510000228881836,4.360000133514404,4.429999828338623,3.6483852863311768,99100,GGAL
2012-07-17,4.579999923706055,4.579999923706055,4.400000095367432,4.449999809265137,3.6648573875427246,76300,GGAL
2012-07-18,4.409999847412109,4.690000057220459,4.409999847412109,4.679999828338623,3.854275703430176,89400,GGAL
2012-07-19,4.699999809265137,4.78000020980835,4.5,4.53000020980835,3.730741500854492,55100,GGAL
2012-07-20,4.909999847412109,4.940000057220459,4.449999809265137,4.46999979019165,3.681328535079956,122400,GGAL
2012-07-23,4.28000020980835,4.460000038146973,4.28000020980835,4.440000057220459,3.656621217727661,48600,GGAL
2012-07-24,4.380000114440918,4.440000057220459,4.260000228881836,4.389999866485596,3.6154425144195557,193400,GGAL
2012-07-25,4.369999885559082,4.420000076293945,4.320000171661377,4.349999904632568,3.5825002193450928,141300,GGAL
2012-07-26,4.46999979019165,4.570000171661377,4.340000152587891,4.559999942779541,3.755448579788208,129800,GGAL
2012-07-27,4.659999847412109,4.75,4.5,4.619999885559082,3.804863691329956,40300,GGAL
2012-07-30,4.670000076293945,4.730000019073486,4.630000114440918,4.639999866485596,3.8213343620300293,43500,GGAL
2012-07-31,4.559999942779541,4.650000095367432,4.510000228881836,4.639999866485596,3.8213343620300293,10500,GGAL
2012-08-01,4.679999828338623,4.730000019073486,4.460000038146973,4.570000171661377,3.7636847496032715,27000,GGAL
2012-08-02,4.599999904632568,4.699999809265137,4.5,4.699999809265137,3.8707478046417236,68300,GGAL
2012-08-03,4.730000019073486,4.880000114440918,4.599999904632568,4.710000038146973,3.878983974456787,144200,GGAL
2012-08-06,4.900000095367432,4.920000076293945,4.670000076293945,4.760000228881836,3.9201624393463135,57900,GGAL
2012-08-07,4.78000020980835,5.190000057220459,4.679999828338623,4.949999809265137,4.076639652252197,108200,GGAL
2012-08-08,4.860000133514404,5.139999866485596,4.539999961853027,5.0,4.11781644821167,180900,GGAL
2012-08-09,5.0,5.090000152587891,4.699999809265137,5.059999942779541,4.167230606079102,110500,GGAL
2012-08-10,5.010000228881836,5.150000095367432,4.929999828338623,5.03000020980835,4.142524242401123,36000,GGAL
2012-08-13,5.0,5.099999904632568,4.929999828338623,5.039999961853027,4.150759696960449,113300,GGAL
2012-08-14,5.010000228881836,5.170000076293945,4.869999885559082,4.869999885559082,4.010753631591797,96100,GGAL
2012-08-15,4.769999980926514,4.889999866485596,4.710000038146973,4.760000228881836,3.9201624393463135,233200,GGAL
2012-08-16,4.869999885559082,5.110000133514404,4.809999942779541,5.050000190734863,4.158994674682617,85800,GGAL
2012-08-17,5.0,5.110000133514404,4.940000057220459,5.0,4.11781644821167,133500,GGAL
2012-08-20,5.130000114440918,5.130000114440918,4.849999904632568,4.880000114440918,4.0189900398254395,45700,GGAL
2012-08-21,4.980000019073486,5.119999885559082,4.860000133514404,4.989999771118164,4.10958194732666,224600,GGAL
2012-08-22,5.03000020980835,5.03000020980835,4.849999904632568,4.920000076293945,4.0519328117370605,48300,GGAL
2012-08-23,4.860000133514404,4.960000038146973,4.849999904632568,4.929999828338623,4.0601677894592285,131000,GGAL
2012-08-24,4.869999885559082,5.010000228881836,4.809999942779541,4.920000076293945,4.0519328117370605,22500,GGAL
2012-08-27,4.929999828338623,5.0,4.889999866485596,4.949999809265137,4.076639652252197,21800,GGAL
2012-08-28,4.889999866485596,4.940000057220459,4.71999979019165,4.909999847412109,4.04369592666626,38200,GGAL
2012-08-29,4.829999923706055,4.949999809265137,4.829999923706055,4.900000095367432,4.035460472106934,46800,GGAL
2012-08-30,4.809999942779541,4.940000057220459,4.809999942779541,4.909999847412109,4.04369592666626,57300,GGAL
2012-08-31,4.860000133514404,4.960000038146973,4.840000152587891,4.889999866485596,4.027225017547607,127900,GGAL
2012-09-04,4.829999923706055,5.0,4.809999942779541,4.829999923706055,3.9778106212615967,82500,GGAL
2012-09-05,4.809999942779541,4.889999866485596,4.71999979019165,4.769999980926514,3.928398370742798,59800,GGAL
2012-09-06,4.769999980926514,5.0,4.769999980926514,5.0,4.11781644821167,41800,GGAL
2012-09-07,5.090000152587891,5.150000095367432,4.900000095367432,4.949999809265137,4.076639652252197,153300,GGAL
2012-09-10,4.960000038146973,5.039999961853027,4.699999809265137,4.980000019073486,4.101345062255859,33600,GGAL
2012-09-11,4.929999828338623,5.139999866485596,4.929999828338623,5.099999904632568,4.200173377990723,63900,GGAL
2012-09-12,5.150000095367432,5.340000152587891,4.900000095367432,5.210000038146973,4.290765285491943,168300,GGAL
2012-09-13,5.179999828338623,5.659999847412109,5.179999828338623,5.659999847412109,4.661368370056152,146200,GGAL
2012-09-14,5.75,6.159999847412109,5.679999828338623,5.760000228881836,4.743725299835205,446100,GGAL
2012-09-17,5.769999980926514,5.800000190734863,5.389999866485596,5.590000152587891,4.603719711303711,113700,GGAL
2012-09-18,5.53000020980835,5.809999942779541,5.059999942779541,5.730000019073486,4.719018459320068,81100,GGAL
2012-09-19,5.989999771118164,5.989999771118164,5.559999942779541,5.739999771118164,4.727253437042236,98500,GGAL
2012-09-20,5.949999809265137,5.949999809265137,5.579999923706055,5.78000020980835,4.760196685791016,49100,GGAL
2012-09-21,5.949999809265137,6.010000228881836,5.730000019073486,5.900000095367432,4.859023571014404,216800,GGAL
2012-09-24,6.260000228881836,6.460000038146973,6.019999980926514,6.369999885559082,5.246098518371582,326900,GGAL
2012-09-25,6.329999923706055,6.349999904632568,5.800000190734863,6.010000228881836,4.949616432189941,256500,GGAL
2012-09-26,5.929999828338623,6.119999885559082,5.650000095367432,5.730000019073486,4.719018459320068,67100,GGAL
2012-09-27,5.730000019073486,5.900000095367432,5.699999809265137,5.880000114440918,4.84255313873291,45500,GGAL
2012-09-28,5.800000190734863,5.96999979019165,5.559999942779541,5.789999961853027,4.768432140350342,113400,GGAL
2012-10-01,5.900000095367432,5.940000057220459,5.599999904632568,5.699999809265137,4.694310188293457,55700,GGAL
2012-10-02,5.679999828338623,5.690000057220459,5.53000020980835,5.679999828338623,4.677840232849121,51600,GGAL
2012-10-03,5.670000076293945,5.679999828338623,5.53000020980835,5.630000114440918,4.636662483215332,38000,GGAL
2012-10-04,5.619999885559082,5.920000076293945,5.559999942779541,5.920000076293945,4.875495433807373,88200,GGAL
2012-10-05,5.989999771118164,6.119999885559082,5.889999866485596,5.920000076293945,4.875495433807373,53400,GGAL
2012-10-08,5.929999828338623,5.929999828338623,5.71999979019165,5.849999904632568,4.817845821380615,10000,GGAL
2012-10-09,5.800000190734863,5.980000019073486,5.650000095367432,5.690000057220459,4.686075687408447,44000,GGAL
2012-10-10,5.630000114440918,5.800000190734863,5.489999771118164,5.510000228881836,4.537834167480469,67900,GGAL
2012-10-11,5.519999980926514,5.699999809265137,5.519999980926514,5.679999828338623,4.677840232849121,30200,GGAL
2012-10-12,5.630000114440918,5.71999979019165,5.510000228881836,5.699999809265137,4.694310188293457,25800,GGAL
2012-10-15,5.679999828338623,5.739999771118164,5.619999885559082,5.739999771118164,4.727253437042236,17000,GGAL
2012-10-16,5.739999771118164,5.940000057220459,5.71999979019165,5.889999866485596,4.850788116455078,122700,GGAL
2012-10-17,5.869999885559082,6.050000190734863,5.679999828338623,5.889999866485596,4.850788116455078,118800,GGAL
2012-10-18,5.78000020980835,6.0,5.590000152587891,5.71999979019165,4.710782051086426,74500,GGAL
2012-10-19,5.639999866485596,5.739999771118164,5.599999904632568,5.599999904632568,4.611955165863037,19600,GGAL
2012-10-22,5.550000190734863,5.769999980926514,5.5,5.679999828338623,4.677840232849121,90600,GGAL
2012-10-23,5.849999904632568,5.849999904632568,5.429999828338623,5.46999979019165,4.504891395568848,145600,GGAL
2012-10-24,5.46999979019165,5.5,5.349999904632568,5.400000095367432,4.44724178314209,203500,GGAL
2012-10-25,5.420000076293945,5.440000057220459,5.300000190734863,5.409999847412109,4.455477714538574,137100,GGAL
2012-10-26,5.349999904632568,5.380000114440918,5.21999979019165,5.300000190734863,4.364886283874512,19900,GGAL
2012-10-31,5.21999979019165,5.21999979019165,4.980000019073486,5.050000190734863,4.158994674682617,76400,GGAL
2012-11-01,5.130000114440918,5.130000114440918,4.929999828338623,5.0,4.11781644821167,178400,GGAL
2012-11-02,5.010000228881836,5.059999942779541,4.880000114440918,4.949999809265137,4.076639652252197,49000,GGAL
2012-11-05,4.889999866485596,4.949999809265137,4.809999942779541,4.869999885559082,4.010753631591797,164200,GGAL
2012-11-06,4.829999923706055,4.960000038146973,4.809999942779541,4.949999809265137,4.076639652252197,115000,GGAL
2012-11-07,4.849999904632568,4.900000095367432,4.760000228881836,4.820000171661377,3.9695749282836914,36500,GGAL
2012-11-08,4.849999904632568,5.0,4.590000152587891,4.869999885559082,4.010753631591797,136300,GGAL
2012-11-09,4.800000190734863,5.0,4.800000190734863,4.880000114440918,4.0189900398254395,153300,GGAL
2012-11-12,4.869999885559082,4.96999979019165,4.760000228881836,4.820000171661377,3.9695749282836914,72800,GGAL
2012-11-13,4.71999979019165,4.849999904632568,4.570000171661377,4.75,3.91192626953125,80300,GGAL
2012-11-14,4.699999809265137,4.789999961853027,4.539999961853027,4.639999866485596,3.8213343620300293,114200,GGAL
2012-11-15,4.75,4.820000171661377,4.610000133514404,4.690000057220459,3.8625118732452393,105700,GGAL
2012-11-16,4.699999809265137,4.699999809265137,4.550000190734863,4.639999866485596,3.8213343620300293,176200,GGAL
2012-11-19,4.789999961853027,4.989999771118164,4.710000038146973,4.96999979019165,4.093110084533691,194700,GGAL
2012-11-20,4.909999847412109,4.949999809265137,4.800000190734863,4.860000133514404,4.0025177001953125,108800,GGAL
2012-11-21,4.829999923706055,4.889999866485596,4.820000171661377,4.820000171661377,3.9695749282836914,153500,GGAL
2012-11-23,4.760000228881836,4.760000228881836,4.630000114440918,4.679999828338623,3.854275703430176,130300,GGAL
2012-11-26,4.739999771118164,4.820000171661377,4.670000076293945,4.75,3.91192626953125,189900,GGAL
2012-11-27,4.800000190734863,4.949999809265137,4.800000190734863,4.929999828338623,4.0601677894592285,91600,GGAL
2012-11-28,4.829999923706055,5.170000076293945,4.829999923706055,5.139999866485596,4.2331156730651855,180300,GGAL
2012-11-29,5.230000019073486,5.46999979019165,5.230000019073486,5.309999942779541,4.37312126159668,268800,GGAL
2012-11-30,5.309999942779541,5.360000133514404,5.210000038146973,5.349999904632568,4.406063079833984,24700,GGAL
2012-12-03,5.309999942779541,5.349999904632568,5.050000190734863,5.309999942779541,4.37312126159668,60600,GGAL
2012-12-04,5.300000190734863,5.869999885559082,5.300000190734863,5.869999885559082,4.834317207336426,334400,GGAL
2012-12-05,5.869999885559082,6.0,5.650000095367432,5.900000095367432,4.859023571014404,309900,GGAL
2012-12-06,5.960000038146973,5.960000038146973,5.659999847412109,5.880000114440918,4.84255313873291,65900,GGAL
2012-12-07,5.860000133514404,6.050000190734863,5.659999847412109,6.039999961853027,4.97432279586792,277100,GGAL
2012-12-10,6.010000228881836,6.929999828338623,5.940000057220459,6.929999828338623,5.707294464111328,389000,GGAL
2012-12-11,6.820000171661377,6.820000171661377,6.25,6.389999866485596,5.262570858001709,385200,GGAL
2012-12-12,6.429999828338623,6.960000038146973,6.25,6.559999942779541,5.402575969696045,694300,GGAL
2012-12-13,6.53000020980835,6.619999885559082,6.25,6.429999828338623,5.295512676239014,199300,GGAL
2012-12-14,6.420000076293945,6.590000152587891,6.25,6.550000190734863,5.394340515136719,149100,GGAL
2012-12-17,6.610000133514404,6.610000133514404,6.349999904632568,6.539999961853027,5.386105060577393,137700,GGAL
2012-12-18,6.510000228881836,6.679999828338623,6.21999979019165,6.590000152587891,5.427282333374023,222600,GGAL
2012-12-19,6.579999923706055,6.679999828338623,6.309999942779541,6.619999885559082,5.451990127563477,246000,GGAL
2012-12-20,6.650000095367432,6.78000020980835,6.460000038146973,6.699999809265137,5.517874240875244,155300,GGAL
2012-12-21,6.550000190734863,6.559999942779541,6.090000152587891,6.239999771118164,5.139035224914551,283400,GGAL
2012-12-24,6.300000190734863,6.449999809265137,6.210000038146973,6.429999828338623,5.295512676239014,22000,GGAL
2012-12-26,6.420000076293945,6.699999809265137,6.420000076293945,6.610000133514404,5.443754196166992,78800,GGAL
2012-12-27,6.610000133514404,6.869999885559082,6.579999923706055,6.690000057220459,5.509639739990234,106300,GGAL
2012-12-28,6.670000076293945,6.760000228881836,6.429999828338623,6.46999979019165,5.328455924987793,68400,GGAL
2012-12-31,6.5,6.699999809265137,6.400000095367432,6.619999885559082,5.451990127563477,102000,GGAL
2013-01-02,6.920000076293945,7.090000152587891,6.730000019073486,7.059999942779541,5.814358234405518,342600,GGAL
2013-01-03,7.0,7.260000228881836,6.909999847412109,6.96999979019165,5.740236759185791,147800,GGAL
2013-01-04,7.010000228881836,7.050000190734863,6.840000152587891,6.900000095367432,5.682587146759033,42900,GGAL
2013-01-07,6.829999923706055,7.0,6.78000020980835,6.800000190734863,5.600231647491455,69300,GGAL
2013-01-08,6.829999923706055,6.909999847412109,6.619999885559082,6.690000057220459,5.509639739990234,133500,GGAL
2013-01-09,6.630000114440918,6.889999866485596,6.230000019073486,6.769999980926514,5.575523853302002,203600,GGAL
2013-01-10,6.849999904632568,6.940000057220459,6.75,6.849999904632568,5.641408443450928,77400,GGAL
2013-01-11,6.760000228881836,6.760000228881836,6.449999809265137,6.679999828338623,5.501403331756592,76500,GGAL
2013-01-14,6.630000114440918,6.710000038146973,6.449999809265137,6.599999904632568,5.435517311096191,170600,GGAL
2013-01-15,6.53000020980835,6.53000020980835,6.329999923706055,6.420000076293945,5.287276268005371,36600,GGAL
2013-01-16,6.46999979019165,6.579999923706055,6.349999904632568,6.5,5.353161334991455,55100,GGAL
2013-01-17,6.5,6.699999809265137,6.449999809265137,6.579999923706055,5.419047832489014,75500,GGAL
2013-01-18,6.610000133514404,6.610000133514404,6.409999847412109,6.510000228881836,5.361398696899414,22500,GGAL
2013-01-22,6.5,6.980000019073486,6.5,6.869999885559082,5.6578803062438965,92800,GGAL
2013-01-23,6.800000190734863,6.940000057220459,6.539999961853027,6.71999979019165,5.534345626831055,98900,GGAL
2013-01-24,6.699999809265137,6.769999980926514,6.5,6.510000228881836,5.361398696899414,135100,GGAL
2013-01-25,6.579999923706055,6.699999809265137,6.5,6.550000190734863,5.394340515136719,55600,GGAL
2013-01-28,6.590000152587891,6.590000152587891,6.380000114440918,6.53000020980835,5.377869129180908,160800,GGAL
2013-01-29,6.599999904632568,6.599999904632568,6.269999980926514,6.46999979019165,5.328455924987793,241500,GGAL
2013-01-30,6.460000038146973,6.559999942779541,6.300000190734863,6.46999979019165,5.328455924987793,69500,GGAL
2013-01-31,6.409999847412109,6.650000095367432,6.349999904632568,6.639999866485596,5.468460559844971,136800,GGAL
2013-02-01,6.679999828338623,6.679999828338623,6.429999828338623,6.539999961853027,5.386105060577393,134200,GGAL
2013-02-04,6.480000019073486,6.480000019073486,5.949999809265137,5.949999809265137,4.90020227432251,134400,GGAL
2013-02-05,6.070000171661377,6.360000133514404,5.849999904632568,6.349999904632568,5.22962760925293,207100,GGAL
2013-02-06,6.369999885559082,6.369999885559082,6.039999961853027,6.179999828338623,5.0896220207214355,59300,GGAL
2013-02-07,6.25,6.25,5.860000133514404,5.929999828338623,4.883730411529541,167700,GGAL
2013-02-08,5.989999771118164,6.079999923706055,5.71999979019165,5.889999866485596,4.850788116455078,163500,GGAL
2013-02-11,5.960000038146973,6.019999980926514,5.840000152587891,5.900000095367432,4.859023571014404,18300,GGAL
2013-02-12,5.889999866485596,5.980000019073486,5.760000228881836,5.960000038146973,4.908438205718994,88000,GGAL
2013-02-13,5.949999809265137,6.099999904632568,5.900000095367432,6.0,4.941380023956299,53800,GGAL
2013-02-14,6.0,6.039999961853027,5.96999979019165,5.989999771118164,4.933145046234131,65500,GGAL
2013-02-15,6.0,6.0,5.829999923706055,5.860000133514404,4.826081275939941,30800,GGAL
2013-02-19,5.869999885559082,5.909999847412109,5.510000228881836,5.550000190734863,4.57077693939209,184500,GGAL
2013-02-20,5.599999904632568,5.75,5.570000171661377,5.71999979019165,4.710782051086426,289900,GGAL
2013-02-21,5.659999847412109,5.670000076293945,5.409999847412109,5.46999979019165,4.504891395568848,83800,GGAL
2013-02-22,5.579999923706055,5.800000190734863,5.409999847412109,5.789999961853027,4.768432140350342,119200,GGAL
2013-02-25,5.800000190734863,5.809999942779541,5.449999809265137,5.53000020980835,4.554305076599121,47000,GGAL
2013-02-26,5.550000190734863,5.679999828338623,5.46999979019165,5.599999904632568,4.611955165863037,38600,GGAL
2013-02-27,5.639999866485596,5.869999885559082,5.639999866485596,5.75,4.735489845275879,42600,GGAL
2013-02-28,5.710000038146973,5.710000038146973,5.150000095367432,5.239999771118164,4.315471649169922,316700,GGAL
2013-03-01,5.21999979019165,5.659999847412109,5.199999809265137,5.570000171661377,4.587247848510742,195400,GGAL
2013-03-04,5.510000228881836,5.889999866485596,5.510000228881836,5.639999866485596,4.6448974609375,109900,GGAL
2013-03-05,5.699999809265137,5.900000095367432,5.650000095367432,5.760000228881836,4.743725299835205,80100,GGAL
2013-03-06,5.760000228881836,5.840000152587891,5.699999809265137,5.800000190734863,4.776667594909668,44000,GGAL
2013-03-07,5.820000171661377,5.929999828338623,5.75,5.829999923706055,4.801374435424805,138900,GGAL
2013-03-08,5.949999809265137,5.989999771118164,5.650000095367432,5.829999923706055,4.801374435424805,81700,GGAL
2013-03-11,5.760000228881836,5.760000228881836,5.559999942779541,5.710000038146973,4.702547550201416,58000,GGAL
2013-03-12,5.699999809265137,5.869999885559082,5.599999904632568,5.800000190734863,4.776667594909668,143000,GGAL
2013-03-13,5.809999942779541,5.849999904632568,5.679999828338623,5.809999942779541,4.784903526306152,457200,GGAL
2013-03-14,5.760000228881836,5.900000095367432,5.75,5.880000114440918,4.84255313873291,29700,GGAL
2013-03-15,5.929999828338623,6.019999980926514,5.699999809265137,6.019999980926514,4.957851886749268,270600,GGAL
2013-03-18,5.849999904632568,5.849999904632568,5.630000114440918,5.840000152587891,4.809610366821289,96300,GGAL
2013-03-19,5.800000190734863,5.920000076293945,5.599999904632568,5.75,4.735489845275879,226700,GGAL
2013-03-20,5.71999979019165,5.889999866485596,5.539999961853027,5.690000057220459,4.686075687408447,161700,GGAL
2013-03-21,5.75,5.849999904632568,5.690000057220459,5.730000019073486,4.719018459320068,97600,GGAL
2013-03-22,5.789999961853027,5.880000114440918,5.449999809265137,5.75,4.735489845275879,157400,GGAL
2013-03-25,5.769999980926514,5.769999980926514,5.53000020980835,5.650000095367432,4.65313196182251,86800,GGAL
2013-03-26,5.650000095367432,5.650000095367432,5.300000190734863,5.480000019073486,4.513126373291016,22600,GGAL
2013-03-27,5.480000019073486,5.5,5.349999904632568,5.46999979019165,4.504891395568848,27900,GGAL
2013-03-28,5.449999809265137,5.53000020980835,5.389999866485596,5.5,4.529597759246826,12200,GGAL
2013-04-01,5.460000038146973,5.489999771118164,5.230000019073486,5.289999961853027,4.356651306152344,46600,GGAL
2013-04-02,5.28000020980835,5.329999923706055,5.079999923706055,5.289999961853027,4.356651306152344,58100,GGAL
2013-04-03,5.289999961853027,5.599999904632568,5.289999961853027,5.510000228881836,4.537834167480469,106600,GGAL
2013-04-04,5.519999980926514,5.659999847412109,5.389999866485596,5.460000038146973,4.496656894683838,79000,GGAL
2013-04-05,5.300000190734863,5.550000190734863,5.300000190734863,5.53000020980835,4.554305076599121,64400,GGAL
2013-04-08,5.590000152587891,5.949999809265137,5.590000152587891,5.909999847412109,4.8672590255737305,319000,GGAL
2013-04-09,5.909999847412109,5.96999979019165,5.760000228881836,5.929999828338623,4.883730411529541,112900,GGAL
2013-04-10,5.96999979019165,6.0,5.809999942779541,5.920000076293945,4.875495433807373,89200,GGAL
2013-04-11,5.900000095367432,5.909999847412109,5.539999961853027,5.760000228881836,4.743725299835205,101900,GGAL
2013-04-12,5.71999979019165,5.71999979019165,5.519999980926514,5.519999980926514,4.546070098876953,43700,GGAL
2013-04-15,5.409999847412109,5.760000228881836,5.409999847412109,5.429999828338623,4.471949100494385,68500,GGAL
2013-04-16,5.460000038146973,5.769999980926514,5.340000152587891,5.539999961853027,4.562541484832764,67000,GGAL
2013-04-17,5.449999809265137,5.519999980926514,5.28000020980835,5.340000152587891,4.397828578948975,62500,GGAL
2013-04-18,5.360000133514404,5.429999828338623,5.25,5.289999961853027,4.356651306152344,39200,GGAL
2013-04-19,5.269999980926514,5.699999809265137,5.110000133514404,5.349999904632568,4.406063079833984,44400,GGAL
2013-04-22,5.329999923706055,5.449999809265137,5.289999961853027,5.420000076293945,4.463714122772217,11200,GGAL
2013-04-23,5.409999847412109,5.590000152587891,5.409999847412109,5.570000171661377,4.587247848510742,134900,GGAL
2013-04-24,5.539999961853027,5.71999979019165,5.460000038146973,5.710000038146973,4.702547550201416,34300,GGAL
2013-04-25,5.75,5.849999904632568,5.670000076293945,5.71999979019165,4.710782051086426,39400,GGAL
2013-04-26,5.71999979019165,5.71999979019165,5.570000171661377,5.670000076293945,4.669604778289795,11300,GGAL
2013-04-29,5.71999979019165,5.800000190734863,5.559999942779541,5.659999847412109,4.661368370056152,37200,GGAL
2013-04-30,5.650000095367432,5.820000171661377,5.460000038146973,5.630000114440918,4.636662483215332,59200,GGAL
2013-05-01,5.650000095367432,5.679999828338623,5.570000171661377,5.579999923706055,4.595483303070068,22200,GGAL
2013-05-02,5.619999885559082,5.800000190734863,5.619999885559082,5.75,4.735489845275879,112900,GGAL
2013-05-03,5.75,5.75,5.519999980926514,5.659999847412109,4.661368370056152,45900,GGAL
2013-05-06,5.679999828338623,5.710000038146973,5.53000020980835,5.659999847412109,4.661368370056152,62400,GGAL
2013-05-07,5.650000095367432,5.840000152587891,5.610000133514404,5.75,4.735489845275879,94300,GGAL
2013-05-08,5.670000076293945,5.849999904632568,5.670000076293945,5.690000057220459,4.686075687408447,72600,GGAL
2013-05-09,5.78000020980835,5.789999961853027,5.550000190734863,5.599999904632568,4.611955165863037,51200,GGAL
2013-05-10,5.610000133514404,5.650000095367432,5.449999809265137,5.46999979019165,4.504891395568848,54500,GGAL
2013-05-13,5.5,5.650000095367432,5.400000095367432,5.599999904632568,4.611955165863037,60000,GGAL
2013-05-14,5.599999904632568,5.630000114440918,5.489999771118164,5.5,4.529597759246826,169700,GGAL
2013-05-15,5.75,5.75,5.5,5.53000020980835,4.554305076599121,55100,GGAL
2013-05-16,5.53000020980835,5.71999979019165,5.53000020980835,5.579999923706055,4.595483303070068,36900,GGAL
2013-05-17,5.579999923706055,5.690000057220459,5.579999923706055,5.599999904632568,4.611955165863037,69800,GGAL
2013-05-20,5.599999904632568,5.739999771118164,5.559999942779541,5.610000133514404,4.620190620422363,191600,GGAL
2013-05-21,5.610000133514404,5.739999771118164,5.519999980926514,5.699999809265137,4.694310188293457,32700,GGAL
2013-05-22,5.610000133514404,5.71999979019165,5.53000020980835,5.610000133514404,4.620190620422363,68100,GGAL
2013-05-23,5.53000020980835,5.650000095367432,5.510000228881836,5.590000152587891,4.603719711303711,45700,GGAL
2013-05-24,5.550000190734863,5.699999809265137,5.519999980926514,5.619999885559082,4.628427028656006,79500,GGAL
2013-05-28,5.690000057220459,5.690000057220459,5.559999942779541,5.619999885559082,4.628427028656006,177900,GGAL
2013-05-29,5.550000190734863,5.630000114440918,5.550000190734863,5.579999923706055,4.595483303070068,148700,GGAL
2013-05-30,5.579999923706055,5.590000152587891,5.510000228881836,5.550000190734863,4.57077693939209,136200,GGAL
2013-05-31,5.5,5.590000152587891,5.400000095367432,5.53000020980835,4.554305076599121,79700,GGAL
2013-06-03,5.480000019073486,5.639999866485596,5.480000019073486,5.590000152587891,4.603719711303711,46300,GGAL
2013-06-04,5.619999885559082,5.730000019073486,5.619999885559082,5.699999809265137,4.694310188293457,54000,GGAL
2013-06-05,5.650000095367432,5.730000019073486,5.480000019073486,5.630000114440918,4.636662483215332,49800,GGAL
2013-06-06,5.590000152587891,5.679999828338623,5.590000152587891,5.639999866485596,4.6448974609375,20600,GGAL
2013-06-07,5.670000076293945,5.760000228881836,5.670000076293945,5.760000228881836,4.743725299835205,61400,GGAL
2013-06-10,5.75,5.769999980926514,5.699999809265137,5.760000228881836,4.743725299835205,15600,GGAL
2013-06-11,5.699999809265137,5.769999980926514,5.619999885559082,5.619999885559082,4.628427028656006,74000,GGAL
2013-06-12,5.639999866485596,5.639999866485596,5.409999847412109,5.429999828338623,4.471949100494385,73200,GGAL
2013-06-13,5.46999979019165,5.639999866485596,5.46999979019165,5.579999923706055,4.595483303070068,22200,GGAL
2013-06-14,5.590000152587891,5.650000095367432,5.400000095367432,5.460000038146973,4.496656894683838,30600,GGAL
2013-06-17,5.449999809265137,5.53000020980835,5.320000171661377,5.360000133514404,4.414299011230469,69800,GGAL
2013-06-18,5.369999885559082,5.420000076293945,5.300000190734863,5.329999923706055,4.38959264755249,75400,GGAL
2013-06-19,5.349999904632568,5.360000133514404,5.199999809265137,5.21999979019165,4.298999786376953,38900,GGAL
2013-06-20,5.190000057220459,5.260000228881836,5.159999847412109,5.21999979019165,4.298999786376953,25400,GGAL
2013-06-21,5.199999809265137,5.380000114440918,5.179999828338623,5.380000114440918,4.4307708740234375,58600,GGAL
2013-06-24,5.300000190734863,5.300000190734863,5.03000020980835,5.099999904632568,4.200173377990723,140900,GGAL
2013-06-25,5.179999828338623,5.210000038146973,5.0,5.019999980926514,4.134289264678955,58900,GGAL
2013-06-26,5.090000152587891,5.150000095367432,4.980000019073486,5.079999923706055,4.183701992034912,45200,GGAL
2013-06-27,5.139999866485596,5.230000019073486,5.110000133514404,5.139999866485596,4.2331156730651855,67000,GGAL
2013-06-28,5.079999923706055,5.230000019073486,5.079999923706055,5.130000114440918,4.224879264831543,35100,GGAL
2013-07-01,5.150000095367432,5.489999771118164,5.130000114440918,5.349999904632568,4.406063079833984,140200,GGAL
2013-07-02,5.409999847412109,5.449999809265137,5.329999923706055,5.429999828338623,4.471949100494385,57500,GGAL
2013-07-03,5.369999885559082,5.539999961853027,5.25,5.5,4.529597759246826,43900,GGAL
2013-07-05,5.550000190734863,5.550000190734863,5.389999866485596,5.400000095367432,4.44724178314209,64100,GGAL
2013-07-08,5.429999828338623,5.5,5.349999904632568,5.380000114440918,4.4307708740234375,59700,GGAL
2013-07-09,5.369999885559082,5.449999809265137,5.289999961853027,5.400000095367432,4.44724178314209,28300,GGAL
2013-07-10,5.420000076293945,5.420000076293945,5.300000190734863,5.380000114440918,4.4307708740234375,10000,GGAL
2013-07-11,5.400000095367432,5.429999828338623,5.309999942779541,5.429999828338623,4.471949100494385,86500,GGAL
2013-07-12,5.420000076293945,5.440000057220459,5.21999979019165,5.21999979019165,4.298999786376953,56000,GGAL
2013-07-15,5.150000095367432,5.400000095367432,4.960000038146973,5.329999923706055,4.38959264755249,142000,GGAL
2013-07-16,5.349999904632568,5.429999828338623,5.340000152587891,5.400000095367432,4.44724178314209,107700,GGAL
2013-07-17,5.409999847412109,5.510000228881836,5.300000190734863,5.309999942779541,4.37312126159668,103200,GGAL
2013-07-18,5.349999904632568,5.519999980926514,5.349999904632568,5.429999828338623,4.471949100494385,82500,GGAL
2013-07-19,5.429999828338623,5.449999809265137,5.300000190734863,5.380000114440918,4.4307708740234375,78500,GGAL
2013-07-22,5.369999885559082,5.5,5.300000190734863,5.429999828338623,4.471949100494385,65900,GGAL
2013-07-23,5.420000076293945,5.690000057220459,5.380000114440918,5.579999923706055,4.595483303070068,126600,GGAL
2013-07-24,5.619999885559082,5.650000095367432,5.5,5.610000133514404,4.620190620422363,63700,GGAL
2013-07-25,5.639999866485596,5.639999866485596,5.5,5.579999923706055,4.595483303070068,16600,GGAL
2013-07-26,5.519999980926514,5.610000133514404,5.320000171661377,5.590000152587891,4.603719711303711,36800,GGAL
2013-07-29,5.619999885559082,5.619999885559082,5.420000076293945,5.449999809265137,4.488420486450195,22600,GGAL
2013-07-30,5.420000076293945,5.510000228881836,5.349999904632568,5.449999809265137,4.488420486450195,35500,GGAL
2013-07-31,5.420000076293945,5.599999904632568,5.340000152587891,5.429999828338623,4.471949100494385,169200,GGAL
2013-08-01,5.489999771118164,5.630000114440918,5.400000095367432,5.619999885559082,4.628427028656006,166500,GGAL
2013-08-02,5.699999809265137,5.800000190734863,5.550000190734863,5.639999866485596,4.6448974609375,132100,GGAL
2013-08-05,5.570000171661377,5.599999904632568,5.480000019073486,5.539999961853027,4.562541484832764,88900,GGAL
2013-08-06,5.480000019073486,5.550000190734863,5.369999885559082,5.480000019073486,4.513126373291016,85000,GGAL
2013-08-07,5.46999979019165,5.650000095367432,5.420000076293945,5.630000114440918,4.636662483215332,44200,GGAL
2013-08-08,5.650000095367432,5.75,5.579999923706055,5.710000038146973,4.702547550201416,185200,GGAL
2013-08-09,5.71999979019165,5.789999961853027,5.679999828338623,5.789999961853027,4.768432140350342,161400,GGAL
2013-08-12,5.75,6.0,5.75,5.989999771118164,4.933145046234131,368500,GGAL
2013-08-13,5.96999979019165,6.400000095367432,5.96999979019165,6.380000114440918,5.254334449768066,683100,GGAL
2013-08-14,6.429999828338623,6.869999885559082,6.429999828338623,6.800000190734863,5.600231647491455,945900,GGAL
2013-08-15,6.880000114440918,6.980000019073486,6.539999961853027,6.900000095367432,5.682587146759033,479600,GGAL
2013-08-16,6.920000076293945,6.980000019073486,6.650000095367432,6.710000038146973,5.52610969543457,447100,GGAL
2013-08-19,6.769999980926514,6.949999809265137,6.510000228881836,6.949999809265137,5.7237653732299805,85900,GGAL
2013-08-20,6.880000114440918,7.079999923706055,6.760000228881836,7.070000171661377,5.822592735290527,357800,GGAL
2013-08-21,7.079999923706055,7.199999809265137,6.840000152587891,7.079999923706055,5.830828666687012,522000,GGAL
2013-08-22,7.139999866485596,7.349999904632568,7.03000020980835,7.25,5.970833778381348,549600,GGAL
2013-08-23,7.150000095367432,7.5,6.949999809265137,6.989999771118164,5.756707668304443,601700,GGAL
2013-08-26,6.960000038146973,7.110000133514404,6.78000020980835,6.809999942779541,5.608466148376465,467400,GGAL
2013-08-27,6.610000133514404,6.789999961853027,6.429999828338623,6.610000133514404,5.443754196166992,846400,GGAL
2013-08-28,6.619999885559082,6.889999866485596,6.510000228881836,6.650000095367432,5.476696491241455,564500,GGAL
2013-08-29,6.659999847412109,6.829999923706055,6.53000020980835,6.730000019073486,5.542581081390381,203900,GGAL
2013-08-30,6.679999828338623,6.860000133514404,6.610000133514404,6.78000020980835,5.583759307861328,190200,GGAL
2013-09-03,6.940000057220459,7.050000190734863,6.679999828338623,6.989999771118164,5.756707668304443,460700,GGAL
2013-09-04,7.0,7.130000114440918,6.75,6.929999828338623,5.707294464111328,353200,GGAL
2013-09-05,6.909999847412109,7.380000114440918,6.909999847412109,7.159999847412109,5.896713733673096,358800,GGAL
2013-09-06,7.190000057220459,7.829999923706055,6.929999828338623,7.539999961853027,6.209668159484863,624800,GGAL
2013-09-09,7.659999847412109,8.170000076293945,7.349999904632568,8.100000381469727,6.670864105224609,1137000,GGAL
2013-09-10,8.100000381469727,8.789999961853027,8.100000381469727,8.4399995803833,6.950874328613281,1574400,GGAL
2013-09-11,8.34000015258789,8.470000267028809,8.130000114440918,8.449999809265137,6.959109783172607,403200,GGAL
2013-09-12,8.5,8.649999618530273,7.96999979019165,8.100000381469727,6.670864105224609,842800,GGAL
2013-09-13,8.119999885559082,8.449999809265137,8.079999923706055,8.3100004196167,6.843812942504883,545500,GGAL
2013-09-16,8.399999618530273,8.729999542236328,8.350000381469727,8.460000038146973,6.967346668243408,407200,GGAL
2013-09-17,8.40999984741211,8.630000114440918,8.359999656677246,8.470000267028809,6.975582599639893,530100,GGAL
2013-09-18,8.470000267028809,8.850000381469727,8.140000343322754,8.739999771118164,7.197944641113281,740800,GGAL
2013-09-19,8.739999771118164,8.949999809265137,8.609999656677246,8.9399995803833,7.362657070159912,779700,GGAL
2013-09-20,8.949999809265137,9.180000305175781,8.90999984741211,9.050000190734863,7.453247547149658,602800,GGAL
2013-09-23,9.130000114440918,9.739999771118164,8.979999542236328,9.5,7.8238525390625,952100,GGAL
2013-09-24,9.539999961853027,9.789999961853027,9.399999618530273,9.520000457763672,7.840324878692627,938500,GGAL
2013-09-25,9.520000457763672,9.600000381469727,9.470000267028809,9.539999961853027,7.856796741485596,880900,GGAL
2013-09-26,9.550000190734863,9.930000305175781,9.550000190734863,9.720000267028809,8.005035400390625,1224500,GGAL
2013-09-27,9.720000267028809,9.890000343322754,9.619999885559082,9.6899995803833,7.980328559875488,635600,GGAL
2013-09-30,9.670000076293945,9.680000305175781,9.140000343322754,9.510000228881836,7.83208703994751,1125400,GGAL
2013-10-01,9.520000457763672,9.739999771118164,9.380000114440918,9.670000076293945,7.963858604431152,751100,GGAL
2013-10-02,9.579999923706055,9.8100004196167,9.319999694824219,9.34000015258789,7.692083358764648,305000,GGAL
2013-10-03,9.319999694824219,9.479999542236328,8.859999656677246,9.390000343322754,7.7332611083984375,876400,GGAL
2013-10-04,9.270000457763672,9.390000343322754,8.90999984741211,9.149999618530273,7.535605430603027,351300,GGAL
2013-10-07,9.039999961853027,9.510000228881836,9.0,9.390000343322754,7.7332611083984375,450900,GGAL
2013-10-08,9.520000457763672,9.640000343322754,9.359999656677246,9.449999809265137,7.782672882080078,742600,GGAL
2013-10-09,9.4399995803833,9.859999656677246,9.359999656677246,9.800000190734863,8.070920944213867,473400,GGAL
2013-10-10,9.979999542236328,10.380000114440918,9.979999542236328,10.359999656677246,8.532115936279297,1162500,GGAL
2013-10-11,10.579999923706055,10.6899995803833,10.3100004196167,10.680000305175781,8.79565715789795,685200,GGAL
2013-10-14,10.65999984741211,11.25,10.59000015258789,11.170000076293945,9.19920539855957,597600,GGAL
2013-10-15,11.1899995803833,11.489999771118164,10.609999656677246,10.670000076293945,8.787422180175781,1006200,GGAL
2013-10-16,10.9399995803833,10.9399995803833,10.180000305175781,10.6899995803833,8.803893089294434,1027200,GGAL
2013-10-17,10.510000228881836,10.680000305175781,10.399999618530273,10.579999923706055,8.713302612304688,704200,GGAL
2013-10-18,10.670000076293945,11.0,10.4399995803833,10.979999542236328,9.042725563049316,772800,GGAL
2013-10-21,11.09000015258789,11.670000076293945,11.09000015258789,11.479999542236328,9.454506874084473,930300,GGAL
2013-10-22,11.479999542236328,11.5600004196167,10.960000038146973,11.170000076293945,9.19920539855957,1172800,GGAL
2013-10-23,11.079999923706055,11.399999618530273,10.539999961853027,10.770000457763672,8.86977767944336,1217500,GGAL
2013-10-24,10.789999961853027,11.430000305175781,10.430000305175781,11.369999885559082,9.363914489746094,1160700,GGAL
2013-10-25,11.329999923706055,11.329999923706055,10.720000267028809,10.789999961853027,8.886250495910645,592700,GGAL
2013-10-28,10.75,10.9399995803833,10.279999732971191,10.380000114440918,8.54858684539795,489500,GGAL
2013-10-29,10.3100004196167,10.3100004196167,9.25,9.59000015258789,7.89797306060791,1477700,GGAL
2013-10-30,9.649999618530273,9.9399995803833,9.5,9.680000305175781,7.9720940589904785,710900,GGAL
2013-10-31,9.65999984741211,9.779999732971191,9.3100004196167,9.680000305175781,7.9720940589904785,471700,GGAL
2013-11-01,9.600000381469727,9.609999656677246,9.3100004196167,9.420000076293945,7.757967948913574,655100,GGAL
2013-11-04,9.4399995803833,9.75,9.319999694824219,9.460000038146973,7.790909290313721,319000,GGAL
2013-11-05,9.510000228881836,10.460000038146973,9.420000076293945,10.229999542236328,8.425053596496582,794000,GGAL
2013-11-06,10.40999984741211,10.5,9.399999618530273,9.579999923706055,7.889737129211426,370000,GGAL
2013-11-07,9.960000038146973,10.300000190734863,9.399999618530273,9.460000038146973,7.790909290313721,615100,GGAL
2013-11-08,9.720000267028809,9.9399995803833,9.600000381469727,9.670000076293945,7.963858604431152,385300,GGAL
2013-11-11,9.520000457763672,10.15999984741211,9.460000038146973,9.720000267028809,8.005035400390625,429500,GGAL
2013-11-12,9.770000457763672,9.960000038146973,9.470000267028809,9.529999732971191,7.84855842590332,370800,GGAL
2013-11-13,9.5,9.850000381469727,9.4399995803833,9.760000228881836,8.037980079650879,305900,GGAL
2013-11-14,9.739999771118164,10.630000114440918,9.739999771118164,10.420000076293945,8.581530570983887,639100,GGAL
2013-11-15,10.510000228881836,10.949999809265137,10.34000015258789,10.479999542236328,8.630943298339844,643200,GGAL
2013-11-18,10.539999961853027,10.65999984741211,10.210000038146973,10.329999923706055,8.507408142089844,355900,GGAL
2013-11-19,10.180000305175781,10.359999656677246,9.640000343322754,9.699999809265137,7.988564491271973,362100,GGAL
2013-11-20,10.210000038146973,10.619999885559082,10.149999618530273,10.390000343322754,8.55682373046875,490500,GGAL
2013-11-21,10.4399995803833,10.779999732971191,10.34000015258789,10.399999618530273,8.565057754516602,395100,GGAL
2013-11-22,10.399999618530273,11.199999809265137,10.359999656677246,11.140000343322754,9.174495697021484,871300,GGAL
2013-11-25,11.199999809265137,11.600000381469727,11.149999618530273,11.479999542236328,9.454506874084473,619000,GGAL
2013-11-26,11.680000305175781,12.859999656677246,11.609999656677246,12.649999618530273,10.418074607849121,2236300,GGAL
2013-11-27,12.550000190734863,12.949999809265137,12.210000038146973,12.899999618530273,10.623966217041016,972900,GGAL
2013-11-29,12.829999923706055,13.050000190734863,12.390000343322754,12.600000381469727,10.376899719238281,389500,GGAL
2013-12-02,12.510000228881836,12.850000381469727,12.039999961853027,12.550000190734863,10.335721015930176,816000,GGAL
2013-12-03,12.489999771118164,12.489999771118164,11.600000381469727,12.029999732971191,9.90746784210205,566700,GGAL
2013-12-04,11.90999984741211,12.0,11.5,11.960000038146973,9.849817276000977,587100,GGAL
2013-12-05,11.760000228881836,11.899999618530273,11.289999961853027,11.40999984741211,9.396858215332031,418500,GGAL
2013-12-06,11.649999618530273,11.699999809265137,11.369999885559082,11.520000457763672,9.48745059967041,311900,GGAL
2013-12-09,11.520000457763672,11.699999809265137,11.34000015258789,11.600000381469727,9.553335189819336,530800,GGAL
2013-12-10,11.449999809265137,11.550000190734863,11.1899995803833,11.350000381469727,9.347444534301758,265500,GGAL
2013-12-11,11.420000076293945,11.5600004196167,11.020000457763672,11.119999885559082,9.158025741577148,500400,GGAL
2013-12-12,11.109999656677246,11.420000076293945,10.8100004196167,11.149999618530273,9.182731628417969,879700,GGAL
2013-12-13,11.430000305175781,11.59000015258789,10.989999771118164,11.010000228881836,9.067432403564453,268200,GGAL
2013-12-16,11.220000267028809,11.65999984741211,11.010000228881836,11.1899995803833,9.215673446655273,498800,GGAL
2013-12-17,11.220000267028809,11.989999771118164,11.220000267028809,11.960000038146973,9.849817276000977,588000,GGAL
2013-12-18,11.6899995803833,11.9399995803833,11.609999656677246,11.869999885559082,9.7756986618042,289700,GGAL
2013-12-19,11.989999771118164,11.989999771118164,11.140000343322754,11.270000457763672,9.281558990478516,601200,GGAL
2013-12-20,11.289999961853027,11.399999618530273,10.90999984741211,10.960000038146973,9.026252746582031,602100,GGAL
2013-12-23,10.729999542236328,11.239999771118164,10.6899995803833,11.119999885559082,9.158025741577148,320700,GGAL
2013-12-24,11.229999542236328,11.25,10.84000015258789,10.979999542236328,9.042725563049316,117200,GGAL
2013-12-26,10.800000190734863,10.960000038146973,10.319999694824219,10.539999961853027,8.680359840393066,489000,GGAL
2013-12-27,10.489999771118164,10.90999984741211,10.380000114440918,10.859999656677246,8.94389820098877,488700,GGAL
2013-12-30,10.9399995803833,11.100000381469727,10.380000114440918,10.4399995803833,8.597999572753906,317400,GGAL
2013-12-31,10.40999984741211,10.609999656677246,10.390000343322754,10.449999809265137,8.60623836517334,122100,GGAL
2014-01-02,10.529999732971191,10.529999732971191,9.899999618530273,10.0,8.23563289642334,487500,GGAL
2014-01-03,10.15999984741211,10.15999984741211,9.880000114440918,9.989999771118164,8.227397918701172,321700,GGAL
2014-01-06,9.979999542236328,10.119999885559082,9.609999656677246,9.670000076293945,7.963858604431152,341400,GGAL
2014-01-07,9.699999809265137,9.880000114440918,9.579999923706055,9.739999771118164,8.021507263183594,390400,GGAL
2014-01-08,9.680000305175781,10.039999961853027,9.59000015258789,9.779999732971191,8.054450035095215,323400,GGAL
2014-01-09,9.779999732971191,9.800000190734863,9.579999923706055,9.59000015258789,7.89797306060791,205900,GGAL
2014-01-10,9.640000343322754,9.819999694824219,9.5,9.529999732971191,7.84855842590332,94400,GGAL
2014-01-13,9.529999732971191,9.670000076293945,9.149999618530273,9.180000305175781,7.560312747955322,395600,GGAL
2014-01-14,9.15999984741211,9.399999618530273,9.140000343322754,9.220000267028809,7.593253135681152,387900,GGAL
2014-01-15,9.229999542236328,9.390000343322754,9.149999618530273,9.260000228881836,7.626197814941406,293000,GGAL
2014-01-16,9.239999771118164,9.350000381469727,9.0,9.130000114440918,7.519132614135742,255100,GGAL
2014-01-17,9.119999885559082,9.479999542236328,9.119999885559082,9.270000457763672,7.6344313621521,253300,GGAL
2014-01-21,9.640000343322754,10.210000038146973,9.520000457763672,9.649999618530273,7.947386264801025,566200,GGAL
2014-01-22,9.65999984741211,9.699999809265137,9.34000015258789,9.34000015258789,7.692083358764648,192500,GGAL
2014-01-23,9.270000457763672,9.270000457763672,8.25,8.460000038146973,6.967346668243408,1425700,GGAL
2014-01-24,8.350000381469727,8.640000343322754,8.020000457763672,8.149999618530273,6.712040901184082,695000,GGAL
2014-01-27,8.149999618530273,9.199999809265137,7.650000095367432,8.779999732971191,7.230885028839111,1079000,GGAL
2014-01-28,8.760000228881836,8.899999618530273,8.210000038146973,8.510000228881836,7.008524417877197,490900,GGAL
2014-01-29,8.359999656677246,8.430000305175781,8.069999694824219,8.210000038146973,6.7614545822143555,279700,GGAL
2014-01-30,8.300000190734863,8.300000190734863,7.730000019073486,7.96999979019165,6.563799858093262,365800,GGAL
2014-01-31,7.849999904632568,8.289999961853027,7.71999979019165,7.949999809265137,6.547328948974609,470800,GGAL
2014-02-03,7.920000076293945,7.920000076293945,7.320000171661377,7.489999771118164,6.168489456176758,387400,GGAL
2014-02-04,7.5,7.769999980926514,7.46999979019165,7.590000152587891,6.250846862792969,234100,GGAL
2014-02-05,7.570000171661377,7.840000152587891,7.300000190734863,7.5,6.1767258644104,294500,GGAL
2014-02-06,7.539999961853027,8.029999732971191,7.539999961853027,7.659999847412109,6.30849552154541,473000,GGAL
2014-02-07,7.739999771118164,8.130000114440918,7.739999771118164,8.0,6.588506698608398,508100,GGAL
2014-02-10,8.029999732971191,8.100000381469727,7.769999980926514,7.800000190734863,6.423794746398926,331900,GGAL
2014-02-11,7.820000171661377,8.380000114440918,7.800000190734863,8.3100004196167,6.843812942504883,292100,GGAL
2014-02-12,8.390000343322754,9.020000457763672,8.350000381469727,8.779999732971191,7.230885028839111,1005200,GGAL
2014-02-13,8.680000305175781,9.149999618530273,8.40999984741211,9.119999885559082,7.510897159576416,450700,GGAL
2014-02-14,9.5,10.020000457763672,9.229999542236328,9.970000267028809,8.210925102233887,1029400,GGAL
2014-02-18,9.880000114440918,10.199999809265137,9.479999542236328,9.899999618530273,8.153279304504395,582600,GGAL
2014-02-19,9.920000076293945,9.920000076293945,9.420000076293945,9.569999694824219,7.881500720977783,262500,GGAL
2014-02-20,9.630000114440918,9.800000190734863,9.300000190734863,9.670000076293945,7.963858604431152,410500,GGAL
2014-02-21,9.6899995803833,9.6899995803833,9.420000076293945,9.59000015258789,7.89797306060791,320300,GGAL
2014-02-24,9.569999694824219,9.90999984741211,9.300000190734863,9.859999656677246,8.120335578918457,382300,GGAL
2014-02-25,9.890000343322754,9.890000343322754,9.399999618530273,9.550000190734863,7.865029811859131,164800,GGAL
2014-02-26,9.489999771118164,9.890000343322754,9.329999923706055,9.5,7.8238525390625,169700,GGAL
2014-02-27,9.520000457763672,9.75,9.40999984741211,9.649999618530273,7.947386264801025,203600,GGAL
2014-02-28,9.6899995803833,10.3100004196167,9.6899995803833,10.170000076293945,8.375639915466309,600100,GGAL
2014-03-03,10.229999542236328,10.229999542236328,9.890000343322754,9.930000305175781,8.177986145019531,179600,GGAL
2014-03-04,10.010000228881836,10.239999771118164,9.859999656677246,10.229999542236328,8.425053596496582,219100,GGAL
2014-03-05,10.170000076293945,10.25,9.90999984741211,10.199999809265137,8.400346755981445,190200,GGAL
2014-03-06,10.15999984741211,10.789999961853027,10.15999984741211,10.460000038146973,8.614472389221191,545300,GGAL
2014-03-07,10.470000267028809,10.84000015258789,10.420000076293945,10.539999961853027,8.680359840393066,352700,GGAL
2014-03-10,10.550000190734863,10.579999923706055,9.989999771118164,10.239999771118164,8.433289527893066,338000,GGAL
2014-03-11,10.34000015258789,10.449999809265137,9.869999885559082,9.890000343322754,8.145041465759277,192900,GGAL
2014-03-12,9.859999656677246,10.0,9.510000228881836,9.800000190734863,8.070920944213867,215200,GGAL
2014-03-13,9.829999923706055,9.890000343322754,9.420000076293945,9.829999923706055,8.095627784729004,180400,GGAL
2014-03-14,9.829999923706055,10.119999885559082,9.75,9.9399995803833,8.186220169067383,349500,GGAL
2014-03-17,10.09000015258789,10.399999618530273,9.970000267028809,10.380000114440918,8.54858684539795,229200,GGAL
2014-03-18,10.489999771118164,10.920000076293945,10.449999809265137,10.90999984741211,8.985076904296875,649700,GGAL
2014-03-19,10.890000343322754,11.0600004196167,10.4399995803833,10.569999694824219,8.70506477355957,281400,GGAL
2014-03-20,10.619999885559082,10.979999542236328,10.5,10.739999771118164,8.845070838928223,348600,GGAL
2014-03-21,10.850000381469727,11.1899995803833,10.8100004196167,11.149999618530273,9.182731628417969,417400,GGAL
2014-03-24,11.170000076293945,11.34000015258789,10.960000038146973,11.220000267028809,9.240381240844727,450300,GGAL
2014-03-25,11.229999542236328,11.75,11.229999542236328,11.710000038146973,9.643925666809082,693600,GGAL
2014-03-26,11.760000228881836,11.930000305175781,11.390000343322754,11.470000267028809,9.446270942687988,602200,GGAL
2014-03-27,11.510000228881836,11.960000038146973,11.489999771118164,11.9399995803833,9.83334732055664,540500,GGAL
2014-03-28,11.970000267028809,12.25,11.850000381469727,11.899999618530273,9.80040454864502,597800,GGAL
2014-03-31,11.989999771118164,12.649999618530273,11.989999771118164,12.3100004196167,10.138065338134766,479500,GGAL
2014-04-01,12.199999809265137,12.739999771118164,12.1899995803833,12.699999809265137,10.45925521850586,617600,GGAL
2014-04-02,12.869999885559082,13.5,12.850000381469727,13.479999542236328,11.101633071899414,620800,GGAL
2014-04-03,13.5,13.520000457763672,12.930000305175781,13.359999656677246,11.002806663513184,958300,GGAL
2014-04-04,13.319999694824219,13.800000190734863,12.949999809265137,13.010000228881836,10.714559555053711,653200,GGAL
2014-04-07,13.029999732971191,13.510000228881836,12.850000381469727,13.5,11.118104934692383,610900,GGAL
2014-04-08,13.40999984741211,13.869999885559082,13.239999771118164,13.789999961853027,11.356939315795898,661500,GGAL
2014-04-09,13.960000038146973,13.989999771118164,13.399999618530273,13.579999923706055,11.183991432189941,836800,GGAL
2014-04-10,13.449999809265137,13.609999656677246,13.270000457763672,13.359999656677246,11.002806663513184,336300,GGAL
2014-04-11,13.319999694824219,13.399999618530273,12.850000381469727,13.149999618530273,10.829858779907227,438400,GGAL
2014-04-14,13.170000076293945,13.510000228881836,12.880000114440918,13.199999809265137,10.871034622192383,465000,GGAL
2014-04-15,13.1899995803833,13.1899995803833,12.399999618530273,13.170000076293945,10.846329689025879,717100,GGAL
2014-04-16,13.25,13.25,12.539999961853027,13.170000076293945,10.846329689025879,259100,GGAL
2014-04-17,13.170000076293945,13.279999732971191,12.850000381469727,13.010000228881836,10.714559555053711,188500,GGAL
2014-04-21,13.119999885559082,13.220000267028809,12.930000305175781,13.050000190734863,10.747502326965332,306400,GGAL
2014-04-22,13.180000305175781,14.0,13.100000381469727,13.680000305175781,11.266348838806152,511100,GGAL
2014-04-23,13.600000381469727,14.0,13.600000381469727,13.800000190734863,11.365174293518066,511800,GGAL
2014-04-24,13.890000343322754,14.350000381469727,13.640000343322754,13.819999694824219,11.381648063659668,779500,GGAL
2014-04-25,13.800000190734863,13.880000114440918,13.109999656677246,13.300000190734863,10.95339298248291,561000,GGAL
2014-04-28,13.300000190734863,13.84000015258789,13.079999923706055,13.15999984741211,10.838095664978027,374200,GGAL
2014-04-29,13.109999656677246,13.609999656677246,13.0,13.220000267028809,10.887508392333984,305600,GGAL
2014-04-30,13.239999771118164,13.520000457763672,13.079999923706055,13.460000038146973,11.085162162780762,330500,GGAL
2014-05-01,13.5,13.75,13.40999984741211,13.569999694824219,11.175755500793457,165600,GGAL
2014-05-02,13.539999961853027,13.970000267028809,13.350000381469727,13.859999656677246,11.414588928222656,331300,GGAL
2014-05-05,13.84000015258789,14.119999885559082,13.630000114440918,13.6899995803833,11.274581909179688,340700,GGAL
2014-05-06,13.529999732971191,13.789999961853027,13.399999618530273,13.4399995803833,11.06869125366211,210300,GGAL
2014-05-07,13.479999542236328,14.029999732971191,13.479999542236328,14.0,11.529885292053223,279600,GGAL
2014-05-08,14.010000228881836,14.25,13.359999656677246,13.4399995803833,11.06869125366211,566300,GGAL
2014-05-09,13.34000015258789,13.609999656677246,12.960000038146973,13.550000190734863,11.159283638000488,387200,GGAL
2014-05-12,13.789999961853027,13.829999923706055,13.109999656677246,13.239999771118164,10.903980255126953,447500,GGAL
2014-05-13,13.4399995803833,13.670000076293945,12.789999961853027,12.890000343322754,10.615732192993164,577500,GGAL
2014-05-14,12.850000381469727,13.100000381469727,12.65999984741211,12.680000305175781,10.442784309387207,606000,GGAL
2014-05-15,12.550000190734863,12.65999984741211,12.3100004196167,12.359999656677246,10.179244041442871,394500,GGAL
2014-05-16,12.479999542236328,12.649999618530273,12.319999694824219,12.510000228881836,10.302776336669922,318100,GGAL
2014-05-19,12.569999694824219,12.789999961853027,12.430000305175781,12.539999961853027,10.327486038208008,228100,GGAL
2014-05-20,12.420000076293945,12.789999961853027,12.350000381469727,12.600000381469727,10.376899719238281,225500,GGAL
2014-05-21,12.520000457763672,12.970000267028809,12.350000381469727,12.649999618530273,10.418074607849121,187000,GGAL
2014-05-22,12.65999984741211,12.829999923706055,12.40999984741211,12.770000457763672,10.547757148742676,190400,GGAL
2014-05-23,12.770000457763672,12.829999923706055,12.579999923706055,12.640000343322754,10.44037914276123,142100,GGAL
2014-05-27,12.84000015258789,12.899999618530273,12.050000190734863,12.260000228881836,10.126508712768555,446200,GGAL
2014-05-28,12.029999732971191,12.329999923706055,12.0,12.180000305175781,10.06042766571045,637000,GGAL
2014-05-29,12.789999961853027,13.1899995803833,12.40999984741211,13.039999961853027,10.770770072937012,1105000,GGAL
2014-05-30,12.979999542236328,13.600000381469727,12.970000267028809,13.579999923706055,11.216798782348633,871700,GGAL
2014-06-02,13.479999542236328,13.880000114440918,13.170000076293945,13.539999961853027,11.183758735656738,387600,GGAL
2014-06-03,13.430000305175781,14.0,13.430000305175781,13.770000457763672,11.373735427856445,514200,GGAL
2014-06-04,13.770000457763672,14.1899995803833,13.529999732971191,14.180000305175781,11.712388038635254,418400,GGAL
2014-06-05,14.149999618530273,14.930000305175781,14.010000228881836,14.779999732971191,12.20797348022461,1048500,GGAL
2014-06-06,14.9399995803833,15.119999885559082,14.420000076293945,14.510000228881836,11.98496150970459,539700,GGAL
2014-06-09,14.619999885559082,15.100000381469727,14.399999618530273,15.050000190734863,12.430989265441895,703200,GGAL
2014-06-10,15.149999618530273,15.329999923706055,14.90999984741211,15.050000190734863,12.430989265441895,676500,GGAL
2014-06-11,14.779999732971191,15.050000190734863,13.789999961853027,13.84000015258789,11.43155288696289,1624700,GGAL
2014-06-12,13.90999984741211,14.25,13.34000015258789,13.6899995803833,11.307656288146973,1004200,GGAL
2014-06-13,13.640000343322754,14.050000190734863,13.260000228881836,13.819999694824219,11.415033340454102,478800,GGAL
2014-06-16,13.829999923706055,13.979999542236328,12.390000343322754,12.6899995803833,10.481675148010254,1822700,GGAL
2014-06-17,13.149999618530273,13.220000267028809,12.199999809265137,12.729999542236328,10.514716148376465,1377100,GGAL
2014-06-18,12.619999885559082,13.359999656677246,12.050000190734863,13.130000114440918,10.845107078552246,1952800,GGAL
2014-06-19,12.470000267028809,13.010000228881836,12.319999694824219,12.770000457763672,10.547757148742676,782500,GGAL
2014-06-20,12.9399995803833,14.520000457763672,12.850000381469727,14.350000381469727,11.852804183959961,1110500,GGAL
2014-06-23,14.59000015258789,15.239999771118164,14.0,15.140000343322754,12.505327224731445,1697000,GGAL
2014-06-24,14.979999542236328,15.300000190734863,14.25,14.460000038146973,11.943659782409668,769500,GGAL
2014-06-25,14.970000267028809,15.300000190734863,14.460000038146973,15.220000267028809,12.571406364440918,635900,GGAL
2014-06-26,14.979999542236328,15.229999542236328,14.5,14.65999984741211,12.108857154846191,1043100,GGAL
2014-06-27,14.539999961853027,14.75,14.15999984741211,14.479999542236328,11.96018123626709,663000,GGAL
2014-06-30,14.399999618530273,14.720000267028809,13.899999618530273,14.649999618530273,12.10059642791748,835300,GGAL
2014-07-01,14.819999694824219,15.449999809265137,14.819999694824219,15.010000228881836,12.39794921875,545600,GGAL
2014-07-02,15.140000343322754,15.5,14.819999694824219,15.289999961853027,12.629222869873047,411200,GGAL
2014-07-03,15.399999618530273,15.649999618530273,15.079999923706055,15.510000228881836,12.810938835144043,294300,GGAL
2014-07-07,15.420000076293945,15.59000015258789,15.029999732971191,15.420000076293945,12.736600875854492,362100,GGAL
2014-07-08,15.520000457763672,15.899999618530273,15.149999618530273,15.710000038146973,12.97613525390625,435600,GGAL
2014-07-09,15.710000038146973,16.8799991607666,15.710000038146973,16.56999969482422,13.686474800109863,970500,GGAL
2014-07-10,15.890000343322754,17.25,15.75,17.010000228881836,14.049906730651855,848000,GGAL
2014-07-11,17.209999084472656,17.290000915527344,16.600000381469727,17.020000457763672,14.058167457580566,805600,GGAL
2014-07-14,17.260000228881836,17.290000915527344,16.459999084472656,16.889999389648438,13.950789451599121,834900,GGAL
2014-07-15,16.969999313354492,17.0,15.899999618530273,16.09000015258789,13.290006637573242,791600,GGAL
2014-07-16,16.100000381469727,16.530000686645508,15.449999809265137,16.479999542236328,13.612137794494629,705800,GGAL
2014-07-17,16.549999237060547,16.709999084472656,16.200000762939453,16.40999984741211,13.554319381713867,631700,GGAL
2014-07-18,16.40999984741211,17.350000381469727,16.40999984741211,16.920000076293945,13.975567817687988,850200,GGAL
2014-07-21,16.899999618530273,16.979999542236328,15.59000015258789,15.979999542236328,13.199149131774902,1139600,GGAL
2014-07-22,16.049999237060547,17.0,14.760000228881836,15.579999923706055,12.868757247924805,1789700,GGAL
2014-07-23,15.460000038146973,15.579999923706055,14.90999984741211,15.4399995803833,12.753119468688965,844000,GGAL
2014-07-24,16.0,16.299999237060547,15.449999809265137,15.529999732971191,12.827458381652832,626300,GGAL
2014-07-25,15.430000305175781,15.470000267028809,14.670000076293945,14.779999732971191,12.20797348022461,706000,GGAL
2014-07-28,14.75,14.75,13.850000381469727,14.09000015258789,11.63804817199707,1265700,GGAL
2014-07-29,14.100000381469727,15.199999809265137,13.640000343322754,15.119999885559082,12.48880672454834,1528000,GGAL
2014-07-30,16.739999771118164,18.5,16.350000381469727,16.959999084472656,14.008610725402832,2507100,GGAL
2014-07-31,15.470000267028809,16.25,15.229999542236328,16.1200008392334,13.314787864685059,1828000,GGAL
2014-08-01,15.720000267028809,16.100000381469727,14.40999984741211,15.609999656677246,12.893536567687988,1609200,GGAL
2014-08-04,15.260000228881836,15.8100004196167,15.010000228881836,15.34000015258789,12.670522689819336,914300,GGAL
2014-08-05,15.09000015258789,15.180000305175781,13.859999656677246,14.069999694824219,11.621528625488281,1259000,GGAL
2014-08-06,14.020000457763672,14.829999923706055,13.5,14.149999618530273,11.687607765197754,1064500,GGAL
2014-08-07,14.210000038146973,14.989999771118164,14.0,14.680000305175781,12.125377655029297,1117400,GGAL
2014-08-08,14.720000267028809,14.949999809265137,14.229999542236328,14.550000190734863,12.018000602722168,520900,GGAL
2014-08-11,14.539999961853027,14.640000343322754,13.789999961853027,13.90999984741211,11.489373207092285,598000,GGAL
2014-08-12,13.930000305175781,13.989999771118164,13.470000267028809,13.5,11.150720596313477,949400,GGAL
2014-08-13,13.520000457763672,13.569999694824219,13.09000015258789,13.300000190734863,10.985523223876953,662600,GGAL
2014-08-14,13.119999885559082,13.300000190734863,12.59000015258789,12.670000076293945,10.465156555175781,892500,GGAL
2014-08-15,12.5,13.069999694824219,12.229999542236328,12.920000076293945,10.671651840209961,1074000,GGAL
2014-08-18,12.789999961853027,13.430000305175781,12.4399995803833,13.069999694824219,10.795549392700195,483400,GGAL
2014-08-19,13.1899995803833,13.34000015258789,12.859999656677246,12.979999542236328,10.721211433410645,376700,GGAL
2014-08-20,12.640000343322754,12.779999732971191,12.210000038146973,12.430000305175781,10.266923904418945,785700,GGAL
2014-08-21,12.359999656677246,12.600000381469727,12.180000305175781,12.34000015258789,10.192584037780762,601200,GGAL
2014-08-22,12.289999961853027,12.819999694824219,12.229999542236328,12.760000228881836,10.539497375488281,448900,GGAL
2014-08-25,12.649999618530273,13.279999732971191,12.649999618530273,12.760000228881836,10.539497375488281,542200,GGAL
2014-08-26,12.819999694824219,12.9399995803833,12.350000381469727,12.579999923706055,10.390820503234863,398600,GGAL
2014-08-27,12.399999618530273,12.6899995803833,12.3100004196167,12.5600004196167,10.374300003051758,611700,GGAL
2014-08-28,12.5600004196167,12.850000381469727,12.460000038146973,12.59000015258789,10.399078369140625,595300,GGAL
2014-08-29,12.65999984741211,12.770000457763672,12.40999984741211,12.680000305175781,10.473420143127441,579400,GGAL
2014-09-02,12.720000267028809,12.789999961853027,12.420000076293945,12.75,10.531235694885254,525100,GGAL
2014-09-03,12.859999656677246,13.649999618530273,12.75,13.520000457763672,11.167242050170898,965800,GGAL
2014-09-04,13.460000038146973,13.760000228881836,13.09000015258789,13.25,10.944225311279297,558900,GGAL
2014-09-05,13.260000228881836,13.819999694824219,13.170000076293945,13.65999984741211,11.282877922058105,519700,GGAL
2014-09-08,13.609999656677246,13.970000267028809,13.550000190734863,13.569999694824219,11.208539009094238,830400,GGAL
2014-09-09,13.399999618530273,13.710000038146973,13.180000305175781,13.710000038146973,11.324176788330078,254500,GGAL
2014-09-10,13.539999961853027,14.180000305175781,13.539999961853027,14.0600004196167,11.613269805908203,774300,GGAL
2014-09-11,14.050000190734863,14.479999542236328,13.979999542236328,14.369999885559082,11.869322776794434,649100,GGAL
2014-09-12,14.149999618530273,14.949999809265137,14.09000015258789,14.739999771118164,12.174934387207031,712000,GGAL
2014-09-15,14.6899995803833,14.829999923706055,14.40999984741211,14.539999961853027,12.009737968444824,503800,GGAL
2014-09-16,14.520000457763672,15.170000076293945,14.319999694824219,15.130000114440918,12.49706745147705,623500,GGAL
2014-09-17,15.079999923706055,15.170000076293945,14.65999984741211,14.84000015258789,12.257532119750977,313100,GGAL
2014-09-18,14.760000228881836,14.970000267028809,14.5,14.640000343322754,12.092336654663086,326600,GGAL
2014-09-19,14.59000015258789,14.609999656677246,14.109999656677246,14.239999771118164,11.761942863464355,454300,GGAL
2014-09-22,14.149999618530273,14.40999984741211,13.899999618530273,14.359999656677246,11.861065864562988,427400,GGAL
2014-09-23,14.289999961853027,14.600000381469727,13.970000267028809,14.079999923706055,11.62978744506836,300800,GGAL
2014-09-24,14.09000015258789,14.380000114440918,13.729999542236328,14.210000038146973,11.737166404724121,318700,GGAL
2014-09-25,14.119999885559082,14.119999885559082,13.720000267028809,13.789999961853027,11.390254020690918,238800,GGAL
2014-09-26,13.829999923706055,14.300000190734863,13.510000228881836,14.220000267028809,11.745426177978516,235300,GGAL
2014-09-29,13.920000076293945,14.270000457763672,13.789999961853027,14.029999732971191,11.588489532470703,276000,GGAL
2014-09-30,13.989999771118164,14.3100004196167,13.850000381469727,14.210000038146973,11.737166404724121,359900,GGAL
2014-10-01,14.130000114440918,14.239999771118164,13.399999618530273,13.5,11.150720596313477,612600,GGAL
2014-10-02,13.319999694824219,13.319999694824219,12.479999542236328,12.710000038146973,10.498197555541992,1255000,GGAL
2014-10-03,12.640000343322754,13.069999694824219,12.260000228881836,12.380000114440918,10.225624084472656,1017500,GGAL
2014-10-06,12.529999732971191,12.649999618530273,11.960000038146973,12.029999732971191,9.936531066894531,624500,GGAL
2014-10-07,12.100000381469727,12.100000381469727,11.59000015258789,11.6899995803833,9.6556978225708,378300,GGAL
2014-10-08,11.800000190734863,12.069999694824219,11.380000114440918,12.0,9.911751747131348,452500,GGAL
2014-10-09,11.920000076293945,12.0600004196167,11.5,11.609999656677246,9.589621543884277,398100,GGAL
2014-10-10,11.520000457763672,12.050000190734863,11.229999542236328,11.630000114440918,9.60614013671875,620700,GGAL
2014-10-13,11.550000190734863,11.789999961853027,11.25,11.390000343322754,9.407903671264648,357300,GGAL
2014-10-14,11.5,12.020000457763672,11.260000228881836,11.729999542236328,9.688736915588379,493700,GGAL
2014-10-15,11.510000228881836,11.880000114440918,10.329999923706055,11.59000015258789,9.573101997375488,811400,GGAL
2014-10-16,11.199999809265137,12.220000267028809,10.529999732971191,11.970000267028809,9.886971473693848,729400,GGAL
2014-10-17,12.1899995803833,12.84000015258789,12.09000015258789,12.59000015258789,10.399078369140625,904200,GGAL
2014-10-20,12.399999618530273,13.5,12.399999618530273,13.3100004196167,10.99378490447998,570800,GGAL
2014-10-21,13.210000038146973,13.649999618530273,13.15999984741211,13.59000015258789,11.225057601928711,491700,GGAL
2014-10-22,13.5,13.899999618530273,13.220000267028809,13.289999961853027,10.977263450622559,373300,GGAL
2014-10-23,13.34000015258789,13.970000267028809,13.329999923706055,13.680000305175781,11.299397468566895,402300,GGAL
2014-10-24,13.600000381469727,13.84000015258789,13.420000076293945,13.75,11.35721492767334,209200,GGAL
2014-10-27,13.460000038146973,13.789999961853027,13.140000343322754,13.6899995803833,11.307656288146973,213500,GGAL
2014-10-28,13.720000267028809,14.319999694824219,13.720000267028809,14.100000381469727,11.646308898925781,326100,GGAL
2014-10-29,14.149999618530273,14.359999656677246,13.770000457763672,13.8100004196167,11.406776428222656,280500,GGAL
2014-10-30,13.800000190734863,14.380000114440918,13.800000190734863,14.350000381469727,11.852804183959961,350700,GGAL
2014-10-31,14.4399995803833,15.050000190734863,14.289999961853027,14.699999809265137,12.141897201538086,781300,GGAL
2014-11-03,14.579999923706055,15.399999618530273,14.270000457763672,15.199999809265137,12.554885864257812,856300,GGAL
2014-11-04,15.100000381469727,15.489999771118164,14.600000381469727,14.880000114440918,12.290573120117188,620400,GGAL
2014-11-05,14.979999542236328,15.3100004196167,14.710000038146973,15.260000228881836,12.60444450378418,371300,GGAL
2014-11-06,15.229999542236328,15.899999618530273,14.739999771118164,15.25,12.596184730529785,222900,GGAL
2014-11-07,15.199999809265137,15.680000305175781,14.9399995803833,15.069999694824219,12.44750690460205,367800,GGAL
2014-11-10,15.109999656677246,15.619999885559082,14.9399995803833,14.970000267028809,12.364911079406738,158400,GGAL
2014-11-11,14.930000305175781,15.199999809265137,14.720000267028809,15.029999732971191,12.414468765258789,248100,GGAL
2014-11-12,14.970000267028809,15.3100004196167,14.869999885559082,15.039999961853027,12.422727584838867,187600,GGAL
2014-11-13,15.050000190734863,15.390000343322754,15.0,15.279999732971191,12.620963096618652,382800,GGAL
2014-11-14,15.1899995803833,15.430000305175781,14.899999618530273,15.0600004196167,12.439249992370605,232000,GGAL
2014-11-17,14.949999809265137,15.6899995803833,14.899999618530273,15.539999961853027,12.83571720123291,487600,GGAL
2014-11-18,15.59000015258789,16.469999313354492,15.319999694824219,15.380000114440918,12.703561782836914,393100,GGAL
2014-11-19,15.279999732971191,15.619999885559082,15.199999809265137,15.460000038146973,12.769641876220703,230100,GGAL
2014-11-20,15.430000305175781,15.920000076293945,15.3100004196167,15.670000076293945,12.943095207214355,213700,GGAL
2014-11-21,15.960000038146973,16.15999984741211,15.720000267028809,15.90999984741211,13.14133071899414,306100,GGAL
2014-11-24,15.989999771118164,16.469999313354492,15.760000228881836,15.770000457763672,13.025693893432617,246900,GGAL
2014-11-25,15.859999656677246,15.9399995803833,15.579999923706055,15.800000190734863,13.050475120544434,224300,GGAL
2014-11-26,15.670000076293945,16.489999771118164,15.579999923706055,16.170000076293945,13.356085777282715,476200,GGAL
2014-11-28,16.1299991607666,16.149999618530273,15.8100004196167,16.010000228881836,13.223930358886719,271100,GGAL
2014-12-01,15.869999885559082,16.149999618530273,15.0600004196167,15.770000457763672,13.025693893432617,385300,GGAL
2014-12-02,15.859999656677246,15.859999656677246,15.350000381469727,15.5600004196167,12.852237701416016,243900,GGAL
2014-12-03,15.619999885559082,16.0,15.510000228881836,15.869999885559082,13.108291625976562,226100,GGAL
2014-12-04,15.710000038146973,16.3799991607666,15.710000038146973,16.170000076293945,13.356085777282715,521400,GGAL
2014-12-05,16.350000381469727,16.65999984741211,16.299999237060547,16.559999465942383,13.678216934204102,689300,GGAL
2014-12-08,16.559999465942383,16.56999969482422,15.930000305175781,16.020000457763672,13.23218822479248,212100,GGAL
2014-12-09,15.899999618530273,16.100000381469727,15.199999809265137,15.199999809265137,12.554885864257812,664100,GGAL
2014-12-10,15.130000114440918,15.579999923706055,14.779999732971191,14.899999618530273,12.307092666625977,866800,GGAL
2014-12-11,14.899999618530273,15.390000343322754,14.75,15.229999542236328,12.579665184020996,397400,GGAL
2014-12-12,15.149999618530273,15.300000190734863,14.90999984741211,15.050000190734863,12.430989265441895,432200,GGAL
2014-12-15,15.119999885559082,15.149999618530273,14.170000076293945,14.1899995803833,11.720645904541016,590000,GGAL
2014-12-16,13.989999771118164,14.25,13.8100004196167,14.1899995803833,11.720645904541016,373600,GGAL
2014-12-17,14.3100004196167,14.819999694824219,14.239999771118164,14.550000190734863,12.018000602722168,301500,GGAL
2014-12-18,15.029999732971191,15.100000381469727,14.550000190734863,14.8100004196167,12.232752799987793,252700,GGAL
2014-12-19,14.890000343322754,15.529999732971191,14.8100004196167,15.4399995803833,12.753119468688965,253400,GGAL
2014-12-22,15.649999618530273,15.9399995803833,15.619999885559082,15.789999961853027,13.042211532592773,210900,GGAL
2014-12-23,15.989999771118164,16.399999618530273,15.989999771118164,16.200000762939453,13.380865097045898,282200,GGAL
2014-12-24,16.270000457763672,16.360000610351562,15.9399995803833,16.280000686645508,13.446943283081055,67600,GGAL
2014-12-26,16.389999389648438,16.399999618530273,15.979999542236328,16.049999237060547,13.256965637207031,132200,GGAL
2014-12-29,16.1200008392334,16.399999618530273,15.949999809265137,16.239999771118164,13.413901329040527,110700,GGAL
2014-12-30,16.040000915527344,16.3700008392334,15.520000457763672,15.720000267028809,12.984396934509277,512900,GGAL
2014-12-31,15.739999771118164,16.149999618530273,15.569999694824219,15.890000343322754,13.124811172485352,223900,GGAL
2015-01-02,15.850000381469727,15.869999885559082,15.5,15.569999694824219,12.860498428344727,152300,GGAL
2015-01-05,15.5,15.520000457763672,15.010000228881836,15.180000305175781,12.53836727142334,202300,GGAL
2015-01-06,15.3100004196167,15.420000076293945,14.989999771118164,15.180000305175781,12.53836727142334,256900,GGAL
2015-01-07,15.430000305175781,15.829999923706055,15.380000114440918,15.489999771118164,12.794419288635254,298500,GGAL
2015-01-08,15.699999809265137,15.880000114440918,15.510000228881836,15.869999885559082,13.108291625976562,291900,GGAL
2015-01-09,15.90999984741211,15.949999809265137,15.520000457763672,15.890000343322754,13.124811172485352,133500,GGAL
2015-01-12,15.789999961853027,15.899999618530273,15.609999656677246,15.779999732971191,13.033953666687012,466100,GGAL
2015-01-13,15.850000381469727,16.299999237060547,15.699999809265137,16.270000457763672,13.43868637084961,412600,GGAL
2015-01-14,16.1200008392334,16.399999618530273,16.020000457763672,16.3700008392334,13.521281242370605,277800,GGAL
2015-01-15,16.399999618530273,16.489999771118164,16.270000457763672,16.31999969482422,13.479981422424316,506200,GGAL
2015-01-16,16.399999618530273,16.899999618530273,16.06999969482422,16.8799991607666,13.942529678344727,616300,GGAL
2015-01-20,17.110000610351562,17.190000534057617,16.889999389648438,16.969999313354492,14.01686954498291,826400,GGAL
2015-01-21,16.959999084472656,17.149999618530273,16.84000015258789,16.950000762939453,14.000349998474121,423300,GGAL
2015-01-22,17.0,17.0,16.440000534057617,16.649999618530273,13.752555847167969,480500,GGAL
2015-01-23,16.65999984741211,16.700000762939453,16.010000228881836,16.049999237060547,13.256965637207031,347000,GGAL
2015-01-26,16.15999984741211,16.700000762939453,16.1299991607666,16.5,13.62865924835205,338200,GGAL
2015-01-27,16.329999923706055,16.84000015258789,16.329999923706055,16.68000030517578,13.777334213256836,145200,GGAL
2015-01-28,16.75,17.0,16.200000762939453,16.459999084472656,13.595619201660156,180100,GGAL
2015-01-29,16.459999084472656,16.549999237060547,16.190000534057617,16.479999542236328,13.612137794494629,124300,GGAL
2015-01-30,16.25,16.43000030517578,16.15999984741211,16.360000610351562,13.513022422790527,125900,GGAL
2015-02-02,16.520000457763672,16.90999984741211,16.34000015258789,16.8700008392334,13.934273719787598,304200,GGAL
2015-02-03,17.0,17.3799991607666,17.0,17.049999237060547,14.0829496383667,348100,GGAL
2015-02-04,16.93000030517578,17.229999542236328,16.799999237060547,17.1299991607666,14.149025917053223,243500,GGAL
2015-02-05,17.190000534057617,17.270000457763672,17.06999969482422,17.229999542236328,14.231620788574219,196200,GGAL
2015-02-06,17.190000534057617,17.209999084472656,17.020000457763672,17.079999923706055,14.107728004455566,197600,GGAL
2015-02-09,17.1299991607666,17.290000915527344,17.030000686645508,17.200000762939453,14.206844329833984,146200,GGAL
2015-02-10,17.200000762939453,17.889999389648438,17.200000762939453,17.8700008392334,14.760250091552734,461600,GGAL
2015-02-11,17.8799991607666,18.059999465942383,17.739999771118164,18.0,14.867626190185547,498500,GGAL
2015-02-12,18.1299991607666,18.399999618530273,17.889999389648438,18.049999237060547,14.908926010131836,386400,GGAL
2015-02-13,18.149999618530273,19.100000381469727,18.149999618530273,18.979999542236328,15.677085876464844,492800,GGAL
2015-02-17,18.979999542236328,20.5,18.6200008392334,19.670000076293945,16.24701690673828,645100,GGAL
2015-02-18,19.729999542236328,19.950000762939453,19.3700008392334,19.5,16.106597900390625,672500,GGAL
2015-02-19,19.43000030517578,19.940000534057617,19.149999618530273,19.889999389648438,16.428728103637695,367100,GGAL
2015-02-20,20.0,20.59000015258789,19.700000762939453,20.510000228881836,16.94083595275879,474500,GGAL
2015-02-23,20.559999465942383,21.75,20.40999984741211,21.56999969482422,17.816373825073242,743800,GGAL
2015-02-24,21.770000457763672,22.360000610351562,20.8700008392334,21.75,17.96504783630371,581700,GGAL
2015-02-25,21.549999237060547,22.139999389648438,21.18000030517578,21.489999771118164,17.750293731689453,518000,GGAL
2015-02-26,21.290000915527344,21.75,20.1200008392334,20.530000686645508,16.957355499267578,787800,GGAL
2015-02-27,20.530000686645508,21.139999389648438,20.329999923706055,20.709999084472656,17.10603141784668,667000,GGAL
2015-03-02,20.959999084472656,21.489999771118164,20.75,21.110000610351562,17.436426162719727,537500,GGAL
2015-03-03,21.170000076293945,21.579999923706055,20.59000015258789,21.030000686645508,17.370344161987305,588200,GGAL
2015-03-04,20.75,21.450000762939453,20.75,20.889999389648438,17.25470733642578,497000,GGAL
2015-03-05,20.889999389648438,22.059999465942383,20.81999969482422,21.760000228881836,17.973310470581055,596100,GGAL
2015-03-06,21.850000381469727,22.770000457763672,21.809999465942383,22.229999542236328,18.36151885986328,840300,GGAL
2015-03-09,22.56999969482422,23.350000381469727,22.100000381469727,23.049999237060547,19.0388240814209,833400,GGAL
2015-03-10,22.84000015258789,23.18000030517578,22.65999984741211,22.93000030517578,18.93970489501953,615200,GGAL
2015-03-11,23.040000915527344,23.040000915527344,22.6200008392334,22.739999771118164,18.782772064208984,597800,GGAL
2015-03-12,22.84000015258789,23.690000534057617,22.84000015258789,23.559999465942383,19.460073471069336,783300,GGAL
2015-03-13,23.6200008392334,23.649999618530273,22.84000015258789,23.139999389648438,19.113157272338867,512100,GGAL
2015-03-16,23.420000076293945,24.850000381469727,23.420000076293945,24.59000015258789,20.310829162597656,1056500,GGAL
2015-03-17,24.59000015258789,26.0,24.469999313354492,25.760000228881836,21.2772274017334,2164700,GGAL
2015-03-18,25.639999389648438,26.020000457763672,25.34000015258789,25.829999923706055,21.335044860839844,635200,GGAL
2015-03-19,25.899999618530273,26.100000381469727,25.200000762939453,25.520000457763672,21.078994750976562,731000,GGAL
2015-03-20,25.520000457763672,26.1299991607666,25.520000457763672,25.690000534057617,21.21940803527832,585400,GGAL
2015-03-23,25.690000534057617,25.780000686645508,25.100000381469727,25.31999969482422,20.913793563842773,663200,GGAL
2015-03-24,25.110000610351562,25.25,23.719999313354492,24.43000030517578,20.178672790527344,633000,GGAL
2015-03-25,24.600000381469727,24.829999923706055,24.139999389648438,24.530000686645508,20.261274337768555,415600,GGAL
2015-03-26,24.229999542236328,24.559999465942383,23.239999771118164,23.56999969482422,19.468338012695312,516800,GGAL
2015-03-27,23.3700008392334,23.920000076293945,23.219999313354492,23.5,19.41051483154297,396400,GGAL
2015-03-30,23.670000076293945,24.3799991607666,23.549999237060547,24.25,20.029998779296875,383900,GGAL
2015-03-31,23.950000762939453,24.6200008392334,22.790000915527344,23.149999618530273,19.121417999267578,646600,GGAL
2015-04-01,23.200000762939453,23.610000610351562,22.360000610351562,23.209999084472656,19.170978546142578,512600,GGAL
2015-04-02,23.40999984741211,24.06999969482422,23.25,23.739999771118164,19.60875129699707,209300,GGAL
2015-04-06,23.770000457763672,24.06999969482422,23.389999389648438,23.670000076293945,19.55093002319336,397600,GGAL
2015-04-07,23.6299991607666,23.979999542236328,23.43000030517578,23.600000381469727,19.49311065673828,429400,GGAL
2015-04-08,23.799999237060547,24.100000381469727,22.829999923706055,23.299999237060547,19.24531364440918,485100,GGAL
2015-04-09,23.079999923706055,23.700000762939453,22.920000076293945,23.149999618530273,19.121417999267578,478400,GGAL
2015-04-10,23.229999542236328,23.719999313354492,23.200000762939453,23.540000915527344,19.443553924560547,407500,GGAL
2015-04-13,23.489999771118164,23.719999313354492,22.760000228881836,23.139999389648438,19.113157272338867,448600,GGAL
2015-04-14,23.25,23.389999389648438,22.780000686645508,22.989999771118164,18.9892635345459,355600,GGAL
2015-04-15,23.139999389648438,23.139999389648438,21.809999465942383,22.420000076293945,18.518457412719727,757400,GGAL
2015-04-16,22.239999771118164,22.399999618530273,21.989999771118164,22.0,18.171545028686523,363700,GGAL
2015-04-17,21.809999465942383,22.299999237060547,21.440000534057617,21.989999771118164,18.163284301757812,255600,GGAL
2015-04-20,22.280000686645508,22.280000686645508,21.510000228881836,21.8799991607666,18.07242774963379,303000,GGAL
2015-04-21,21.739999771118164,22.139999389648438,21.59000015258789,21.959999084472656,18.138505935668945,570900,GGAL
2015-04-22,22.06999969482422,22.889999389648438,21.829999923706055,22.549999237060547,18.625835418701172,461600,GGAL
2015-04-23,22.549999237060547,23.510000228881836,22.549999237060547,23.200000762939453,19.1627197265625,402400,GGAL
2015-04-24,23.399999618530273,23.6200008392334,22.989999771118164,23.209999084472656,19.170978546142578,221500,GGAL
2015-04-27,23.280000686645508,23.700000762939453,22.670000076293945,22.760000228881836,18.799287796020508,229100,GGAL
2015-04-28,22.549999237060547,23.110000610351562,22.350000381469727,22.959999084472656,18.964481353759766,221900,GGAL
2015-04-29,22.8799991607666,22.950000762939453,22.549999237060547,22.709999084472656,18.75798988342285,204700,GGAL
2015-04-30,22.639999389648438,23.149999618530273,21.959999084472656,22.040000915527344,18.2045841217041,431400,GGAL
2015-05-01,22.059999465942383,22.1200008392334,21.559999465942383,21.719999313354492,17.940271377563477,196000,GGAL
2015-05-04,21.90999984741211,22.700000762939453,21.81999969482422,22.260000228881836,18.38629722595215,495500,GGAL
2015-05-05,22.190000534057617,22.540000915527344,21.549999237060547,21.600000381469727,17.841150283813477,393900,GGAL
2015-05-06,21.799999237060547,21.84000015258789,20.790000915527344,20.989999771118164,17.337308883666992,342000,GGAL
2015-05-07,20.860000610351562,20.860000610351562,20.219999313354492,20.799999237060547,17.180370330810547,486300,GGAL
2015-05-08,20.770000457763672,21.25,20.719999313354492,21.139999389648438,17.461204528808594,599600,GGAL
2015-05-11,20.899999618530273,22.1200008392334,20.899999618530273,21.979999542236328,18.155027389526367,819500,GGAL
2015-05-12,21.81999969482422,22.049999237060547,21.610000610351562,22.0,18.171545028686523,430100,GGAL
2015-05-13,21.950000762939453,22.270000457763672,21.860000610351562,22.049999237060547,18.21284294128418,283800,GGAL
2015-05-14,22.15999984741211,22.270000457763672,22.020000457763672,22.229999542236328,18.36151885986328,201800,GGAL
2015-05-15,22.200000762939453,22.329999923706055,21.739999771118164,22.0,18.171545028686523,199700,GGAL
2015-05-18,22.079999923706055,22.6299991607666,21.889999389648438,22.510000228881836,18.59279441833496,389600,GGAL
2015-05-19,22.520000457763672,22.6200008392334,22.15999984741211,22.43000030517578,18.526710510253906,223000,GGAL
2015-05-20,22.469999313354492,22.56999969482422,21.850000381469727,22.010000228881836,18.179807662963867,345300,GGAL
2015-05-21,22.059999465942383,22.219999313354492,21.809999465942383,21.969999313354492,18.14676856994629,405400,GGAL
2015-05-22,21.989999771118164,21.989999771118164,21.170000076293945,21.520000457763672,17.775074005126953,286600,GGAL
2015-05-26,21.239999771118164,21.239999771118164,21.079999923706055,21.139999389648438,17.53126335144043,321900,GGAL
2015-05-27,21.1299991607666,21.31999969482422,20.68000030517578,20.899999618530273,17.33222770690918,231500,GGAL
2015-05-28,20.690000534057617,20.799999237060547,20.360000610351562,20.579999923706055,17.066856384277344,344800,GGAL
2015-05-29,20.600000381469727,20.940000534057617,19.940000534057617,20.030000686645508,16.610750198364258,544600,GGAL
2015-06-01,20.059999465942383,20.579999923706055,19.59000015258789,20.350000381469727,16.876123428344727,522300,GGAL
2015-06-02,20.360000610351562,22.139999389648438,20.360000610351562,22.059999465942383,18.294214248657227,566000,GGAL
2015-06-03,22.040000915527344,22.149999618530273,21.079999923706055,21.479999542236328,17.813222885131836,405400,GGAL
2015-06-04,21.510000228881836,22.649999618530273,21.399999618530273,22.420000076293945,18.592756271362305,949100,GGAL
2015-06-05,22.389999389648438,22.559999465942383,21.700000762939453,22.079999923706055,18.31079864501953,425900,GGAL
2015-06-08,22.09000015258789,22.219999313354492,21.6200008392334,21.639999389648438,17.945905685424805,284600,GGAL
2015-06-09,21.440000534057617,21.940000534057617,21.389999389648438,21.700000762939453,17.995664596557617,199100,GGAL
2015-06-10,21.770000457763672,22.25,21.43000030517578,21.440000534057617,17.78005027770996,292700,GGAL
2015-06-11,21.65999984741211,21.850000381469727,21.09000015258789,21.549999237060547,17.871273040771484,330100,GGAL
2015-06-12,21.40999984741211,21.450000762939453,20.75,21.010000228881836,17.4234561920166,118100,GGAL
2015-06-15,20.969999313354492,21.0,20.43000030517578,20.610000610351562,17.091739654541016,261800,GGAL
2015-06-16,20.729999542236328,20.729999542236328,20.059999465942383,20.170000076293945,16.726848602294922,158400,GGAL
2015-06-17,20.040000915527344,20.040000915527344,18.34000015258789,18.8799991607666,15.657054901123047,1945200,GGAL
2015-06-18,18.75,19.299999237060547,18.450000762939453,18.5,15.341926574707031,597900,GGAL
2015-06-19,18.600000381469727,19.360000610351562,17.84000015258789,18.56999969482422,15.399980545043945,580000,GGAL
2015-06-22,18.56999969482422,20.0,18.56999969482422,19.59000015258789,16.24585723876953,561900,GGAL
2015-06-23,19.6299991607666,19.899999618530273,19.260000228881836,19.56999969482422,16.229272842407227,398900,GGAL
2015-06-24,19.309999465942383,19.760000228881836,19.149999618530273,19.299999237060547,16.005359649658203,236000,GGAL
2015-06-25,19.420000076293945,19.950000762939453,18.969999313354492,19.540000915527344,16.204391479492188,420700,GGAL
2015-06-26,19.5,19.979999542236328,19.299999237060547,19.389999389648438,16.07999610900879,229400,GGAL
2015-06-29,19.0,19.100000381469727,18.479999542236328,18.81999969482422,15.607305526733398,385500,GGAL
2015-06-30,19.049999237060547,19.34000015258789,18.549999237060547,18.790000915527344,15.582422256469727,535600,GGAL
2015-07-01,19.229999542236328,19.229999542236328,18.190000534057617,18.350000381469727,15.217535018920898,609100,GGAL
2015-07-02,18.43000030517578,18.8700008392334,18.200000762939453,18.700000762939453,15.507787704467773,729900,GGAL
2015-07-06,18.530000686645508,19.420000076293945,18.399999618530273,19.149999618530273,15.88097095489502,428500,GGAL
2015-07-07,19.209999084472656,19.579999923706055,18.84000015258789,19.450000762939453,16.129756927490234,333400,GGAL
2015-07-08,19.309999465942383,19.559999465942383,19.110000610351562,19.139999389648438,15.872674942016602,194500,GGAL
2015-07-09,19.3799991607666,19.610000610351562,19.110000610351562,19.3700008392334,16.063413619995117,104700,GGAL
2015-07-10,19.68000030517578,19.899999618530273,19.440000534057617,19.770000457763672,16.395130157470703,240100,GGAL
2015-07-13,19.889999389648438,20.3700008392334,19.739999771118164,20.079999923706055,16.652210235595703,275700,GGAL
2015-07-14,20.139999389648438,20.81999969482422,19.860000610351562,20.809999465942383,17.257596969604492,398500,GGAL
2015-07-15,20.729999542236328,21.43000030517578,20.6299991607666,21.209999084472656,17.589313507080078,461700,GGAL
2015-07-16,21.25,22.0,21.170000076293945,21.239999771118164,17.61419105529785,381800,GGAL
2015-07-17,21.25,21.469999313354492,20.860000610351562,21.280000686645508,17.647363662719727,217200,GGAL
2015-07-20,21.600000381469727,21.600000381469727,20.15999984741211,20.290000915527344,16.82636260986328,306400,GGAL
2015-07-21,20.40999984741211,20.469999313354492,19.520000457763672,19.989999771118164,16.577573776245117,439100,GGAL
2015-07-22,19.950000762939453,20.15999984741211,19.530000686645508,19.760000228881836,16.386838912963867,197800,GGAL
2015-07-23,19.649999618530273,19.709999084472656,19.25,19.56999969482422,16.229272842407227,220500,GGAL
2015-07-24,19.469999313354492,19.469999313354492,18.56999969482422,18.579999923706055,15.408268928527832,375700,GGAL
2015-07-27,18.459999084472656,18.459999084472656,18.0,18.100000381469727,15.010209083557129,423600,GGAL
2015-07-28,18.040000915527344,18.399999618530273,18.040000915527344,18.209999084472656,15.101432800292969,387600,GGAL
2015-07-29,18.260000228881836,18.780000686645508,18.200000762939453,18.549999237060547,15.383391380310059,579400,GGAL
2015-07-30,18.549999237060547,19.329999923706055,18.239999771118164,19.239999771118164,15.955605506896973,365500,GGAL
2015-07-31,19.31999969482422,19.43000030517578,18.649999618530273,18.790000915527344,15.582422256469727,275600,GGAL
2015-08-03,18.75,19.299999237060547,18.649999618530273,19.219999313354492,15.939018249511719,402800,GGAL
2015-08-04,19.309999465942383,19.3700008392334,18.56999969482422,18.65999984741211,15.474611282348633,379900,GGAL
2015-08-05,18.690000534057617,19.3700008392334,18.610000610351562,19.1200008392334,15.85608959197998,499100,GGAL
2015-08-06,18.950000762939453,20.700000762939453,18.809999465942383,20.31999969482422,16.851242065429688,675800,GGAL
2015-08-07,20.489999771118164,21.399999618530273,20.229999542236328,21.06999969482422,17.47321128845215,906300,GGAL
2015-08-10,21.579999923706055,22.219999313354492,20.559999465942383,22.030000686645508,18.269336700439453,1013100,GGAL
2015-08-11,22.0,22.030000686645508,20.709999084472656,21.010000228881836,17.4234561920166,665600,GGAL
2015-08-12,20.729999542236328,20.969999313354492,20.280000686645508,20.739999771118164,17.199546813964844,571300,GGAL
2015-08-13,20.690000534057617,21.530000686645508,20.389999389648438,21.459999084472656,17.796634674072266,670100,GGAL
2015-08-14,21.479999542236328,21.770000457763672,20.3799991607666,20.760000228881836,17.216127395629883,495700,GGAL
2015-08-17,20.639999389648438,21.15999984741211,20.270000457763672,21.100000381469727,17.498088836669922,208600,GGAL
2015-08-18,21.0,21.190000534057617,20.239999771118164,20.75,17.20783805847168,277700,GGAL
2015-08-19,20.68000030517578,20.68000030517578,19.530000686645508,19.68000030517578,16.320493698120117,367600,GGAL
2015-08-20,19.65999984741211,20.0,18.920000076293945,18.979999542236328,15.739989280700684,338000,GGAL
2015-08-21,18.639999389648438,18.81999969482422,17.309999465942383,18.25,15.134605407714844,774000,GGAL
2015-08-24,17.170000076293945,17.610000610351562,15.300000190734863,17.360000610351562,14.39653205871582,626500,GGAL
2015-08-25,18.049999237060547,18.559999465942383,17.399999618530273,17.399999618530273,14.429703712463379,337900,GGAL
2015-08-26,17.799999237060547,18.739999771118164,17.690000534057617,18.56999969482422,15.399980545043945,452300,GGAL
2015-08-27,18.84000015258789,19.899999618530273,18.489999771118164,19.719999313354492,16.353666305541992,407300,GGAL
2015-08-28,19.600000381469727,19.8700008392334,19.219999313354492,19.559999465942383,16.220975875854492,213100,GGAL
2015-08-31,19.3700008392334,19.43000030517578,18.719999313354492,19.15999984741211,15.889261245727539,136700,GGAL
2015-09-01,18.639999389648438,19.260000228881836,18.510000228881836,18.780000686645508,15.574130058288574,333300,GGAL
2015-09-02,19.059999465942383,19.329999923706055,18.309999465942383,18.459999084472656,15.30875301361084,176200,GGAL
2015-09-03,18.360000610351562,19.31999969482422,18.229999542236328,19.170000076293945,15.89755630493164,298100,GGAL
2015-09-04,18.8700008392334,19.399999618530273,18.700000762939453,19.280000686645508,15.988777160644531,156800,GGAL
2015-09-08,19.40999984741211,20.350000381469727,19.40999984741211,20.260000228881836,16.801481246948242,315900,GGAL
2015-09-09,20.469999313354492,20.84000015258789,20.010000228881836,20.360000610351562,16.88441276550293,255300,GGAL
2015-09-10,20.309999465942383,20.530000686645508,20.1200008392334,20.479999542236328,16.983928680419922,159900,GGAL
2015-09-11,20.3700008392334,20.5,20.1299991607666,20.5,17.000511169433594,101600,GGAL
2015-09-14,20.450000762939453,20.469999313354492,19.940000534057617,19.950000762939453,16.544403076171875,240700,GGAL
2015-09-15,20.040000915527344,20.420000076293945,19.899999618530273,20.209999084472656,16.760019302368164,148800,GGAL
2015-09-16,20.290000915527344,20.739999771118164,19.65999984741211,19.780000686645508,16.403423309326172,235300,GGAL
2015-09-17,19.81999969482422,19.969999313354492,19.020000457763672,19.149999618530273,15.88097095489502,434700,GGAL
2015-09-18,18.860000610351562,19.65999984741211,18.719999313354492,19.239999771118164,15.955605506896973,252800,GGAL
2015-09-21,19.329999923706055,19.489999771118164,18.440000534057617,18.56999969482422,15.399980545043945,386000,GGAL
2015-09-22,18.40999984741211,18.420000076293945,17.850000381469727,18.0,14.927281379699707,441600,GGAL
2015-09-23,17.979999542236328,18.350000381469727,17.639999389648438,17.780000686645508,14.74483585357666,360100,GGAL
2015-09-24,17.6200008392334,17.899999618530273,17.360000610351562,17.549999237060547,14.554096221923828,674100,GGAL
2015-09-25,17.829999923706055,18.299999237060547,17.149999618530273,17.989999771118164,14.918987274169922,308300,GGAL
2015-09-28,17.709999084472656,17.809999465942383,17.100000381469727,17.459999084472656,14.479464530944824,464800,GGAL
2015-09-29,17.559999465942383,18.43000030517578,17.469999313354492,17.979999542236328,14.91069507598877,307100,GGAL
2015-09-30,18.15999984741211,18.479999542236328,17.81999969482422,17.81999969482422,14.778007507324219,200200,GGAL
2015-10-01,17.790000915527344,18.0,17.139999389648438,17.149999618530273,14.222382545471191,474900,GGAL
2015-10-02,17.0,17.610000610351562,16.6200008392334,17.56999969482422,14.570683479309082,304600,GGAL
2015-10-05,17.670000076293945,18.360000610351562,17.670000076293945,17.969999313354492,14.902400016784668,229900,GGAL
2015-10-06,18.040000915527344,18.239999771118164,17.780000686645508,17.81999969482422,14.778007507324219,339700,GGAL
2015-10-07,17.8799991607666,18.979999542236328,17.8799991607666,18.93000030517578,15.698521614074707,317100,GGAL
2015-10-08,18.8799991607666,19.84000015258789,18.729999542236328,19.65999984741211,16.303909301757812,319300,GGAL
2015-10-09,19.75,20.049999237060547,19.31999969482422,19.709999084472656,16.345373153686523,361500,GGAL
2015-10-12,19.780000686645508,21.100000381469727,19.469999313354492,20.770000457763672,17.224422454833984,378200,GGAL
2015-10-13,20.709999084472656,20.719999313354492,19.889999389648438,20.290000915527344,16.82636260986328,496600,GGAL
2015-10-14,20.360000610351562,20.549999237060547,19.899999618530273,20.350000381469727,16.876123428344727,224000,GGAL
2015-10-15,20.3700008392334,21.100000381469727,20.3700008392334,21.100000381469727,17.498088836669922,538000,GGAL
2015-10-16,21.040000915527344,21.209999084472656,20.770000457763672,21.059999465942383,17.46491813659668,341700,GGAL
2015-10-19,20.889999389648438,20.979999542236328,20.68000030517578,20.799999237060547,17.24930191040039,529500,GGAL
2015-10-20,20.899999618530273,20.940000534057617,20.489999771118164,20.760000228881836,17.216127395629883,314800,GGAL
2015-10-21,20.770000457763672,21.1200008392334,20.520000457763672,20.56999969482422,17.058565139770508,519900,GGAL
2015-10-22,20.700000762939453,20.899999618530273,20.600000381469727,20.719999313354492,17.182960510253906,165100,GGAL
2015-10-23,20.920000076293945,21.469999313354492,20.920000076293945,21.299999237060547,17.663944244384766,642300,GGAL
2015-10-26,25.0,27.489999771118164,23.3799991607666,23.989999771118164,19.894746780395508,1854000,GGAL
2015-10-27,23.979999542236328,24.18000030517578,23.100000381469727,24.09000015258789,19.977680206298828,572800,GGAL
2015-10-28,24.25,27.239999771118164,24.25,26.899999618530273,22.307992935180664,1478900,GGAL
2015-10-29,26.56999969482422,27.979999542236328,26.149999618530273,26.579999923706055,22.042617797851562,916100,GGAL
2015-10-30,26.729999542236328,27.639999389648438,25.75,26.75,22.183597564697266,845700,GGAL
2015-11-02,26.809999465942383,27.59000015258789,25.610000610351562,25.93000030517578,21.503576278686523,665900,GGAL
2015-11-03,25.639999389648438,26.219999313354492,24.309999465942383,25.84000015258789,21.428943634033203,983700,GGAL
2015-11-04,25.979999542236328,26.0,25.139999389648438,25.450000762939453,21.10551643371582,495800,GGAL
2015-11-05,25.3799991607666,26.0,25.1299991607666,25.530000686645508,21.171859741210938,354000,GGAL
2015-11-06,25.520000457763672,26.06999969482422,25.5,25.739999771118164,21.346010208129883,402600,GGAL
2015-11-09,25.510000228881836,27.100000381469727,25.360000610351562,25.469999313354492,21.122102737426758,504900,GGAL
2015-11-10,25.479999542236328,26.290000915527344,25.25,26.1200008392334,21.661142349243164,534500,GGAL
2015-11-11,26.299999237060547,26.739999771118164,25.969999313354492,26.06999969482422,21.619674682617188,435000,GGAL
2015-11-12,26.0,26.549999237060547,25.299999237060547,26.079999923706055,21.62796974182129,367700,GGAL
2015-11-13,26.079999923706055,26.760000228881836,25.799999237060547,26.079999923706055,21.62796974182129,740900,GGAL
2015-11-16,26.25,27.0,25.93000030517578,26.889999389648438,22.299697875976562,731000,GGAL
2015-11-17,27.0,27.6299991607666,26.6200008392334,27.3700008392334,22.69776153564453,801400,GGAL
2015-11-18,27.34000015258789,27.579999923706055,26.420000076293945,27.229999542236328,22.58165740966797,973900,GGAL
2015-11-19,27.520000457763672,27.850000381469727,27.0,27.260000228881836,22.606538772583008,610500,GGAL
2015-11-20,27.5,29.0,27.040000915527344,28.420000076293945,23.568517684936523,1497900,GGAL
2015-11-23,29.25,29.25,25.420000076293945,25.8799991607666,21.462112426757812,1831300,GGAL
2015-11-24,25.549999237060547,26.479999542236328,25.5,25.84000015258789,21.428943634033203,702400,GGAL
2015-11-25,25.690000534057617,25.8799991607666,23.760000228881836,24.459999084472656,20.28451156616211,978100,GGAL
2015-11-27,25.010000228881836,25.270000457763672,24.34000015258789,24.6200008392334,20.417203903198242,183300,GGAL
2015-11-30,25.0,25.530000686645508,24.6299991607666,25.149999618530273,20.856725692749023,460200,GGAL
2015-12-01,25.139999389648438,25.399999618530273,24.520000457763672,24.610000610351562,20.408910751342773,377000,GGAL
2015-12-02,24.670000076293945,24.899999618530273,24.110000610351562,24.670000076293945,20.458667755126953,380600,GGAL
2015-12-03,24.979999542236328,24.979999542236328,23.860000610351562,24.18000030517578,20.052318572998047,303100,GGAL
2015-12-04,24.09000015258789,24.649999618530273,23.65999984741211,24.3700008392334,20.209882736206055,176900,GGAL
2015-12-07,24.420000076293945,24.649999618530273,23.200000762939453,24.049999237060547,19.94450569152832,358900,GGAL
2015-12-08,23.75,24.389999389648438,23.420000076293945,24.34000015258789,20.185001373291016,308600,GGAL
2015-12-09,24.31999969482422,25.399999618530273,24.200000762939453,24.600000381469727,20.400619506835938,497900,GGAL
2015-12-10,24.40999984741211,25.09000015258789,24.40999984741211,25.0,20.732332229614258,204600,GGAL
2015-12-11,25.020000457763672,25.020000457763672,24.540000915527344,24.809999465942383,20.574771881103516,405200,GGAL
2015-12-14,24.690000534057617,24.889999389648438,23.139999389648438,23.5,19.4883975982666,519200,GGAL
2015-12-15,23.760000228881836,25.030000686645508,23.59000015258789,24.829999923706055,20.591352462768555,628200,GGAL
2015-12-16,24.75,25.09000015258789,24.389999389648438,25.09000015258789,20.806968688964844,369700,GGAL
2015-12-17,25.34000015258789,26.93000030517578,25.290000915527344,26.020000457763672,21.578210830688477,850300,GGAL
2015-12-18,26.229999542236328,26.229999542236328,24.260000228881836,24.40999984741211,20.24304962158203,296200,GGAL
2015-12-21,24.440000534057617,25.079999923706055,23.899999618530273,25.079999923706055,20.798677444458008,355900,GGAL
2015-12-22,25.170000076293945,25.399999618530273,24.90999984741211,25.290000915527344,20.97283172607422,355900,GGAL
2015-12-23,25.280000686645508,26.0,25.18000030517578,25.93000030517578,21.503576278686523,345800,GGAL
2015-12-24,25.8799991607666,26.25,25.649999618530273,25.649999618530273,21.27137565612793,102800,GGAL
2015-12-28,25.860000610351562,26.299999237060547,24.81999969482422,26.1299991607666,21.669437408447266,718500,GGAL
2015-12-29,26.149999618530273,26.530000686645508,26.06999969482422,26.510000228881836,21.98456573486328,250000,GGAL
2015-12-30,26.56999969482422,27.0,26.25,26.889999389648438,22.299697875976562,303000,GGAL
2015-12-31,26.6200008392334,27.209999084472656,26.469999313354492,27.079999923706055,22.457263946533203,195800,GGAL
2016-01-04,26.600000381469727,26.920000076293945,26.1299991607666,26.190000534057617,21.719194412231445,190800,GGAL
2016-01-05,26.200000762939453,26.290000915527344,25.93000030517578,26.100000381469727,21.644559860229492,177900,GGAL
2016-01-06,25.520000457763672,26.110000610351562,25.1200008392334,25.579999923706055,21.21332359313965,173000,GGAL
2016-01-07,24.8799991607666,25.450000762939453,24.59000015258789,25.31999969482422,20.99770736694336,197000,GGAL
2016-01-08,25.510000228881836,25.520000457763672,24.549999237060547,24.729999542236328,20.5084228515625,184100,GGAL
2016-01-11,24.729999542236328,25.739999771118164,24.549999237060547,25.40999984741211,21.072341918945312,197900,GGAL
2016-01-12,25.84000015258789,26.399999618530273,25.809999465942383,26.229999542236328,21.75236701965332,349400,GGAL
2016-01-13,26.229999542236328,26.75,25.65999984741211,25.829999923706055,21.4206485748291,329000,GGAL
2016-01-14,25.809999465942383,25.81999969482422,24.899999618530273,25.719999313354492,21.329425811767578,186600,GGAL
2016-01-15,24.860000610351562,25.469999313354492,23.790000915527344,24.520000457763672,20.334274291992188,462600,GGAL
2016-01-19,24.600000381469727,25.059999465942383,24.34000015258789,24.59000015258789,20.39232063293457,425200,GGAL
2016-01-20,23.969999313354492,24.540000915527344,22.770000457763672,23.940000534057617,19.853282928466797,666400,GGAL
2016-01-21,23.559999465942383,25.0,23.559999465942383,24.729999542236328,20.5084228515625,212000,GGAL
2016-01-22,25.270000457763672,25.979999542236328,24.989999771118164,25.940000534057617,21.511869430541992,207600,GGAL
2016-01-25,25.959999084472656,25.959999084472656,25.299999237060547,25.5,21.146982192993164,262300,GGAL
2016-01-26,25.549999237060547,26.579999923706055,25.40999984741211,26.440000534057617,21.926517486572266,213000,GGAL
2016-01-27,26.43000030517578,27.190000534057617,26.260000228881836,26.610000610351562,22.067495346069336,327100,GGAL
2016-01-28,26.940000534057617,26.950000762939453,26.270000457763672,26.690000534057617,22.133834838867188,222400,GGAL
2016-01-29,27.0,27.399999618530273,26.520000457763672,27.290000915527344,22.63141632080078,383100,GGAL
2016-02-01,27.06999969482422,28.149999618530273,26.899999618530273,28.06999969482422,23.27826690673828,413300,GGAL
2016-02-02,27.6299991607666,28.149999618530273,27.399999618530273,27.700000762939453,22.9714298248291,460400,GGAL
2016-02-03,28.06999969482422,28.06999969482422,26.200000762939453,26.399999618530273,21.893346786499023,458700,GGAL
2016-02-04,26.530000686645508,27.90999984741211,26.229999542236328,27.899999618530273,23.137285232543945,367200,GGAL
2016-02-05,27.899999618530273,27.899999618530273,27.520000457763672,27.850000381469727,23.09581756591797,308400,GGAL
2016-02-08,27.5,28.100000381469727,27.489999771118164,27.860000610351562,23.10411262512207,193600,GGAL
2016-02-09,28.0,28.0,27.399999618530273,27.760000228881836,23.02118682861328,150400,GGAL
2016-02-10,28.1299991607666,28.520000457763672,27.229999542236328,27.899999618530273,23.137285232543945,219200,GGAL
2016-02-11,27.219999313354492,27.350000381469727,26.469999313354492,26.899999618530273,22.307992935180664,200400,GGAL
2016-02-12,27.31999969482422,27.690000534057617,26.270000457763672,27.190000534057617,22.548486709594727,296500,GGAL
2016-02-16,27.850000381469727,28.5,27.329999923706055,28.350000381469727,23.510465621948242,397700,GGAL
2016-02-17,28.739999771118164,28.90999984741211,28.059999465942383,28.6200008392334,23.734376907348633,609700,GGAL
2016-02-18,28.700000762939453,28.959999084472656,28.260000228881836,28.530000686645508,23.659740447998047,509900,GGAL
2016-02-19,28.34000015258789,28.389999389648438,27.75,28.219999313354492,23.402658462524414,248200,GGAL
2016-02-22,28.799999237060547,29.3799991607666,27.90999984741211,28.940000534057617,23.9997501373291,583700,GGAL
2016-02-23,28.709999084472656,28.90999984741211,28.15999984741211,28.860000610351562,23.93340492248535,350900,GGAL
2016-02-24,28.18000030517578,29.049999237060547,27.6299991607666,28.979999542236328,24.032920837402344,259200,GGAL
2016-02-25,29.149999618530273,30.059999465942383,29.100000381469727,29.719999313354492,24.6466007232666,418100,GGAL
2016-02-26,30.0,30.690000534057617,29.65999984741211,29.790000915527344,24.70465087890625,439700,GGAL
2016-02-29,30.280000686645508,30.920000076293945,29.15999984741211,29.280000686645508,24.281707763671875,777000,GGAL
2016-03-01,29.65999984741211,29.959999084472656,28.540000915527344,29.459999084472656,24.430980682373047,415500,GGAL
2016-03-02,29.290000915527344,30.3700008392334,29.200000762939453,30.010000228881836,24.887094497680664,609400,GGAL
2016-03-03,30.100000381469727,30.3799991607666,29.100000381469727,29.34000015258789,24.33146858215332,386800,GGAL
2016-03-04,29.34000015258789,29.559999465942383,28.5,28.790000915527344,23.875356674194336,353700,GGAL
2016-03-07,28.510000228881836,28.549999237060547,27.6299991607666,28.040000915527344,23.253389358520508,379300,GGAL
2016-03-08,27.760000228881836,28.420000076293945,27.649999618530273,28.260000228881836,23.43583106994629,220900,GGAL
2016-03-09,28.719999313354492,28.940000534057617,28.479999542236328,28.670000076293945,23.775840759277344,285300,GGAL
2016-03-10,29.170000076293945,29.170000076293945,28.200000762939453,28.3700008392334,23.527053833007812,591000,GGAL
2016-03-11,28.809999465942383,29.329999923706055,28.510000228881836,29.149999618530273,24.173900604248047,153200,GGAL
2016-03-14,29.100000381469727,29.100000381469727,28.530000686645508,28.90999984741211,23.974868774414062,108400,GGAL
2016-03-15,28.6200008392334,28.790000915527344,28.5,28.729999542236328,23.825597763061523,226300,GGAL
2016-03-16,28.489999771118164,29.280000686645508,28.420000076293945,29.139999389648438,24.165607452392578,293900,GGAL
2016-03-17,29.100000381469727,29.389999389648438,28.510000228881836,28.790000915527344,23.875356674194336,396200,GGAL
2016-03-18,28.860000610351562,29.65999984741211,28.860000610351562,29.469999313354492,24.43927764892578,319100,GGAL
2016-03-21,29.440000534057617,29.65999984741211,29.34000015258789,29.469999313354492,24.43927764892578,197000,GGAL
2016-03-22,29.399999618530273,30.0,29.100000381469727,29.360000610351562,24.34804916381836,96300,GGAL
2016-03-23,29.09000015258789,29.360000610351562,28.530000686645508,28.81999969482422,23.900236129760742,318900,GGAL
2016-03-24,28.610000610351562,29.549999237060547,28.549999237060547,28.799999237060547,23.88364601135254,92600,GGAL
2016-03-28,28.799999237060547,29.059999465942383,28.639999389648438,28.8700008392334,23.941701889038086,135800,GGAL
2016-03-29,28.559999465942383,28.780000686645508,28.030000686645508,28.229999542236328,23.410951614379883,219500,GGAL
2016-03-30,28.510000228881836,28.59000015258789,28.139999389648438,28.31999969482422,23.48558807373047,284300,GGAL
2016-03-31,28.309999465942383,28.979999542236328,28.0,28.299999237060547,23.469003677368164,262100,GGAL
2016-04-01,28.010000228881836,28.239999771118164,27.639999389648438,28.020000457763672,23.236797332763672,216300,GGAL
2016-04-04,27.790000915527344,27.850000381469727,27.510000228881836,27.799999237060547,23.054353713989258,308600,GGAL
2016-04-05,27.530000686645508,27.559999465942383,27.110000610351562,27.1299991607666,22.49872589111328,220400,GGAL
2016-04-06,27.0,27.110000610351562,26.040000915527344,26.559999465942383,22.026031494140625,399700,GGAL
2016-04-07,26.40999984741211,26.489999771118164,25.34000015258789,25.700000762939453,21.312843322753906,347400,GGAL
2016-04-08,25.700000762939453,26.649999618530273,25.520000457763672,26.600000381469727,22.059207916259766,279300,GGAL
2016-04-11,26.600000381469727,27.18000030517578,25.979999542236328,26.030000686645508,21.586509704589844,286300,GGAL
2016-04-12,25.950000762939453,27.25,25.93000030517578,27.170000076293945,22.53190040588379,319900,GGAL
2016-04-13,27.59000015258789,29.350000381469727,27.540000915527344,29.25,24.2568302154541,766000,GGAL
2016-04-14,29.399999618530273,29.549999237060547,28.889999389648438,29.31999969482422,24.314884185791016,481600,GGAL
2016-04-15,29.260000228881836,29.600000381469727,29.110000610351562,29.350000381469727,24.33976173400879,194300,GGAL
2016-04-18,29.0,29.649999618530273,28.75,29.530000686645508,24.48903465270996,507800,GGAL
2016-04-19,29.68000030517578,31.239999771118164,29.440000534057617,31.100000381469727,25.791027069091797,1284200,GGAL
2016-04-20,30.989999771118164,31.399999618530273,30.549999237060547,30.6200008392334,25.39296531677246,418100,GGAL
2016-04-21,30.299999237060547,31.049999237060547,29.84000015258789,30.8700008392334,25.60028648376465,260900,GGAL
2016-04-22,30.760000228881836,30.950000762939453,29.610000610351562,29.68000030517578,24.61342430114746,296300,GGAL
2016-04-25,29.690000534057617,30.200000762939453,28.709999084472656,28.829999923706055,23.908527374267578,423900,GGAL
2016-04-26,28.809999465942383,29.260000228881836,28.5,29.170000076293945,24.190486907958984,274300,GGAL
2016-04-27,29.280000686645508,29.329999923706055,28.540000915527344,29.010000228881836,24.05780029296875,372000,GGAL
2016-04-28,28.90999984741211,29.1200008392334,28.520000457763672,28.899999618530273,23.96657943725586,308100,GGAL
2016-04-29,28.889999389648438,29.309999465942383,28.469999313354492,28.469999313354492,23.609981536865234,465800,GGAL
2016-05-02,28.420000076293945,29.700000762939453,28.420000076293945,29.239999771118164,24.248537063598633,392600,GGAL
2016-05-03,28.969999313354492,28.969999313354492,28.040000915527344,28.139999389648438,23.33631134033203,406300,GGAL
2016-05-04,28.0,28.56999969482422,27.799999237060547,28.0,23.220211029052734,468400,GGAL
2016-05-05,27.979999542236328,28.469999313354492,27.770000457763672,28.309999465942383,23.477293014526367,277900,GGAL
2016-05-06,28.190000534057617,28.260000228881836,27.8799991607666,28.209999084472656,23.394363403320312,137000,GGAL
2016-05-09,28.1299991607666,29.100000381469727,27.920000076293945,28.93000030517578,23.9914608001709,275400,GGAL
2016-05-10,29.229999542236328,29.399999618530273,28.65999984741211,29.190000534057617,24.207075119018555,197700,GGAL
2016-05-11,28.969999313354492,29.190000534057617,28.56999969482422,29.040000915527344,24.08268165588379,180400,GGAL
2016-05-12,29.280000686645508,29.389999389648438,28.110000610351562,28.690000534057617,23.79242515563965,265900,GGAL
2016-05-13,28.530000686645508,28.860000610351562,27.93000030517578,28.030000686645508,23.245092391967773,215900,GGAL
2016-05-16,28.1299991607666,28.479999542236328,27.280000686645508,27.860000610351562,23.10411262512207,343800,GGAL
2016-05-17,27.93000030517578,28.100000381469727,27.010000228881836,27.139999389648438,22.50701904296875,342100,GGAL
2016-05-18,27.040000915527344,27.329999923706055,26.65999984741211,26.969999313354492,22.366039276123047,277400,GGAL
2016-05-19,26.81999969482422,26.81999969482422,25.760000228881836,26.200000762939453,21.79374885559082,421500,GGAL
2016-05-20,26.239999771118164,27.399999618530273,26.239999771118164,27.100000381469727,22.542388916015625,248900,GGAL
2016-05-23,27.010000228881836,27.579999923706055,26.90999984741211,26.979999542236328,22.442567825317383,195500,GGAL
2016-05-24,27.219999313354492,27.5,26.68000030517578,26.860000610351562,22.342754364013672,108200,GGAL
2016-05-25,27.239999771118164,27.239999771118164,26.700000762939453,26.84000015258789,22.32611656188965,122700,GGAL
2016-05-26,26.68000030517578,27.799999237060547,26.68000030517578,27.309999465942383,22.717073440551758,169800,GGAL
2016-05-27,27.31999969482422,28.030000686645508,27.31999969482422,28.030000686645508,23.31598472595215,192900,GGAL
2016-05-31,28.229999542236328,28.59000015258789,27.68000030517578,28.40999984741211,23.632078170776367,262800,GGAL
2016-06-01,28.350000381469727,28.360000610351562,27.75,28.139999389648438,23.40748405456543,213300,GGAL
2016-06-02,27.989999771118164,28.93000030517578,27.75,28.780000686645508,23.939851760864258,288900,GGAL
2016-06-03,28.6200008392334,28.989999771118164,28.489999771118164,28.75,23.914899826049805,212800,GGAL
2016-06-06,28.690000534057617,29.389999389648438,28.65999984741211,29.239999771118164,24.32248878479004,194200,GGAL
2016-06-07,29.15999984741211,30.059999465942383,29.15999984741211,29.59000015258789,24.61362648010254,369200,GGAL
2016-06-08,29.68000030517578,30.0,29.489999771118164,29.81999969482422,24.804943084716797,309700,GGAL
2016-06-09,29.530000686645508,29.75,29.020000457763672,29.649999618530273,24.66353416442871,388200,GGAL
2016-06-10,29.18000030517578,29.969999313354492,28.90999984741211,29.760000228881836,24.755033493041992,322100,GGAL
2016-06-13,29.610000610351562,30.020000457763672,29.610000610351562,29.93000030517578,24.89644432067871,204000,GGAL
2016-06-14,29.989999771118164,30.5,29.799999237060547,30.299999237060547,25.20421600341797,684400,GGAL
2016-06-15,30.31999969482422,30.899999618530273,30.200000762939453,30.40999984741211,25.29572296142578,477100,GGAL
2016-06-16,30.149999618530273,30.579999923706055,29.799999237060547,30.15999984741211,25.087764739990234,294600,GGAL
2016-06-17,30.25,31.610000610351562,30.139999389648438,31.190000534057617,25.944543838500977,853800,GGAL
2016-06-20,31.5,32.0,31.399999618530273,31.850000381469727,26.493547439575195,521300,GGAL
2016-06-21,32.0,32.04999923706055,31.020000457763672,31.260000228881836,26.002771377563477,596400,GGAL
2016-06-22,31.34000015258789,31.549999237060547,31.020000457763672,31.1299991607666,25.89463233947754,448500,GGAL
2016-06-23,31.610000610351562,31.68000030517578,30.75,31.09000015258789,25.861358642578125,212300,GGAL
2016-06-24,29.760000228881836,30.770000457763672,29.149999618530273,29.709999084472656,24.71344757080078,682400,GGAL
2016-06-27,29.209999084472656,29.770000457763672,28.15999984741211,28.729999542236328,23.89826202392578,890700,GGAL
2016-06-28,29.209999084472656,30.530000686645508,29.020000457763672,29.8799991607666,24.8548526763916,689300,GGAL
2016-06-29,30.450000762939453,31.06999969482422,30.18000030517578,31.0,25.786497116088867,404200,GGAL
2016-06-30,31.190000534057617,31.200000762939453,30.489999771118164,30.540000915527344,25.40386199951172,327000,GGAL
2016-07-01,30.65999984741211,31.1200008392334,30.639999389648438,30.93000030517578,25.728269577026367,204900,GGAL
2016-07-05,31.0,31.15999984741211,30.3799991607666,30.670000076293945,25.51199722290039,402400,GGAL
2016-07-06,30.479999542236328,30.799999237060547,30.190000534057617,30.600000381469727,25.453767776489258,280700,GGAL
2016-07-07,30.829999923706055,30.889999389648438,30.540000915527344,30.760000228881836,25.58686065673828,208900,GGAL
2016-07-08,31.010000228881836,31.299999237060547,30.649999618530273,30.8799991607666,25.686674118041992,190300,GGAL
2016-07-11,31.079999923706055,31.200000762939453,30.8799991607666,31.170000076293945,25.927906036376953,168700,GGAL
2016-07-12,31.059999465942383,31.309999465942383,30.790000915527344,31.1200008392334,25.886314392089844,232600,GGAL
2016-07-13,31.309999465942383,31.8700008392334,31.15999984741211,31.700000762939453,26.368772506713867,315600,GGAL
2016-07-14,32.04999923706055,32.27000045776367,31.829999923706055,32.15999984741211,26.751407623291016,318400,GGAL
2016-07-15,32.5,33.08000183105469,31.610000610351562,31.670000076293945,26.34381675720215,350700,GGAL
2016-07-18,31.670000076293945,32.099998474121094,31.540000915527344,31.8799991607666,26.51849937438965,243300,GGAL
2016-07-19,31.8799991607666,32.630001068115234,31.610000610351562,31.899999618530273,26.535137176513672,182000,GGAL
2016-07-20,31.979999542236328,32.369998931884766,31.209999084472656,31.209999084472656,25.961177825927734,124200,GGAL
2016-07-21,31.139999389648438,31.56999969482422,30.40999984741211,30.510000228881836,25.37890625,223900,GGAL
2016-07-22,30.549999237060547,30.700000762939453,30.299999237060547,30.510000228881836,25.37890625,229700,GGAL
2016-07-25,30.549999237060547,30.739999771118164,30.219999313354492,30.579999923706055,25.4371337890625,142100,GGAL
2016-07-26,30.649999618530273,31.0,30.18000030517578,30.219999313354492,25.137670516967773,137200,GGAL
2016-07-27,30.260000228881836,30.43000030517578,29.75,29.760000228881836,24.755033493041992,204200,GGAL
2016-07-28,29.6299991607666,29.8700008392334,29.479999542236328,29.559999465942383,24.588674545288086,178300,GGAL
2016-07-29,29.649999618530273,30.030000686645508,29.530000686645508,29.68000030517578,24.688493728637695,209500,GGAL
2016-08-01,29.6200008392334,29.6200008392334,29.09000015258789,29.139999389648438,24.239301681518555,213900,GGAL
2016-08-02,29.139999389648438,29.360000610351562,28.5,28.739999771118164,23.90657615661621,235700,GGAL
2016-08-03,28.65999984741211,29.489999771118164,28.65999984741211,29.479999542236328,24.52212905883789,495200,GGAL
2016-08-04,29.360000610351562,29.700000762939453,29.049999237060547,29.5,24.53876495361328,313600,GGAL
2016-08-05,29.889999389648438,29.899999618530273,29.290000915527344,29.3700008392334,24.430622100830078,97500,GGAL
2016-08-08,29.5,29.68000030517578,29.1200008392334,29.670000076293945,24.680171966552734,122600,GGAL
2016-08-09,29.829999923706055,30.040000915527344,29.389999389648438,29.860000610351562,24.838220596313477,289000,GGAL
2016-08-10,29.81999969482422,29.950000762939453,29.059999465942383,29.639999389648438,24.65521812438965,342400,GGAL
2016-08-11,29.649999618530273,29.8799991607666,29.260000228881836,29.5,24.53876495361328,149300,GGAL
2016-08-12,29.579999923706055,29.950000762939453,28.760000228881836,28.81999969482422,23.97312355041504,192800,GGAL
2016-08-15,28.059999465942383,29.350000381469727,28.040000915527344,29.200000762939453,24.289215087890625,218000,GGAL
2016-08-16,28.959999084472656,29.209999084472656,28.709999084472656,28.770000457763672,23.93153190612793,188900,GGAL
2016-08-17,28.709999084472656,28.780000686645508,28.34000015258789,28.530000686645508,23.73189353942871,91200,GGAL
2016-08-18,28.610000610351562,29.270000457763672,28.469999313354492,29.260000228881836,24.339126586914062,173400,GGAL
2016-08-19,29.010000228881836,29.3799991607666,29.0,29.139999389648438,24.239301681518555,172100,GGAL
2016-08-22,29.309999465942383,30.0,28.860000610351562,29.59000015258789,24.61362648010254,202300,GGAL
2016-08-23,29.739999771118164,30.5,29.649999618530273,30.1200008392334,25.05449104309082,184300,GGAL
2016-08-24,30.149999618530273,31.100000381469727,29.799999237060547,30.940000534057617,25.736587524414062,225800,GGAL
2016-08-25,31.020000457763672,31.15999984741211,30.600000381469727,30.790000915527344,25.61181640625,187400,GGAL
2016-08-26,30.760000228881836,31.139999389648438,30.15999984741211,30.200000762939453,25.12104034423828,170700,GGAL
2016-08-29,30.739999771118164,30.889999389648438,30.239999771118164,30.81999969482422,25.63676643371582,181600,GGAL
2016-08-30,31.75,31.75,29.90999984741211,30.459999084472656,25.337316513061523,301500,GGAL
2016-08-31,30.18000030517578,30.75,29.610000610351562,29.760000228881836,24.755033493041992,329000,GGAL
2016-09-01,29.899999618530273,30.489999771118164,29.40999984741211,30.3799991607666,25.270767211914062,124600,GGAL
2016-09-02,30.549999237060547,30.719999313354492,30.1299991607666,30.549999237060547,25.41217613220215,87100,GGAL
2016-09-06,30.760000228881836,31.299999237060547,30.719999313354492,31.209999084472656,25.961177825927734,241200,GGAL
2016-09-07,30.93000030517578,31.299999237060547,30.8799991607666,31.299999237060547,26.036041259765625,122800,GGAL
2016-09-08,31.15999984741211,31.25,30.100000381469727,30.200000762939453,25.12104034423828,200400,GGAL
2016-09-09,30.110000610351562,30.25,29.020000457763672,29.040000915527344,24.156124114990234,192300,GGAL
2016-09-12,28.700000762939453,29.850000381469727,28.5,29.639999389648438,24.65521812438965,259000,GGAL
2016-09-13,29.329999923706055,29.65999984741211,28.690000534057617,29.15999984741211,24.255945205688477,191700,GGAL
2016-09-14,29.260000228881836,29.559999465942383,28.600000381469727,28.6200008392334,23.806758880615234,129100,GGAL
2016-09-15,28.06999969482422,29.100000381469727,28.06999969482422,28.93000030517578,24.064624786376953,253600,GGAL
2016-09-16,28.770000457763672,28.950000762939453,28.350000381469727,28.459999084472656,23.67366600036621,141300,GGAL
2016-09-19,28.639999389648438,29.350000381469727,28.6299991607666,28.729999542236328,23.89826202392578,178000,GGAL
2016-09-20,28.770000457763672,29.700000762939453,28.450000762939453,28.559999465942383,23.75684928894043,331800,GGAL
2016-09-21,28.770000457763672,29.459999084472656,28.559999465942383,29.3799991607666,24.43894386291504,326700,GGAL
2016-09-22,29.68000030517578,30.549999237060547,29.520000457763672,30.360000610351562,25.25412940979004,384700,GGAL
2016-09-23,30.329999923706055,30.579999923706055,30.0,30.309999465942383,25.212539672851562,209300,GGAL
2016-09-26,30.09000015258789,30.25,29.65999984741211,29.799999237060547,24.788311004638672,168400,GGAL
2016-09-27,29.790000915527344,30.209999084472656,29.5,30.06999969482422,25.012901306152344,159900,GGAL
2016-09-28,30.200000762939453,30.34000015258789,30.100000381469727,30.299999237060547,25.20421600341797,110600,GGAL
2016-09-29,30.110000610351562,30.899999618530273,30.110000610351562,30.68000030517578,25.520313262939453,257800,GGAL
2016-09-30,30.540000915527344,31.239999771118164,30.540000915527344,31.110000610351562,25.87799644470215,414900,GGAL
2016-10-03,31.139999389648438,31.270000457763672,30.649999618530273,30.969999313354492,25.76154136657715,174500,GGAL
2016-10-04,30.829999923706055,31.920000076293945,30.829999923706055,31.84000015258789,26.485227584838867,312400,GGAL
2016-10-05,32.0,32.7400016784668,31.8799991607666,32.5,27.034231185913086,611200,GGAL
2016-10-06,32.5,32.5,31.549999237060547,31.780000686645508,26.435319900512695,122100,GGAL
2016-10-07,31.790000915527344,31.899999618530273,31.420000076293945,31.520000457763672,26.219045639038086,114000,GGAL
2016-10-10,31.690000534057617,32.119998931884766,31.690000534057617,32.08000183105469,26.684865951538086,121200,GGAL
2016-10-11,31.899999618530273,32.20000076293945,31.31999969482422,31.600000381469727,26.28559112548828,154100,GGAL
2016-10-12,31.530000686645508,31.829999923706055,31.530000686645508,31.690000534057617,26.360456466674805,158900,GGAL
2016-10-13,31.690000534057617,31.81999969482422,31.200000762939453,31.389999389648438,26.11090660095215,169800,GGAL
2016-10-14,31.809999465942383,32.04999923706055,31.290000915527344,31.6200008392334,26.302227020263672,189300,GGAL
2016-10-17,31.549999237060547,31.81999969482422,31.280000686645508,31.790000915527344,26.44363784790039,148300,GGAL
2016-10-18,32.0099983215332,32.02000045776367,31.280000686645508,31.510000228881836,26.210729598999023,578100,GGAL
2016-10-19,31.700000762939453,32.15999984741211,31.479999542236328,32.06999969482422,26.67654800415039,419800,GGAL
2016-10-20,32.0099983215332,32.29999923706055,31.75,31.940000534057617,26.56841278076172,128800,GGAL
2016-10-21,31.649999618530273,31.90999984741211,31.3700008392334,31.6200008392334,26.302227020263672,99400,GGAL
2016-10-24,31.8799991607666,32.02000045776367,31.479999542236328,31.6200008392334,26.302227020263672,84500,GGAL
2016-10-25,31.690000534057617,31.690000534057617,31.190000534057617,31.239999771118164,25.98613166809082,119100,GGAL
2016-10-26,31.110000610351562,31.219999313354492,30.940000534057617,31.030000686645508,25.81145477294922,149100,GGAL
2016-10-27,31.139999389648438,31.559999465942383,30.90999984741211,31.200000762939453,25.952861785888672,125500,GGAL
2016-10-28,31.940000534057617,31.940000534057617,31.200000762939453,31.290000915527344,26.027725219726562,172200,GGAL
2016-10-31,31.459999084472656,31.459999084472656,31.0,31.139999389648438,25.90294647216797,151100,GGAL
2016-11-01,31.170000076293945,31.530000686645508,30.440000534057617,30.68000030517578,25.520313262939453,274900,GGAL
2016-11-02,30.43000030517578,30.43000030517578,29.59000015258789,29.729999542236328,24.73008155822754,217300,GGAL
2016-11-03,29.610000610351562,30.079999923706055,29.239999771118164,29.290000915527344,24.36408042907715,185700,GGAL
2016-11-04,29.399999618530273,30.290000915527344,28.65999984741211,29.520000457763672,24.55539894104004,309800,GGAL
2016-11-07,30.100000381469727,30.790000915527344,29.950000762939453,30.709999084472656,25.545265197753906,247300,GGAL
2016-11-08,30.479999542236328,30.989999771118164,29.219999313354492,30.93000030517578,25.728269577026367,190600,GGAL
2016-11-09,28.010000228881836,30.780000686645508,28.010000228881836,29.90999984741211,24.879810333251953,233400,GGAL
2016-11-10,30.0,31.020000457763672,28.1200008392334,28.209999084472656,23.46571159362793,569900,GGAL
2016-11-11,27.420000076293945,28.209999084472656,27.010000228881836,28.1200008392334,23.390850067138672,596400,GGAL
2016-11-14,27.860000610351562,27.860000610351562,26.809999465942383,27.399999618530273,22.79193687438965,729200,GGAL
2016-11-15,28.0,28.690000534057617,27.059999465942383,28.59000015258789,23.78180694580078,222800,GGAL
2016-11-16,28.43000030517578,28.8700008392334,27.8799991607666,28.3700008392334,23.59880256652832,180300,GGAL
2016-11-17,28.459999084472656,29.0,28.18000030517578,28.600000381469727,23.790122985839844,195400,GGAL
2016-11-18,28.420000076293945,28.709999084472656,27.989999771118164,28.34000015258789,23.5738525390625,157500,GGAL
2016-11-21,28.559999465942383,29.280000686645508,28.450000762939453,29.149999618530273,24.247623443603516,219500,GGAL
2016-11-22,29.40999984741211,29.579999923706055,29.079999923706055,29.110000610351562,24.21435546875,167100,GGAL
2016-11-23,28.90999984741211,29.200000762939453,28.3700008392334,29.020000457763672,24.13949203491211,302400,GGAL
2016-11-25,28.81999969482422,29.0,28.530000686645508,28.690000534057617,23.864990234375,69500,GGAL
2016-11-28,28.5,29.0,28.5,28.790000915527344,23.948169708251953,145700,GGAL
2016-11-29,28.639999389648438,29.0,28.1200008392334,28.229999542236328,23.482345581054688,275100,GGAL
2016-11-30,28.610000610351562,28.610000610351562,27.149999618530273,27.190000534057617,22.61725425720215,377300,GGAL
2016-12-01,27.5,27.950000762939453,27.309999465942383,27.540000915527344,22.908390045166016,238500,GGAL
2016-12-02,27.3700008392334,27.469999313354492,25.90999984741211,26.440000534057617,21.993385314941406,497800,GGAL
2016-12-05,26.31999969482422,27.270000457763672,26.170000076293945,26.31999969482422,21.89356803894043,227500,GGAL
2016-12-06,26.43000030517578,26.56999969482422,26.049999237060547,26.149999618530273,21.75215721130371,274800,GGAL
2016-12-07,26.100000381469727,26.860000610351562,25.5,25.65999984741211,21.344562530517578,398400,GGAL
2016-12-08,25.719999313354492,26.139999389648438,25.6200008392334,25.75,21.419431686401367,359000,GGAL
2016-12-09,25.850000381469727,25.989999771118164,24.969999313354492,25.360000610351562,21.095020294189453,408000,GGAL
2016-12-12,25.3700008392334,25.3700008392334,24.889999389648438,25.030000686645508,20.82051658630371,278700,GGAL
2016-12-13,25.31999969482422,25.969999313354492,25.0,25.899999618530273,21.544204711914062,732300,GGAL
2016-12-14,25.90999984741211,26.649999618530273,25.43000030517578,25.540000915527344,21.2447452545166,374900,GGAL
2016-12-15,25.68000030517578,25.700000762939453,24.770000457763672,25.170000076293945,20.936969757080078,481500,GGAL
2016-12-16,25.040000915527344,25.059999465942383,24.399999618530273,24.56999969482422,20.437875747680664,667800,GGAL
2016-12-19,24.649999618530273,24.649999618530273,23.520000457763672,23.610000610351562,19.639328002929688,947100,GGAL
2016-12-20,23.719999313354492,24.059999465942383,23.229999542236328,23.719999313354492,19.73082733154297,616600,GGAL
2016-12-21,23.68000030517578,25.139999389648438,23.5,24.799999237060547,20.629196166992188,429000,GGAL
2016-12-22,24.829999923706055,25.1299991607666,24.540000915527344,24.6200008392334,20.479467391967773,327700,GGAL
2016-12-23,24.84000015258789,26.020000457763672,24.600000381469727,25.31999969482422,21.061742782592773,355500,GGAL
2016-12-27,25.049999237060547,25.649999618530273,24.899999618530273,25.5,21.211475372314453,378700,GGAL
2016-12-28,25.559999465942383,26.5,25.530000686645508,26.40999984741211,21.968433380126953,414900,GGAL
2016-12-29,26.6299991607666,27.350000381469727,25.899999618530273,26.84000015258789,22.32611656188965,518700,GGAL
2016-12-30,26.649999618530273,27.149999618530273,26.3799991607666,26.920000076293945,22.392662048339844,175800,GGAL
2017-01-03,27.5,28.290000915527344,27.5,28.25,23.49898338317871,586900,GGAL
2017-01-04,28.5,28.65999984741211,27.90999984741211,27.959999084472656,23.25775718688965,409700,GGAL
2017-01-05,28.079999923706055,28.649999618530273,27.84000015258789,28.559999465942383,23.75684928894043,376700,GGAL
2017-01-06,28.700000762939453,29.81999969482422,28.350000381469727,29.610000610351562,24.630266189575195,901500,GGAL
2017-01-09,29.540000915527344,30.0,29.219999313354492,29.84000015258789,24.821582794189453,957400,GGAL
2017-01-10,29.920000076293945,31.270000457763672,29.34000015258789,31.059999465942383,25.836408615112305,981900,GGAL
2017-01-11,30.959999084472656,31.100000381469727,29.93000030517578,30.920000076293945,25.719951629638672,1065600,GGAL
2017-01-12,31.020000457763672,31.280000686645508,30.459999084472656,31.1200008392334,25.886314392089844,403100,GGAL
2017-01-13,31.010000228881836,31.700000762939453,30.510000228881836,31.549999237060547,26.243999481201172,475200,GGAL
2017-01-17,31.200000762939453,31.860000610351562,31.030000686645508,31.780000686645508,26.435319900512695,572700,GGAL
2017-01-18,31.700000762939453,31.940000534057617,31.5,31.90999984741211,26.543453216552734,750000,GGAL
2017-01-19,31.829999923706055,32.0099983215332,31.15999984741211,31.90999984741211,26.543453216552734,701500,GGAL
2017-01-20,32.150001525878906,32.650001525878906,31.540000915527344,32.63999938964844,27.150684356689453,545900,GGAL
2017-01-23,32.650001525878906,33.9900016784668,32.5,33.93000030517578,28.223737716674805,703000,GGAL
2017-01-24,33.7400016784668,34.119998931884766,33.02000045776367,33.20000076293945,27.616506576538086,608100,GGAL
2017-01-25,33.060001373291016,33.2599983215332,31.760000228881836,32.75,27.242189407348633,640300,GGAL
2017-01-26,32.5099983215332,32.959999084472656,31.780000686645508,31.899999618530273,26.535137176513672,197900,GGAL
2017-01-27,31.639999389648438,31.889999389648438,31.059999465942383,31.34000015258789,26.06931495666504,299400,GGAL
2017-01-30,30.920000076293945,31.149999618530273,30.65999984741211,30.84000015258789,25.653406143188477,284800,GGAL
2017-01-31,30.610000610351562,31.239999771118164,30.610000610351562,31.06999969482422,25.84471893310547,446800,GGAL
2017-02-01,31.06999969482422,31.739999771118164,30.829999923706055,31.350000381469727,26.07763671875,317000,GGAL
2017-02-02,31.469999313354492,32.040000915527344,31.329999923706055,32.02000045776367,26.63495635986328,291000,GGAL
2017-02-03,32.18000030517578,32.619998931884766,32.130001068115234,32.36000061035156,26.917774200439453,299300,GGAL
2017-02-06,32.220001220703125,32.650001525878906,32.189998626708984,32.52000045776367,27.05086898803711,315300,GGAL
2017-02-07,32.65999984741211,33.7400016784668,32.29999923706055,33.220001220703125,27.633140563964844,279200,GGAL
2017-02-08,33.20000076293945,34.650001525878906,32.849998474121094,34.41999816894531,28.631328582763672,476300,GGAL
2017-02-09,34.29999923706055,35.36000061035156,32.7599983215332,35.29999923706055,29.363340377807617,568900,GGAL
2017-02-10,35.380001068115234,35.77000045776367,35.08000183105469,35.66999816894531,29.67110824584961,546500,GGAL
2017-02-13,35.790000915527344,35.79999923706055,34.45000076293945,34.4900016784668,28.689556121826172,634500,GGAL
2017-02-14,34.4900016784668,35.13999938964844,34.43000030517578,34.70000076293945,28.864238739013672,211800,GGAL
2017-02-15,34.61000061035156,35.349998474121094,34.349998474121094,35.130001068115234,29.221923828125,397900,GGAL
2017-02-16,35.11000061035156,35.189998626708984,34.13999938964844,34.25,28.489917755126953,197800,GGAL
2017-02-17,34.25,35.029998779296875,33.83000183105469,34.619998931884766,28.797697067260742,319500,GGAL
2017-02-21,34.709999084472656,35.099998474121094,34.119998931884766,34.68000030517578,28.84760284423828,161200,GGAL
2017-02-22,34.70000076293945,34.86000061035156,34.22999954223633,34.81999969482422,28.96405792236328,180900,GGAL
2017-02-23,35.0,35.0,33.400001525878906,33.599998474121094,27.949235916137695,331400,GGAL
2017-02-24,33.29999923706055,33.29999923706055,32.31999969482422,32.56999969482422,27.092456817626953,421900,GGAL
2017-02-27,32.400001525878906,32.619998931884766,31.1299991607666,32.29999923706055,26.867868423461914,345400,GGAL
2017-02-28,32.11000061035156,32.25,31.440000534057617,31.799999237060547,26.451953887939453,371900,GGAL
2017-03-01,31.989999771118164,33.2599983215332,31.989999771118164,32.90999984741211,27.375276565551758,336100,GGAL
2017-03-02,32.77000045776367,33.2599983215332,32.5099983215332,32.56999969482422,27.092456817626953,265300,GGAL
2017-03-03,32.31999969482422,33.709999084472656,32.31999969482422,33.619998931884766,27.965871810913086,328400,GGAL
2017-03-06,33.47999954223633,33.5,32.79999923706055,33.20000076293945,27.616506576538086,389600,GGAL
2017-03-07,33.099998474121094,33.16999816894531,32.83000183105469,33.0,27.45013999938965,411400,GGAL
2017-03-08,33.0,33.20000076293945,32.06999969482422,33.02000045776367,27.46677589416504,121600,GGAL
2017-03-09,33.0,33.470001220703125,32.900001525878906,33.15999984741211,27.583232879638672,361500,GGAL
2017-03-10,33.439998626708984,33.939998626708984,33.08000183105469,33.849998474121094,28.157188415527344,306300,GGAL
2017-03-13,33.88999938964844,34.849998474121094,33.790000915527344,34.79999923706055,28.947425842285156,313300,GGAL
2017-03-14,34.59000015258789,35.13999938964844,34.529998779296875,34.79999923706055,28.947425842285156,601000,GGAL
2017-03-15,34.810001373291016,35.290000915527344,33.66999816894531,35.130001068115234,29.221923828125,413200,GGAL
2017-03-16,34.97999954223633,35.689998626708984,34.90999984741211,35.58000183105469,29.596242904663086,301000,GGAL
2017-03-17,35.66999816894531,35.88999938964844,35.060001373291016,35.20000076293945,29.280153274536133,382900,GGAL
2017-03-20,35.400001525878906,36.150001525878906,35.400001525878906,36.0099983215332,29.953922271728516,392800,GGAL
2017-03-21,36.119998931884766,36.209999084472656,35.84000015258789,36.099998474121094,30.028789520263672,556100,GGAL
2017-03-22,35.779998779296875,36.83000183105469,35.779998779296875,36.72999954223633,30.552839279174805,522600,GGAL
2017-03-23,36.790000915527344,37.81999969482422,36.47999954223633,37.75,31.401290893554688,711400,GGAL
2017-03-24,38.0,39.09000015258789,37.75,39.0099983215332,32.44939041137695,732200,GGAL
2017-03-27,38.849998474121094,39.20000076293945,37.66999816894531,38.619998931884766,32.12498474121094,1338200,GGAL
2017-03-28,38.779998779296875,38.95000076293945,37.63999938964844,38.369998931884766,31.91702651977539,232300,GGAL
2017-03-29,38.369998931884766,38.560001373291016,37.45000076293945,38.439998626708984,31.97525978088379,440800,GGAL
2017-03-30,38.599998474121094,38.72999954223633,38.09000015258789,38.470001220703125,32.00021743774414,177600,GGAL
2017-03-31,38.439998626708984,38.720001220703125,37.779998779296875,37.86000061035156,31.4927921295166,434400,GGAL
2017-04-03,38.09000015258789,39.70000076293945,38.09000015258789,39.29999923706055,32.69062042236328,556900,GGAL
2017-04-04,39.0,40.11000061035156,39.0,39.79999923706055,33.10653305053711,478200,GGAL
2017-04-05,39.86000061035156,40.40999984741211,39.61000061035156,39.810001373291016,33.1148567199707,462800,GGAL
2017-04-06,39.86000061035156,40.25,39.43000030517578,39.810001373291016,33.1148567199707,445200,GGAL
2017-04-07,39.83000183105469,40.189998626708984,39.099998474121094,39.529998779296875,32.881935119628906,262400,GGAL
2017-04-10,39.310001373291016,39.689998626708984,39.08000183105469,39.150001525878906,32.56584930419922,212800,GGAL
2017-04-11,39.2400016784668,39.5,39.04999923706055,39.150001525878906,32.56584930419922,162800,GGAL
2017-04-12,38.9900016784668,39.4900016784668,38.54999923706055,38.970001220703125,32.41612243652344,359200,GGAL
2017-04-13,38.939998626708984,39.2599983215332,38.560001373291016,38.779998779296875,32.25807571411133,140500,GGAL
2017-04-17,39.13999938964844,39.540000915527344,38.959999084472656,39.349998474121094,32.73221969604492,285300,GGAL
2017-04-18,39.20000076293945,39.88999938964844,38.900001525878906,39.220001220703125,32.62407302856445,402200,GGAL
2017-04-19,39.439998626708984,39.529998779296875,38.939998626708984,39.060001373291016,32.490989685058594,346100,GGAL
2017-04-20,39.220001220703125,39.40999984741211,38.810001373291016,39.02000045776367,32.45771789550781,249700,GGAL
2017-04-21,38.900001525878906,39.66999816894531,38.689998626708984,39.130001068115234,32.54921340942383,133500,GGAL
2017-04-24,39.4900016784668,40.20000076293945,39.33000183105469,39.779998779296875,33.089900970458984,651700,GGAL
2017-04-25,40.0,40.22999954223633,39.09000015258789,39.459999084472656,32.823707580566406,242500,GGAL
2017-04-26,39.33000183105469,39.52000045776367,38.970001220703125,39.08000183105469,32.507625579833984,292800,GGAL
2017-04-27,39.29999923706055,39.79999923706055,39.0099983215332,39.65999984741211,32.990081787109375,197200,GGAL
2017-04-28,39.66999816894531,39.66999816894531,39.0,39.06999969482422,32.49930191040039,172100,GGAL
2017-05-01,39.060001373291016,40.68000030517578,39.060001373291016,39.900001525878906,33.18971252441406,227700,GGAL
2017-05-02,39.83000183105469,40.34000015258789,39.560001373291016,40.290000915527344,33.51412582397461,367500,GGAL
2017-05-03,40.130001068115234,41.599998474121094,40.02000045776367,41.439998626708984,34.47072219848633,269400,GGAL
2017-05-04,41.29999923706055,41.619998931884766,40.880001068115234,41.439998626708984,34.47072219848633,189800,GGAL
2017-05-05,41.59000015258789,42.029998779296875,41.099998474121094,41.630001068115234,34.6287727355957,192100,GGAL
2017-05-08,41.5,41.9900016784668,41.18000030517578,41.869998931884766,34.82840347290039,286700,GGAL
2017-05-09,41.869998931884766,42.0099983215332,41.70000076293945,41.83000183105469,34.79513168334961,235000,GGAL
2017-05-10,41.9900016784668,42.310001373291016,41.7400016784668,42.04999923706055,35.07793045043945,313600,GGAL
2017-05-11,42.0,43.869998931884766,41.560001373291016,42.59000015258789,35.52839279174805,408000,GGAL
2017-05-12,42.66999816894531,42.709999084472656,41.61000061035156,42.040000915527344,35.0695915222168,274900,GGAL
2017-05-15,42.18000030517578,43.209999084472656,41.849998474121094,43.060001373291016,35.92046356201172,352600,GGAL
2017-05-16,43.25,43.90999984741211,43.06999969482422,43.65999984741211,36.420982360839844,335200,GGAL
2017-05-17,43.56999969482422,43.93000030517578,43.22999954223633,43.369998931884766,36.17906188964844,685900,GGAL
2017-05-18,42.689998626708984,42.77000045776367,40.88999938964844,41.689998626708984,34.777610778808594,796900,GGAL
2017-05-19,41.689998626708984,43.349998474121094,41.689998626708984,42.81999969482422,35.72025680541992,238300,GGAL
2017-05-22,42.79999923706055,43.25,42.029998779296875,42.22999954223633,35.22808074951172,307200,GGAL
2017-05-23,42.29999923706055,42.439998626708984,41.959999084472656,42.20000076293945,35.20305633544922,176800,GGAL
2017-05-24,42.209999084472656,42.7599983215332,42.099998474121094,42.599998474121094,35.53672790527344,259500,GGAL
2017-05-25,42.65999984741211,44.22999954223633,42.5,44.150001525878906,36.829734802246094,177900,GGAL
2017-05-26,43.970001220703125,44.83000183105469,43.08000183105469,44.5,37.121707916259766,335100,GGAL
2017-05-30,44.79999923706055,44.810001373291016,43.7599983215332,44.31999969482422,36.97154998779297,292800,GGAL
2017-05-31,44.459999084472656,44.95000076293945,44.029998779296875,44.560001373291016,37.171756744384766,277000,GGAL
2017-06-01,44.84000015258789,45.810001373291016,44.77000045776367,45.56999969482422,38.01428985595703,279500,GGAL
2017-06-02,45.63999938964844,46.40999984741211,45.40999984741211,46.20000076293945,38.53983688354492,307600,GGAL
2017-06-05,46.25,47.13999938964844,46.189998626708984,46.66999816894531,38.93191146850586,234600,GGAL
2017-06-06,46.75,47.34000015258789,45.720001220703125,45.91999816894531,38.3062629699707,259700,GGAL
2017-06-07,45.7400016784668,45.900001525878906,45.15999984741211,45.70000076293945,38.12274169921875,425700,GGAL
2017-06-08,45.68000030517578,45.72999954223633,43.119998931884766,44.029998779296875,36.72963333129883,552200,GGAL
2017-06-09,43.900001525878906,44.459999084472656,42.65999984741211,43.16999816894531,36.01222229003906,234300,GGAL
2017-06-12,43.040000915527344,43.060001373291016,41.61000061035156,42.369998931884766,35.344871520996094,438000,GGAL
2017-06-13,42.400001525878906,42.58000183105469,41.810001373291016,42.18000030517578,35.18636703491211,760100,GGAL
2017-06-14,42.29999923706055,42.40999984741211,41.75,41.79999923706055,34.8693733215332,813200,GGAL
2017-06-15,41.900001525878906,42.43000030517578,41.2599983215332,41.7599983215332,34.83601379394531,584400,GGAL
2017-06-16,41.66999816894531,42.470001220703125,41.66999816894531,42.099998474121094,35.119632720947266,326400,GGAL
2017-06-19,41.97999954223633,43.720001220703125,41.93000030517578,43.29999923706055,36.12068176269531,552500,GGAL
2017-06-20,43.52000045776367,43.75,42.02000045776367,42.599998474121094,35.53672790527344,644900,GGAL
2017-06-21,39.20000076293945,40.47999954223633,37.939998626708984,40.27000045776367,33.59305953979492,2024900,GGAL
2017-06-22,40.349998474121094,41.75,39.88999938964844,41.43000030517578,34.560726165771484,335000,GGAL
2017-06-23,41.43000030517578,41.43000030517578,40.29999923706055,40.90999984741211,34.1269416809082,181900,GGAL
2017-06-26,41.20000076293945,41.70000076293945,40.90999984741211,41.09000015258789,34.277103424072266,270700,GGAL
2017-06-27,41.040000915527344,41.130001068115234,40.61000061035156,41.06999969482422,34.26041030883789,362800,GGAL
2017-06-28,41.20000076293945,42.09000015258789,41.09000015258789,41.970001220703125,35.01118850708008,424500,GGAL
2017-06-29,41.689998626708984,42.630001068115234,41.41999816894531,41.959999084472656,35.00285339355469,585700,GGAL
2017-06-30,42.13999938964844,42.95000076293945,41.9900016784668,42.63999938964844,35.57010269165039,325700,GGAL
2017-07-03,42.790000915527344,44.20000076293945,42.65999984741211,43.61000061035156,36.379276275634766,243200,GGAL
2017-07-05,43.4900016784668,43.599998474121094,42.38999938964844,42.709999084472656,35.62849426269531,448400,GGAL
2017-07-06,42.689998626708984,42.9900016784668,41.66999816894531,41.790000915527344,34.86103820800781,369200,GGAL
2017-07-07,41.900001525878906,42.95000076293945,41.25,41.56999969482422,34.67750930786133,256900,GGAL
2017-07-10,41.58000183105469,42.689998626708984,41.47999954223633,42.22999954223633,35.22808074951172,284300,GGAL
2017-07-11,42.439998626708984,42.5,41.84000015258789,42.20000076293945,35.20305633544922,333400,GGAL
2017-07-12,42.33000183105469,42.869998931884766,42.16999816894531,42.68000030517578,35.60348129272461,296200,GGAL
2017-07-13,42.63999938964844,42.81999969482422,41.61000061035156,41.689998626708984,34.777610778808594,469700,GGAL
2017-07-14,42.130001068115234,42.130001068115234,40.40999984741211,40.90999984741211,34.1269416809082,416700,GGAL
2017-07-17,40.650001525878906,40.90999984741211,39.720001220703125,39.959999084472656,33.33445358276367,475400,GGAL
2017-07-18,39.75,39.849998474121094,37.66999816894531,37.72999954223633,31.47420310974121,737700,GGAL
2017-07-19,37.22999954223633,38.90999984741211,37.02000045776367,38.79999923706055,32.366790771484375,830100,GGAL
2017-07-20,39.040000915527344,39.43000030517578,38.369998931884766,38.66999816894531,32.258338928222656,522600,GGAL
2017-07-21,38.619998931884766,39.34000015258789,38.52000045776367,38.75,32.3250846862793,276600,GGAL
2017-07-24,38.630001068115234,39.0,38.04999923706055,38.060001373291016,31.749486923217773,247000,GGAL
2017-07-25,38.41999816894531,38.84000015258789,38.09000015258789,38.5,32.11653518676758,448100,GGAL
2017-07-26,38.38999938964844,38.619998931884766,37.70000076293945,38.2400016784668,31.899648666381836,573500,GGAL
2017-07-27,38.349998474121094,38.459999084472656,37.91999816894531,38.04999923706055,31.74114227294922,183500,GGAL
2017-07-28,37.88999938964844,37.88999938964844,37.279998779296875,37.4900016784668,31.27400016784668,237000,GGAL
2017-07-31,37.5,37.599998474121094,36.09000015258789,36.31999969482422,30.297985076904297,393500,GGAL
2017-08-01,36.40999984741211,37.36000061035156,36.29999923706055,37.040000915527344,30.89859962463379,536200,GGAL
2017-08-02,37.04999923706055,37.189998626708984,36.459999084472656,36.79999923706055,30.698402404785156,208000,GGAL
2017-08-03,36.810001373291016,37.15999984741211,36.43000030517578,36.7599983215332,30.6650333404541,253300,GGAL
2017-08-04,36.810001373291016,37.22999954223633,36.709999084472656,37.04999923706055,30.90694236755371,237700,GGAL
2017-08-07,37.040000915527344,37.58000183105469,37.040000915527344,37.349998474121094,31.157207489013672,266100,GGAL
2017-08-08,37.20000076293945,37.790000915527344,36.95000076293945,37.130001068115234,30.973682403564453,363900,GGAL
2017-08-09,37.31999969482422,37.369998931884766,36.43000030517578,36.529998779296875,30.47316551208496,311200,GGAL
2017-08-10,36.38999938964844,36.93000030517578,36.13999938964844,36.7400016784668,30.648345947265625,358100,GGAL
2017-08-11,36.540000915527344,38.41999816894531,36.31999969482422,37.959999084472656,31.666067123413086,391900,GGAL
2017-08-14,40.470001220703125,42.310001373291016,39.97999954223633,42.16999816894531,35.178035736083984,1450400,GGAL
2017-08-15,42.310001373291016,43.209999084472656,41.119998931884766,42.349998474121094,35.328182220458984,699500,GGAL
2017-08-16,42.4900016784668,42.779998779296875,41.5099983215332,42.25,35.24476623535156,433400,GGAL
2017-08-17,42.31999969482422,42.72999954223633,41.650001525878906,41.66999816894531,34.76093292236328,246900,GGAL
2017-08-18,41.7400016784668,42.66999816894531,41.7400016784668,42.439998626708984,35.40325927734375,289500,GGAL
2017-08-21,42.4900016784668,42.66999816894531,42.0,42.02000045776367,35.052894592285156,86600,GGAL
2017-08-22,42.2599983215332,42.90999984741211,42.130001068115234,42.689998626708984,35.611812591552734,205500,GGAL
2017-08-23,42.45000076293945,44.810001373291016,42.45000076293945,44.689998626708984,37.28020095825195,353100,GGAL
2017-08-24,44.95000076293945,46.0,44.060001373291016,45.15999984741211,37.672279357910156,670600,GGAL
2017-08-25,45.31999969482422,45.81999969482422,43.810001373291016,45.20000076293945,37.70564270019531,397300,GGAL
2017-08-28,45.45000076293945,45.66999816894531,44.81999969482422,44.97999954223633,37.522117614746094,148200,GGAL
2017-08-29,44.880001068115234,45.099998474121094,44.16999816894531,44.68000030517578,37.2718620300293,158500,GGAL
2017-08-30,44.79999923706055,45.95000076293945,44.47999954223633,44.959999084472656,37.505435943603516,223800,GGAL
2017-08-31,44.95000076293945,46.400001525878906,44.95000076293945,45.599998474121094,38.0393180847168,360600,GGAL
2017-09-01,45.75,46.38999938964844,45.38999938964844,46.02000045776367,38.38968276977539,129700,GGAL
2017-09-05,46.0,46.88999938964844,45.5099983215332,46.5,38.790096282958984,220500,GGAL
2017-09-06,46.5,47.900001525878906,46.36000061035156,47.16999816894531,39.349002838134766,360600,GGAL
2017-09-07,47.209999084472656,47.79999923706055,47.119998931884766,47.599998474121094,39.70771026611328,242600,GGAL
2017-09-08,46.060001373291016,48.0,45.16999816894531,46.290000915527344,38.61491775512695,412200,GGAL
2017-09-11,46.36000061035156,47.02000045776367,45.0,45.130001068115234,37.64725875854492,323200,GGAL
2017-09-12,45.41999816894531,45.900001525878906,44.599998474121094,44.939998626708984,37.48875427246094,279000,GGAL
2017-09-13,45.16999816894531,46.029998779296875,44.630001068115234,45.83000183105469,38.23119354248047,325800,GGAL
2017-09-14,45.79999923706055,46.099998474121094,45.59000015258789,45.7400016784668,38.15610885620117,176800,GGAL
2017-09-15,45.75,46.25,44.880001068115234,45.91999816894531,38.3062629699707,323200,GGAL
2017-09-18,46.0099983215332,46.40999984741211,45.4900016784668,46.38999938964844,38.698341369628906,292900,GGAL
2017-09-19,46.310001373291016,47.900001525878906,46.0,47.810001373291016,39.882896423339844,477600,GGAL
2017-09-20,47.54999923706055,48.4900016784668,46.849998474121094,47.529998779296875,39.64931869506836,362300,GGAL
2017-09-21,47.52000045776367,48.02000045776367,47.130001068115234,47.91999816894531,39.97465515136719,337100,GGAL
2017-09-22,47.70000076293945,49.77000045776367,47.68000030517578,49.4900016784668,41.28434371948242,529200,GGAL
2017-09-25,49.13999938964844,49.72999954223633,48.400001525878906,49.38999938964844,41.20092010498047,514400,GGAL
2017-09-26,49.4900016784668,50.369998931884766,48.70000076293945,50.20000076293945,41.87662887573242,871200,GGAL
2017-09-27,51.0,51.04999923706055,49.0,49.349998474121094,41.16755294799805,4079600,GGAL
2017-09-28,49.599998474121094,50.83000183105469,49.040000915527344,50.63999938964844,42.2436637878418,1396300,GGAL
2017-09-29,50.630001068115234,52.400001525878906,50.630001068115234,51.540000915527344,42.994441986083984,2131000,GGAL
2017-10-02,51.540000915527344,52.0,51.08000183105469,51.779998779296875,43.19464874267578,622000,GGAL
2017-10-03,51.58000183105469,52.279998779296875,51.58000183105469,52.25,43.58672332763672,852200,GGAL
2017-10-04,52.560001373291016,53.25,51.38999938964844,52.959999084472656,44.17899703979492,1171500,GGAL
2017-10-05,53.15999984741211,54.099998474121094,52.70000076293945,53.83000183105469,44.90475845336914,770300,GGAL
2017-10-06,53.66999816894531,54.06999969482422,53.189998626708984,53.470001220703125,44.60444259643555,497400,GGAL
2017-10-09,53.459999084472656,53.81999969482422,52.209999084472656,52.86000061035156,44.095577239990234,502700,GGAL
2017-10-10,53.0,53.27000045776367,52.59000015258789,53.04999923706055,44.25407409667969,360100,GGAL
2017-10-11,53.189998626708984,54.06999969482422,52.54999923706055,53.0,44.212364196777344,655200,GGAL
2017-10-12,53.18000030517578,53.75,52.95000076293945,53.68000030517578,44.779624938964844,409900,GGAL
2017-10-13,53.75,54.810001373291016,53.43000030517578,54.65999984741211,45.59714126586914,313900,GGAL
2017-10-16,54.77000045776367,54.91999816894531,54.060001373291016,54.380001068115234,45.363563537597656,400500,GGAL
2017-10-17,54.40999984741211,54.900001525878906,53.810001373291016,54.81999969482422,45.7306022644043,616000,GGAL
2017-10-18,54.900001525878906,54.900001525878906,53.25,53.66999816894531,44.771278381347656,426600,GGAL
2017-10-19,53.11000061035156,54.15999984741211,53.0,53.790000915527344,44.87138748168945,420900,GGAL
2017-10-20,53.91999816894531,54.20000076293945,53.22999954223633,53.970001220703125,45.021541595458984,425400,GGAL
2017-10-23,55.279998779296875,58.61000061035156,55.04999923706055,57.150001525878906,47.674285888671875,882600,GGAL
2017-10-24,57.08000183105469,57.880001068115234,55.75,57.13999938964844,47.66594314575195,692200,GGAL
2017-10-25,57.40999984741211,57.79999923706055,55.54999923706055,56.650001525878906,47.25718688964844,381000,GGAL
2017-10-26,57.08000183105469,57.29999923706055,55.470001220703125,55.650001525878906,46.4229850769043,172000,GGAL
2017-10-27,55.7599983215332,56.11000061035156,54.70000076293945,55.0,45.880760192871094,194800,GGAL
2017-10-30,55.04999923706055,55.04999923706055,53.97999954223633,54.77000045776367,45.688899993896484,247300,GGAL
2017-10-31,54.75,55.20000076293945,54.099998474121094,54.900001525878906,45.797340393066406,413100,GGAL
2017-11-01,54.650001525878906,55.43000030517578,54.0,54.099998474121094,45.12997817993164,553700,GGAL
2017-11-02,54.279998779296875,54.5099983215332,52.20000076293945,53.060001373291016,44.262428283691406,292200,GGAL
2017-11-03,52.869998931884766,52.97999954223633,51.5,52.630001068115234,43.90372085571289,322600,GGAL
2017-11-06,52.77000045776367,54.560001373291016,51.75,54.439998626708984,45.413612365722656,295800,GGAL
2017-11-07,54.5,54.68000030517578,52.54999923706055,52.939998626708984,44.162315368652344,263900,GGAL
2017-11-08,53.099998474121094,55.11000061035156,52.59000015258789,53.709999084472656,44.804649353027344,298300,GGAL
2017-11-09,53.08000183105469,55.849998474121094,53.08000183105469,54.31999969482422,45.31351089477539,567500,GGAL
2017-11-10,53.810001373291016,54.70000076293945,52.279998779296875,52.47999954223633,43.77859115600586,223800,GGAL
2017-11-13,52.0,52.310001373291016,50.61000061035156,51.599998474121094,43.044490814208984,187600,GGAL
2017-11-14,51.349998474121094,51.58000183105469,49.5099983215332,50.27000045776367,41.93502426147461,705800,GGAL
2017-11-15,49.5,51.72999954223633,49.470001220703125,50.849998474121094,42.41884994506836,520700,GGAL
2017-11-16,52.77000045776367,54.869998931884766,52.529998779296875,54.650001525878906,45.58879470825195,836900,GGAL
2017-11-17,54.88999938964844,55.2400016784668,53.68000030517578,54.25,45.25510787963867,494300,GGAL
2017-11-20,54.349998474121094,56.5,53.13999938964844,56.220001220703125,46.898475646972656,515500,GGAL
2017-11-21,56.29999923706055,57.33000183105469,55.70000076293945,56.970001220703125,47.52412414550781,294000,GGAL
2017-11-22,56.97999954223633,57.5,56.40999984741211,57.04999923706055,47.59086227416992,231400,GGAL
2017-11-24,57.04999923706055,57.099998474121094,56.5,56.900001525878906,47.465728759765625,112200,GGAL
2017-11-27,57.400001525878906,58.599998474121094,54.880001068115234,54.880001068115234,45.780662536621094,499700,GGAL
2017-11-28,55.11000061035156,57.290000915527344,54.81999969482422,56.0099983215332,46.723297119140625,934800,GGAL
2017-11-29,56.38999938964844,56.88999938964844,55.66999816894531,56.08000183105469,46.78169631958008,587300,GGAL
2017-11-30,56.560001373291016,57.68000030517578,55.849998474121094,57.130001068115234,47.657588958740234,418400,GGAL
2017-12-01,57.470001220703125,59.0,57.130001068115234,58.2400016784668,48.583553314208984,728900,GGAL
2017-12-04,58.900001525878906,59.7599983215332,58.130001068115234,58.2400016784668,48.583553314208984,904300,GGAL
2017-12-05,58.5,59.43000030517578,57.810001373291016,59.099998474121094,49.300960540771484,318200,GGAL
2017-12-06,58.75,59.7599983215332,58.75,59.630001068115234,49.74308776855469,549000,GGAL
2017-12-07,59.630001068115234,62.45000076293945,59.369998931884766,62.36000061035156,52.020442962646484,1003600,GGAL
2017-12-08,63.11000061035156,65.47000122070312,62.84000015258789,64.9800033569336,54.20603561401367,623300,GGAL
2017-12-11,64.55000305175781,65.16999816894531,64.25,64.87999725341797,54.12261199951172,729400,GGAL
2017-12-12,64.94000244140625,65.66999816894531,64.16000366210938,65.26000213623047,54.439613342285156,468800,GGAL
2017-12-13,65.3499984741211,66.5,63.63999938964844,65.04000091552734,54.25608825683594,568500,GGAL
2017-12-14,65.0,65.43000030517578,64.58000183105469,65.37000274658203,54.53137969970703,631600,GGAL
2017-12-15,65.19000244140625,65.37000274658203,63.790000915527344,65.33000183105469,54.49800491333008,356800,GGAL
2017-12-18,65.7300033569336,65.91999816894531,64.30000305175781,65.08999633789062,54.297794342041016,251700,GGAL
2017-12-19,65.4000015258789,67.19999694824219,65.37000274658203,66.08000183105469,55.12364959716797,891200,GGAL
2017-12-20,66.01000213623047,66.63999938964844,65.75,65.9800033569336,55.040225982666016,509700,GGAL
2017-12-21,65.68000030517578,65.68000030517578,64.1500015258789,64.87000274658203,54.11427307128906,403400,GGAL
2017-12-22,64.88999938964844,65.70999908447266,64.52999877929688,65.47000122070312,54.61478805541992,244200,GGAL
2017-12-26,65.45999908447266,65.55999755859375,64.97000122070312,65.45999908447266,54.6064453125,147100,GGAL
2017-12-27,65.36000061035156,66.4800033569336,65.01000213623047,66.0,55.05691146850586,208200,GGAL
2017-12-28,65.94999694824219,66.29000091552734,65.19999694824219,65.61000061035156,54.7315788269043,370900,GGAL
2017-12-29,65.73999786376953,66.01000213623047,64.55000305175781,65.8499984741211,54.93177795410156,544100,GGAL
2018-01-02,66.5999984741211,67.44000244140625,66.0,67.20999908447266,56.066287994384766,362800,GGAL
2018-01-03,67.33000183105469,67.44999694824219,66.43000030517578,66.91999816894531,55.82437515258789,274900,GGAL
2018-01-04,67.02999877929688,69.75,66.91000366210938,69.51000213623047,57.98493576049805,290300,GGAL
2018-01-05,69.93000030517578,70.16000366210938,68.41999816894531,68.75,57.350948333740234,438100,GGAL
2018-01-08,68.45999908447266,68.75,66.5,66.68000030517578,55.62416458129883,446100,GGAL
2018-01-09,66.9000015258789,67.44999694824219,66.5199966430664,67.12000274658203,55.991207122802734,365000,GGAL
2018-01-10,67.11000061035156,68.97000122070312,66.7699966430664,68.19999694824219,56.89213562011719,236500,GGAL
2018-01-11,68.30000305175781,69.33999633789062,68.30000305175781,68.97000122070312,57.53447341918945,394300,GGAL
2018-01-12,69.05000305175781,70.91999816894531,68.94000244140625,70.5,58.81079864501953,195600,GGAL
2018-01-16,72.33999633789062,73.08999633789062,71.37999725341797,71.76000213623047,59.861881256103516,377800,GGAL
2018-01-17,72.0999984741211,72.61000061035156,71.7699966430664,72.16999816894531,60.203895568847656,289700,GGAL
2018-01-18,72.55999755859375,73.44999694824219,71.43000030517578,72.87999725341797,60.79616928100586,186100,GGAL
2018-01-19,73.41999816894531,73.41999816894531,71.55000305175781,72.05999755859375,60.11212921142578,299400,GGAL
2018-01-22,71.8499984741211,72.30999755859375,69.38999938964844,69.79000091552734,58.2185173034668,282400,GGAL
2018-01-23,70.05999755859375,70.41000366210938,68.19000244140625,69.47000122070312,57.951576232910156,345900,GGAL
2018-01-24,70.0199966430664,71.80000305175781,67.76000213623047,67.91000366210938,56.65023422241211,489100,GGAL
2018-01-25,67.88999938964844,68.12000274658203,65.8499984741211,67.19000244140625,56.04961013793945,477400,GGAL
2018-01-26,67.1500015258789,67.7300033569336,65.6500015258789,65.98999786376953,55.0485725402832,430200,GGAL
2018-01-29,65.61000061035156,65.62999725341797,64.63999938964844,64.63999938964844,53.92241287231445,446300,GGAL
2018-01-30,63.970001220703125,66.94000244140625,63.15999984741211,66.4000015258789,55.39059066772461,495800,GGAL
2018-01-31,66.38999938964844,69.94000244140625,66.31999969482422,69.80000305175781,58.22684860229492,416300,GGAL
2018-02-01,69.0,70.80999755859375,67.05999755859375,68.44000244140625,57.09236145019531,346200,GGAL
2018-02-02,67.79000091552734,68.52999877929688,62.65999984741211,63.650001525878906,53.0965576171875,611100,GGAL
2018-02-05,62.2400016784668,62.5,61.15999984741211,61.31999969482422,51.15287399291992,607400,GGAL
2018-02-06,58.45000076293945,65.37999725341797,56.86000061035156,64.38999938964844,53.7138671875,805000,GGAL
2018-02-07,64.4000015258789,66.06999969482422,62.369998931884766,63.029998779296875,52.57935333251953,325600,GGAL
2018-02-08,63.83000183105469,63.83000183105469,59.880001068115234,60.290000915527344,50.29365539550781,873000,GGAL
2018-02-09,61.0,61.099998474121094,57.689998626708984,58.95000076293945,49.175838470458984,706500,GGAL
2018-02-12,60.15999984741211,62.849998474121094,60.15999984741211,62.459999084472656,52.103858947753906,356500,GGAL
2018-02-13,62.470001220703125,62.79999923706055,61.7400016784668,62.060001373291016,51.77018737792969,248700,GGAL
2018-02-14,61.400001525878906,64.5999984741211,61.189998626708984,64.41000366210938,53.73054504394531,663900,GGAL
2018-02-15,65.31999969482422,67.77999877929688,64.87000274658203,67.56999969482422,56.366600036621094,488900,GGAL
2018-02-16,67.08000183105469,68.86000061035156,66.97000122070312,67.0199966430664,55.90778350830078,777300,GGAL
2018-02-20,66.30000305175781,68.37999725341797,65.93000030517578,66.0,55.05691146850586,466700,GGAL
2018-02-21,66.0,67.7300033569336,65.36000061035156,66.80000305175781,55.724266052246094,326100,GGAL
2018-02-22,67.16999816894531,67.75,66.30000305175781,67.19000244140625,56.04961013793945,235800,GGAL
2018-02-23,67.5999984741211,67.62000274658203,64.45999908447266,64.7699966430664,54.03084945678711,316100,GGAL
2018-02-26,64.98999786376953,66.16999816894531,63.4900016784668,64.12000274658203,53.48863220214844,279000,GGAL
2018-02-27,63.5099983215332,63.849998474121094,61.83000183105469,62.65999984741211,52.27069854736328,332100,GGAL
2018-02-28,62.97999954223633,64.69999694824219,62.560001373291016,62.939998626708984,52.504268646240234,411900,GGAL
2018-03-01,62.68000030517578,63.63999938964844,60.79999923706055,61.189998626708984,51.044429779052734,464900,GGAL
2018-03-02,60.63999938964844,61.7599983215332,59.790000915527344,61.20000076293945,51.05277633666992,740200,GGAL
2018-03-05,60.9900016784668,61.880001068115234,60.56999969482422,61.7599983215332,51.51991653442383,357900,GGAL
2018-03-06,61.7599983215332,63.15999984741211,61.7599983215332,62.22999954223633,51.91199493408203,546800,GGAL
2018-03-07,61.9900016784668,62.95000076293945,60.97999954223633,61.70000076293945,51.46987533569336,141700,GGAL
2018-03-08,62.0,62.150001525878906,60.790000915527344,61.40999984741211,51.22795486450195,200200,GGAL
2018-03-09,61.79999923706055,64.33000183105469,61.7400016784668,63.619998931884766,53.07152557373047,340700,GGAL
2018-03-12,64.5199966430664,67.5999984741211,64.5199966430664,66.80999755859375,55.732608795166016,594100,GGAL
2018-03-13,66.83000183105469,67.13999938964844,65.19000244140625,65.22000122070312,54.40624237060547,443500,GGAL
2018-03-14,65.63999938964844,65.87999725341797,65.22000122070312,65.4000015258789,54.556400299072266,257100,GGAL
2018-03-15,65.31999969482422,65.7699966430664,64.94000244140625,65.3499984741211,54.514686584472656,235400,GGAL
2018-03-16,65.54000091552734,66.4000015258789,65.0,65.30999755859375,54.48131561279297,294200,GGAL
2018-03-19,65.16000366210938,65.41000366210938,62.900001525878906,63.04999923706055,52.59603500366211,207700,GGAL
2018-03-20,63.439998626708984,65.2300033569336,62.5,63.97999954223633,53.37183380126953,573600,GGAL
2018-03-21,64.22000122070312,66.2699966430664,62.75,65.51000213623047,54.648162841796875,318800,GGAL
2018-03-22,64.20999908447266,65.30000305175781,62.790000915527344,65.01000213623047,54.23106002807617,383600,GGAL
2018-03-23,64.88999938964844,64.88999938964844,63.29999923706055,63.400001525878906,52.88800048828125,211600,GGAL
2018-03-26,65.81999969482422,65.87999725341797,63.08000183105469,64.66000366210938,53.93909454345703,202400,GGAL
2018-03-27,64.7300033569336,66.55999755859375,63.40999984741211,65.41000366210938,54.56474304199219,225100,GGAL
2018-03-28,65.4000015258789,66.23999786376953,64.02999877929688,65.0999984741211,54.30613708496094,178000,GGAL
2018-03-29,68.69999694824219,68.69999694824219,64.6500015258789,65.76000213623047,54.85670471191406,286400,GGAL
2018-04-02,65.33000183105469,66.5999984741211,62.52000045776367,65.94000244140625,55.006858825683594,191500,GGAL
2018-04-03,66.52999877929688,66.68000030517578,65.63999938964844,66.43000030517578,55.41561508178711,138700,GGAL
2018-04-04,65.52999877929688,66.5,64.5999984741211,66.47000122070312,55.44898223876953,375900,GGAL
2018-04-05,66.5,67.37999725341797,65.9000015258789,66.29000091552734,55.29883575439453,121100,GGAL
2018-04-06,65.54000091552734,66.80000305175781,65.54000091552734,66.45999908447266,55.44064712524414,146700,GGAL
2018-04-09,66.72000122070312,66.9800033569336,65.80000305175781,65.97000122070312,55.03188705444336,65400,GGAL
2018-04-10,66.55999755859375,67.83999633789062,65.94000244140625,66.95999908447266,55.85774230957031,162800,GGAL
2018-04-11,66.63999938964844,67.11000061035156,65.4800033569336,65.98999786376953,55.0485725402832,245000,GGAL
2018-04-12,66.33999633789062,67.30000305175781,65.66000366210938,66.58999633789062,55.5490837097168,290300,GGAL
2018-04-13,66.98999786376953,66.98999786376953,65.43000030517578,65.47000122070312,54.61478805541992,172900,GGAL
2018-04-16,65.62000274658203,66.5,63.75,63.810001373291016,53.23002624511719,206600,GGAL
2018-04-17,64.19000244140625,66.70999908447266,64.18000030517578,66.52999877929688,55.4990348815918,301000,GGAL
2018-04-18,66.86000061035156,67.70999908447266,66.1500015258789,66.9000015258789,55.80769348144531,204900,GGAL
2018-04-19,66.6500015258789,67.2699966430664,65.51000213623047,65.68000030517578,54.78997039794922,143400,GGAL
2018-04-20,65.58000183105469,66.38999938964844,64.55000305175781,64.7300033569336,53.99748992919922,189500,GGAL
2018-04-23,64.31999969482422,65.62000274658203,64.31999969482422,64.7300033569336,53.99748992919922,98600,GGAL
2018-04-24,65.20999908447266,66.0999984741211,65.1500015258789,65.22000122070312,54.40624237060547,183700,GGAL
2018-04-25,65.08999633789062,65.3499984741211,60.779998779296875,61.810001373291016,51.56163024902344,505300,GGAL
2018-04-26,62.060001373291016,62.470001220703125,59.099998474121094,59.31999969482422,49.48448944091797,601800,GGAL
2018-04-27,60.0,63.20000076293945,58.369998931884766,62.119998931884766,51.82023620605469,1065300,GGAL
2018-04-30,62.11000061035156,64.33000183105469,62.06999969482422,63.91999816894531,53.321781158447266,398400,GGAL
2018-05-01,63.47999954223633,64.01000213623047,61.29999923706055,61.61000061035156,51.39479446411133,249600,GGAL
2018-05-02,61.400001525878906,61.400001525878906,57.25,57.36000061035156,47.84946060180664,567700,GGAL
2018-05-03,57.650001525878906,57.650001525878906,52.31999969482422,52.34000015258789,43.66180419921875,1058900,GGAL
2018-05-04,55.380001068115234,57.09000015258789,51.47999954223633,52.29999923706055,43.6284294128418,1711100,GGAL
2018-05-07,52.22999954223633,53.77000045776367,49.560001373291016,50.099998474121094,41.79320526123047,652100,GGAL
2018-05-08,49.93000030517578,50.84000015258789,45.5099983215332,46.7599983215332,39.00698471069336,2660500,GGAL
2018-05-09,46.97999954223633,50.70000076293945,46.849998474121094,50.5,42.12688064575195,1225200,GGAL
2018-05-10,51.2599983215332,52.5,51.0099983215332,52.310001373291016,43.636783599853516,927900,GGAL
2018-05-11,51.9900016784668,53.0,47.93000030517578,47.9900016784668,40.31201934814453,1119000,GGAL
2018-05-14,45.939998626708984,47.130001068115234,44.02000045776367,44.619998931884766,37.48118591308594,2370600,GGAL
2018-05-15,44.619998931884766,48.099998474121094,44.619998931884766,45.310001373291016,38.060794830322266,2182700,GGAL
2018-05-16,45.93000030517578,47.97999954223633,45.58000183105469,45.95000076293945,38.59839630126953,1530600,GGAL
2018-05-17,46.0,47.599998474121094,45.65999984741211,47.099998474121094,39.564414978027344,1096100,GGAL
2018-05-18,46.869998931884766,47.47999954223633,46.27000045776367,46.599998474121094,39.144405364990234,489600,GGAL
2018-05-21,46.970001220703125,47.47999954223633,46.630001068115234,46.689998626708984,39.22000503540039,431000,GGAL
2018-05-22,46.9900016784668,47.279998779296875,45.470001220703125,45.849998474121094,38.514400482177734,559300,GGAL
2018-05-23,45.439998626708984,45.84000015258789,44.0,44.2599983215332,37.17878723144531,593600,GGAL
2018-05-24,43.97999954223633,44.900001525878906,43.29999923706055,43.4900016784668,36.531978607177734,469400,GGAL
2018-05-25,44.220001220703125,44.5,42.310001373291016,43.65999984741211,36.674781799316406,420600,GGAL
2018-05-29,42.93000030517578,43.209999084472656,40.72999954223633,41.20000076293945,34.60835647583008,516100,GGAL
2018-05-30,41.5099983215332,42.79999923706055,41.25,41.97999954223633,35.26356506347656,549200,GGAL
2018-05-31,41.83000183105469,42.529998779296875,41.560001373291016,42.290000915527344,35.52396774291992,545300,GGAL
2018-06-01,42.63999938964844,43.540000915527344,41.560001373291016,42.22999954223633,35.473567962646484,463900,GGAL
2018-06-04,43.0,45.66999816894531,42.63999938964844,45.40999984741211,38.144798278808594,979500,GGAL
2018-06-05,45.68000030517578,48.040000915527344,45.08000183105469,47.630001068115234,40.00961685180664,1295100,GGAL
2018-06-06,47.7599983215332,48.43000030517578,46.959999084472656,47.41999816894531,39.83320999145508,638200,GGAL
2018-06-07,47.59000015258789,47.59000015258789,45.84000015258789,47.290000915527344,39.72401428222656,527300,GGAL
2018-06-08,49.25,50.9900016784668,47.54999923706055,49.97999954223633,41.983638763427734,1237200,GGAL
2018-06-11,50.040000915527344,52.4900016784668,48.58000183105469,49.25,41.37042999267578,759000,GGAL
2018-06-12,49.18000030517578,49.7599983215332,46.70000076293945,47.0,39.48040771484375,597100,GGAL
2018-06-13,47.279998779296875,47.529998779296875,44.63999938964844,44.70000076293945,37.54839324951172,694600,GGAL
2018-06-14,44.720001220703125,45.22999954223633,40.0,40.4900016784668,34.01194763183594,1682700,GGAL
2018-06-15,41.349998474121094,41.439998626708984,39.650001525878906,40.040000915527344,33.63395309448242,1740600,GGAL
2018-06-18,39.68000030517578,39.689998626708984,36.84000015258789,37.20000076293945,31.248327255249023,1962700,GGAL
2018-06-19,36.939998626708984,39.150001525878906,36.22999954223633,38.290000915527344,32.1639404296875,1973700,GGAL
2018-06-20,38.599998474121094,39.4900016784668,38.0,38.790000915527344,32.58394241333008,1367900,GGAL
2018-06-21,42.689998626708984,42.84000015258789,40.84000015258789,41.16999816894531,34.58316421508789,2992800,GGAL
2018-06-22,41.16999816894531,41.939998626708984,39.650001525878906,40.470001220703125,33.99515151977539,955000,GGAL
2018-06-25,40.2400016784668,40.2400016784668,37.45000076293945,37.4900016784668,31.49193000793457,1054600,GGAL
2018-06-26,37.4900016784668,38.95000076293945,36.900001525878906,37.189998626708984,31.23991584777832,482600,GGAL
2018-06-27,37.189998626708984,37.189998626708984,32.90999984741211,33.130001068115234,27.829490661621094,1417800,GGAL
2018-06-28,33.41999816894531,35.560001373291016,33.04999923706055,35.20000076293945,29.568309783935547,1457400,GGAL
2018-06-29,35.41999816894531,35.63999938964844,32.0099983215332,32.97999954223633,27.703487396240234,1296600,GGAL
2018-07-02,32.59000015258789,33.689998626708984,31.200000762939453,32.84000015258789,27.585886001586914,877700,GGAL
2018-07-03,32.849998474121094,36.02000045776367,32.83000183105469,35.33000183105469,29.677509307861328,1393500,GGAL
2018-07-05,35.61000061035156,36.09000015258789,34.04999923706055,35.779998779296875,30.055511474609375,1011000,GGAL
2018-07-06,35.79999923706055,36.540000915527344,34.52000045776367,36.13999938964844,30.357913970947266,497100,GGAL
2018-07-09,36.310001373291016,37.5099983215332,35.959999084472656,36.41999816894531,30.593116760253906,944500,GGAL
2018-07-10,36.31999969482422,37.47999954223633,35.2599983215332,36.540000915527344,30.69391441345215,516000,GGAL
2018-07-11,36.369998931884766,36.81999969482422,35.5,36.63999938964844,30.777921676635742,722000,GGAL
2018-07-12,36.95000076293945,37.59000015258789,35.0099983215332,35.34000015258789,29.685911178588867,610300,GGAL
2018-07-13,35.349998474121094,35.40999984741211,34.209999084472656,34.720001220703125,29.165103912353516,513000,GGAL
2018-07-16,34.869998931884766,36.2599983215332,33.880001068115234,34.27000045776367,28.787099838256836,523700,GGAL
2018-07-17,34.34000015258789,35.849998474121094,33.68000030517578,35.2400016784668,29.601905822753906,728900,GGAL
2018-07-18,35.34000015258789,35.97999954223633,34.45000076293945,35.11000061035156,29.492706298828125,656000,GGAL
2018-07-19,34.36000061035156,35.959999084472656,34.22999954223633,34.349998474121094,28.85430335998535,401700,GGAL
2018-07-20,34.880001068115234,35.91999816894531,34.5099983215332,35.619998931884766,29.921112060546875,1023900,GGAL
2018-07-23,35.380001068115234,35.4900016784668,34.84000015258789,35.119998931884766,29.501108169555664,297300,GGAL
2018-07-24,35.310001373291016,36.540000915527344,35.310001373291016,35.93000030517578,30.181520462036133,936800,GGAL
2018-07-25,36.220001220703125,37.13999938964844,35.91999816894531,37.04999923706055,31.1223201751709,626200,GGAL
2018-07-26,37.15999984741211,37.20000076293945,36.560001373291016,36.72999954223633,30.853519439697266,400200,GGAL
2018-07-27,36.810001373291016,37.70000076293945,35.540000915527344,36.45000076293945,30.61831283569336,735500,GGAL
2018-07-30,36.459999084472656,37.68000030517578,35.400001525878906,35.88999938964844,30.147918701171875,396600,GGAL
2018-07-31,35.91999816894531,36.310001373291016,35.5,35.630001068115234,29.92951202392578,283200,GGAL
2018-08-01,35.47999954223633,36.22999954223633,35.31999969482422,36.0,30.24031639099121,651100,GGAL
2018-08-02,35.59000015258789,36.93000030517578,35.5,36.5099983215332,30.66872215270996,789200,GGAL
2018-08-03,36.5099983215332,37.63999938964844,36.040000915527344,37.36000061035156,31.382726669311523,519700,GGAL
2018-08-06,37.209999084472656,37.619998931884766,37.029998779296875,37.20000076293945,31.248327255249023,397800,GGAL
2018-08-07,37.20000076293945,37.349998474121094,34.72999954223633,35.040000915527344,29.433908462524414,964000,GGAL
2018-08-08,35.029998779296875,35.38999938964844,33.11000061035156,33.70000076293945,28.30829429626465,1103400,GGAL
2018-08-09,33.849998474121094,34.650001525878906,33.43000030517578,33.95000076293945,28.51829719543457,440500,GGAL
2018-08-10,33.38999938964844,33.38999938964844,31.290000915527344,31.959999084472656,26.8466796875,1112600,GGAL
2018-08-13,31.469999313354492,31.920000076293945,29.690000534057617,30.170000076293945,25.34306526184082,1537900,GGAL
2018-08-14,30.440000534057617,31.459999084472656,30.190000534057617,30.530000686645508,25.64546775817871,920200,GGAL
2018-08-15,29.90999984741211,31.93000030517578,27.75,31.479999542236328,26.4434757232666,929000,GGAL
2018-08-16,31.530000686645508,32.72999954223633,30.809999465942383,31.040000915527344,26.073871612548828,1129100,GGAL
2018-08-17,30.81999969482422,30.81999969482422,28.790000915527344,29.290000915527344,24.603857040405273,1852300,GGAL
2018-08-20,29.350000381469727,29.6200008392334,27.65999984741211,28.34000015258789,23.80584716796875,1074300,GGAL
2018-08-21,28.350000381469727,28.899999618530273,28.350000381469727,28.399999618530273,23.85624885559082,630800,GGAL
2018-08-22,28.350000381469727,29.440000534057617,27.360000610351562,29.350000381469727,24.654258728027344,1092700,GGAL
2018-08-23,29.09000015258789,29.899999618530273,28.399999618530273,28.420000076293945,23.873050689697266,504400,GGAL
2018-08-24,28.559999465942383,28.559999465942383,25.84000015258789,26.399999618530273,22.176233291625977,1521400,GGAL
2018-08-27,26.530000686645508,26.84000015258789,25.700000762939453,25.799999237060547,21.672224044799805,826600,GGAL
2018-08-28,25.850000381469727,25.979999542236328,23.5,24.020000457763672,20.1770076751709,2399200,GGAL
2018-08-29,24.139999389648438,24.600000381469727,21.889999389648438,21.989999771118164,18.471790313720703,2793700,GGAL
2018-08-30,21.440000534057617,21.729999542236328,18.299999237060547,18.81999969482422,15.808961868286133,6255300,GGAL
2018-08-31,19.020000457763672,22.93000030517578,19.020000457763672,22.5,18.90019989013672,4750100,GGAL
2018-09-04,21.549999237060547,21.549999237060547,19.299999237060547,20.040000915527344,16.833776473999023,3545000,GGAL
2018-09-05,20.020000457763672,22.030000686645508,19.850000381469727,21.56999969482422,18.118988037109375,4104600,GGAL
2018-09-06,21.889999389648438,25.15999984741211,21.850000381469727,24.5,20.580217361450195,3344700,GGAL
2018-09-07,24.5,25.149999618530273,23.270000457763672,23.690000534057617,19.899805068969727,1707000,GGAL
2018-09-10,23.649999618530273,24.049999237060547,22.68000030517578,22.979999542236328,19.30340003967285,816700,GGAL
2018-09-11,22.6200008392334,22.6200008392334,20.649999618530273,22.219999313354492,18.66499137878418,1477500,GGAL
2018-09-12,22.15999984741211,22.979999542236328,21.780000686645508,22.40999984741211,18.82459831237793,815000,GGAL
2018-09-13,22.5,23.420000076293945,20.829999923706055,21.299999237060547,17.89218521118164,1444200,GGAL
2018-09-14,21.280000686645508,21.850000381469727,21.010000228881836,21.399999618530273,17.97618865966797,862400,GGAL
2018-09-17,21.5,23.889999389648438,21.5,23.6299991607666,19.84940528869629,2632100,GGAL
2018-09-18,23.809999465942383,24.200000762939453,23.110000610351562,23.989999771118164,20.151811599731445,1315800,GGAL
2018-09-19,23.90999984741211,25.1200008392334,23.5,24.979999542236328,20.98341941833496,2266600,GGAL
2018-09-20,25.399999618530273,28.6299991607666,25.100000381469727,28.110000610351562,23.612646102905273,4330700,GGAL
2018-09-21,28.1299991607666,30.100000381469727,27.299999237060547,29.760000228881836,24.998661041259766,2504800,GGAL
2018-09-24,29.549999237060547,30.1200008392334,27.670000076293945,28.34000015258789,23.80584716796875,1521200,GGAL
2018-09-25,26.729999542236328,29.8799991607666,24.5,29.770000457763672,25.00705909729004,2689700,GGAL
2018-09-26,30.329999923706055,31.84000015258789,28.489999771118164,29.270000457763672,24.587059020996094,1327500,GGAL
2018-09-27,28.709999084472656,29.530000686645508,26.34000015258789,26.989999771118164,22.671838760375977,1796100,GGAL
2018-09-28,26.889999389648438,26.889999389648438,24.360000610351562,25.43000030517578,21.361421585083008,1675900,GGAL
2018-10-01,25.799999237060547,26.950000762939453,24.170000076293945,25.8799991607666,21.73942756652832,1281000,GGAL
2018-10-02,26.299999237060547,28.399999618530273,26.25,27.829999923706055,23.377445220947266,1550100,GGAL
2018-10-03,29.350000381469727,29.700000762939453,26.65999984741211,26.899999618530273,22.596235275268555,1561300,GGAL
2018-10-04,26.899999618530273,26.899999618530273,24.270000457763672,24.3799991607666,20.479413986206055,1292700,GGAL
2018-10-05,24.530000686645508,25.299999237060547,24.020000457763672,24.18000030517578,20.311410903930664,1017800,GGAL
2018-10-08,24.780000686645508,25.100000381469727,23.68000030517578,24.8700008392334,20.891016006469727,753700,GGAL
2018-10-09,24.639999389648438,25.059999465942383,22.729999542236328,23.559999465942383,19.790605545043945,1254900,GGAL
2018-10-10,23.639999389648438,23.719999313354492,21.700000762939453,22.020000457763672,18.496992111206055,1234200,GGAL
2018-10-11,21.899999618530273,22.65999984741211,20.5,21.639999389648438,18.17778778076172,1482700,GGAL
2018-10-12,22.18000030517578,24.90999984741211,22.18000030517578,24.610000610351562,20.672616958618164,1952700,GGAL
2018-10-15,24.670000076293945,26.100000381469727,23.479999542236328,24.81999969482422,20.849016189575195,962000,GGAL
2018-10-16,25.100000381469727,25.299999237060547,23.799999237060547,24.229999542236328,20.353412628173828,1133500,GGAL
2018-10-17,23.950000762939453,24.0,22.809999465942383,23.1299991607666,19.429399490356445,1067800,GGAL
2018-10-18,22.860000610351562,23.09000015258789,22.200000762939453,22.450000762939453,18.858200073242188,733700,GGAL
2018-10-19,22.649999618530273,23.729999542236328,22.280000686645508,22.889999389648438,19.227798461914062,579100,GGAL
2018-10-22,23.280000686645508,23.5,22.31999969482422,22.790000915527344,19.143798828125,593000,GGAL
2018-10-23,22.209999084472656,22.729999542236328,21.799999237060547,22.450000762939453,18.858200073242188,889600,GGAL
2018-10-24,22.510000228881836,23.229999542236328,22.0,22.100000381469727,18.56419563293457,979100,GGAL
2018-10-25,22.190000534057617,24.010000228881836,22.149999618530273,23.350000381469727,19.61420249938965,1276600,GGAL
2018-10-26,23.350000381469727,23.6299991607666,22.649999618530273,22.969999313354492,19.295000076293945,1397900,GGAL
2018-10-29,23.479999542236328,23.520000457763672,21.780000686645508,22.309999465942383,18.74059295654297,1290700,GGAL
2018-10-30,22.360000610351562,22.979999542236328,22.100000381469727,22.799999237060547,19.152198791503906,1213500,GGAL
2018-10-31,22.829999923706055,23.389999389648438,22.229999542236328,23.059999465942383,19.3705997467041,1619300,GGAL
2018-11-01,23.610000610351562,26.989999771118164,23.329999923706055,26.670000076293945,22.403034210205078,2447300,GGAL
2018-11-02,27.0,27.280000686645508,25.600000381469727,26.81999969482422,22.529035568237305,1153600,GGAL
2018-11-05,26.700000762939453,27.399999618530273,26.149999618530273,26.56999969482422,22.319032669067383,712700,GGAL
2018-11-06,26.549999237060547,27.31999969482422,26.049999237060547,26.3700008392334,22.151029586791992,461700,GGAL
2018-11-07,26.489999771118164,26.920000076293945,25.950000762939453,26.389999389648438,22.167827606201172,376600,GGAL
2018-11-08,26.239999771118164,27.1299991607666,25.84000015258789,26.010000228881836,21.848628997802734,491300,GGAL
2018-11-09,25.81999969482422,25.979999542236328,24.790000915527344,25.260000228881836,21.2186222076416,903800,GGAL
2018-11-12,25.0,25.31999969482422,24.049999237060547,24.18000030517578,20.311410903930664,475500,GGAL
2018-11-13,24.31999969482422,24.889999389648438,23.1299991607666,23.18000030517578,19.47140121459961,710800,GGAL
2018-11-14,23.5,25.280000686645508,23.489999771118164,25.170000076293945,21.14301872253418,736500,GGAL
2018-11-15,25.350000381469727,26.729999542236328,24.899999618530273,26.350000381469727,22.13422966003418,778800,GGAL
2018-11-16,26.1200008392334,27.25,25.969999313354492,26.860000610351562,22.562639236450195,965600,GGAL
2018-11-19,26.850000381469727,26.850000381469727,25.540000915527344,26.440000534057617,22.20983123779297,500300,GGAL
2018-11-20,25.25,26.0,24.600000381469727,25.010000228881836,21.008621215820312,984200,GGAL
2018-11-21,25.3700008392334,26.479999542236328,25.3700008392334,26.040000915527344,21.873830795288086,638300,GGAL
2018-11-23,25.719999313354492,26.860000610351562,25.610000610351562,26.540000915527344,22.293834686279297,519400,GGAL
2018-11-26,26.65999984741211,27.0,25.020000457763672,25.790000915527344,21.663829803466797,961700,GGAL
2018-11-27,26.0,26.280000686645508,24.079999923706055,24.329999923706055,20.437410354614258,670000,GGAL
2018-11-28,24.700000762939453,26.25,24.209999084472656,26.209999084472656,22.01662826538086,1078300,GGAL
2018-11-29,25.959999084472656,27.799999237060547,25.90999984741211,27.459999084472656,23.066640853881836,641800,GGAL
2018-11-30,27.469999313354492,27.809999465942383,26.389999389648438,27.559999465942383,23.150638580322266,467300,GGAL
2018-12-03,28.0,29.239999771118164,27.920000076293945,28.559999465942383,23.990646362304688,1329900,GGAL
2018-12-04,28.350000381469727,28.399999618530273,27.239999771118164,27.350000381469727,22.9742374420166,1280500,GGAL
2018-12-06,26.5,28.0,26.0,27.969999313354492,23.495044708251953,846300,GGAL
2018-12-07,27.799999237060547,28.350000381469727,27.40999984741211,27.739999771118164,23.30183982849121,1161200,GGAL
2018-12-10,27.75,28.079999923706055,26.530000686645508,26.700000762939453,22.428232192993164,801000,GGAL
2018-12-11,27.190000534057617,28.690000534057617,27.190000534057617,28.299999237060547,23.77224349975586,1082500,GGAL
2018-12-12,28.600000381469727,29.110000610351562,27.8700008392334,27.8799991607666,23.419443130493164,553200,GGAL
2018-12-13,27.93000030517578,28.100000381469727,27.510000228881836,27.790000915527344,23.34384536743164,306100,GGAL
2018-12-14,27.43000030517578,27.899999618530273,27.020000457763672,27.530000686645508,23.125442504882812,707100,GGAL
2018-12-17,27.43000030517578,27.530000686645508,25.209999084472656,25.420000076293945,21.35301971435547,805100,GGAL
2018-12-18,25.790000915527344,26.770000457763672,25.510000228881836,26.15999984741211,21.974626541137695,898000,GGAL
2018-12-19,26.3799991607666,27.469999313354492,25.81999969482422,26.049999237060547,21.882225036621094,910800,GGAL
2018-12-20,26.040000915527344,26.75,26.020000457763672,26.079999923706055,21.90743064880371,468800,GGAL
2018-12-21,26.06999969482422,26.06999969482422,24.739999771118164,24.969999313354492,20.975019454956055,564800,GGAL
2018-12-24,24.5,25.739999771118164,24.09000015258789,24.56999969482422,20.639015197753906,249100,GGAL
2018-12-26,24.690000534057617,25.739999771118164,23.68000030517578,25.739999771118164,21.621824264526367,489500,GGAL
2018-12-27,25.239999771118164,26.43000030517578,24.809999465942383,26.34000015258789,22.125831604003906,720000,GGAL
2018-12-28,26.610000610351562,27.56999969482422,26.110000610351562,26.920000076293945,22.613035202026367,710900,GGAL
2018-12-31,27.09000015258789,27.780000686645508,26.649999618530273,27.56999969482422,23.159040451049805,330500,GGAL
2019-01-02,27.350000381469727,28.489999771118164,26.739999771118164,28.479999542236328,23.923446655273438,656400,GGAL
2019-01-03,28.450000762939453,28.889999389648438,27.600000381469727,28.68000030517578,24.09145164489746,759200,GGAL
2019-01-04,28.899999618530273,30.790000915527344,28.860000610351562,30.700000762939453,25.788270950317383,1516200,GGAL
2019-01-07,30.549999237060547,32.38999938964844,30.09000015258789,31.239999771118164,26.241870880126953,1157100,GGAL
2019-01-08,31.389999389648438,31.8700008392334,30.06999969482422,31.459999084472656,26.426673889160156,1130300,GGAL
2019-01-09,31.600000381469727,34.0,31.540000915527344,32.369998931884766,27.191082000732422,1488100,GGAL
2019-01-10,32.279998779296875,33.5099983215332,31.729999542236328,33.439998626708984,28.089893341064453,695100,GGAL
2019-01-11,33.02000045776367,33.880001068115234,32.040000915527344,32.4900016784668,27.291887283325195,663300,GGAL
2019-01-14,32.150001525878906,32.880001068115234,31.75,32.09000015258789,26.955881118774414,352600,GGAL
2019-01-15,32.119998931884766,32.38999938964844,31.40999984741211,31.799999237060547,26.712278366088867,485300,GGAL
2019-01-16,32.029998779296875,32.880001068115234,31.469999313354492,31.540000915527344,26.493879318237305,813500,GGAL
2019-01-17,31.31999969482422,31.860000610351562,30.950000762939453,31.760000228881836,26.678678512573242,582600,GGAL
2019-01-18,31.950000762939453,33.72999954223633,31.950000762939453,33.209999084472656,27.896690368652344,1065000,GGAL
2019-01-22,32.93000030517578,33.31999969482422,32.029998779296875,32.47999954223633,27.283485412597656,460800,GGAL
2019-01-23,33.27000045776367,34.31999969482422,32.970001220703125,33.779998779296875,28.3754940032959,851200,GGAL
2019-01-24,33.720001220703125,34.720001220703125,32.86000061035156,33.5099983215332,28.14868927001953,996000,GGAL
2019-01-25,34.25,34.810001373291016,33.849998474121094,34.34000015258789,28.84589958190918,736100,GGAL
2019-01-28,33.77000045776367,35.38999938964844,33.77000045776367,34.790000915527344,29.223899841308594,812000,GGAL
2019-01-29,35.0,35.2599983215332,34.20000076293945,34.75,29.190303802490234,368700,GGAL
2019-01-30,34.79999923706055,35.59000015258789,34.380001068115234,35.560001373291016,29.87071418762207,397400,GGAL
2019-01-31,35.83000183105469,36.709999084472656,35.779998779296875,36.5099983215332,30.66872215270996,874000,GGAL
2019-02-01,36.380001068115234,36.70000076293945,35.70000076293945,36.18000030517578,30.391523361206055,657000,GGAL
2019-02-04,35.97999954223633,37.279998779296875,35.650001525878906,37.060001373291016,31.1307315826416,1111600,GGAL
2019-02-05,36.97999954223633,37.779998779296875,36.83000183105469,37.29999923706055,31.332321166992188,1553500,GGAL
2019-02-06,36.959999084472656,37.459999084472656,35.40999984741211,35.4900016784668,29.81191062927246,787500,GGAL
2019-02-07,35.619998931884766,35.77000045776367,34.2400016784668,35.20000076293945,29.568309783935547,820600,GGAL
2019-02-08,35.18000030517578,36.13999938964844,34.68000030517578,35.9900016784668,30.231910705566406,813500,GGAL
2019-02-11,35.7599983215332,36.58000183105469,35.220001220703125,36.31999969482422,30.509119033813477,995300,GGAL
2019-02-12,36.790000915527344,37.630001068115234,36.52000045776367,36.7599983215332,30.878725051879883,915200,GGAL
2019-02-13,36.2599983215332,37.029998779296875,35.130001068115234,35.20000076293945,29.568309783935547,552300,GGAL
2019-02-14,35.0,35.709999084472656,34.650001525878906,35.41999816894531,29.753108978271484,593000,GGAL
2019-02-15,35.369998931884766,35.70000076293945,34.59000015258789,34.779998779296875,29.21550178527832,558900,GGAL
2019-02-19,34.439998626708984,34.439998626708984,32.5,32.61000061035156,27.392684936523438,1796100,GGAL
2019-02-20,32.81999969482422,34.41999816894531,31.860000610351562,33.0,27.720287322998047,1481900,GGAL
2019-02-21,32.70000076293945,32.9900016784668,32.11000061035156,32.41999816894531,27.233083724975586,557100,GGAL
2019-02-22,32.560001373291016,33.7400016784668,32.560001373291016,33.66999816894531,28.283096313476562,764900,GGAL
2019-02-25,34.279998779296875,34.560001373291016,33.349998474121094,33.459999084472656,28.106693267822266,413200,GGAL
2019-02-26,33.2400016784668,33.70000076293945,32.599998474121094,33.029998779296875,27.7454891204834,365700,GGAL
2019-02-27,32.95000076293945,33.43000030517578,31.600000381469727,31.639999389648438,26.577877044677734,743500,GGAL
2019-02-28,31.639999389648438,31.920000076293945,29.940000534057617,30.56999969482422,25.679067611694336,1401000,GGAL
2019-03-01,30.709999084472656,31.299999237060547,28.959999084472656,29.059999465942383,24.410654067993164,905800,GGAL
2019-03-04,29.010000228881836,29.3799991607666,27.809999465942383,28.389999389648438,23.84784507751465,824800,GGAL
2019-03-05,28.40999984741211,28.969999313354492,27.780000686645508,28.280000686645508,23.755447387695312,509400,GGAL
2019-03-06,28.290000915527344,28.290000915527344,26.190000534057617,26.270000457763672,22.06702995300293,1741600,GGAL
2019-03-07,26.600000381469727,27.31999969482422,25.100000381469727,25.600000381469727,21.504220962524414,1808000,GGAL
2019-03-08,26.1299991607666,28.06999969482422,26.06999969482422,26.479999542236328,22.24342918395996,1479200,GGAL
2019-03-11,26.860000610351562,27.950000762939453,26.860000610351562,27.469999313354492,23.075042724609375,802300,GGAL
2019-03-12,27.489999771118164,28.549999237060547,26.780000686645508,27.15999984741211,22.814638137817383,1037500,GGAL
2019-03-13,27.18000030517578,27.920000076293945,27.079999923706055,27.6299991607666,23.209440231323242,580400,GGAL
2019-03-14,27.360000610351562,27.690000534057617,26.860000610351562,27.270000457763672,22.907039642333984,601900,GGAL
2019-03-15,27.579999923706055,28.959999084472656,27.40999984741211,28.31999969482422,23.789047241210938,1031500,GGAL
2019-03-18,28.549999237060547,29.59000015258789,28.399999618530273,29.389999389648438,24.68785858154297,694700,GGAL
2019-03-19,29.200000762939453,30.459999084472656,28.690000534057617,28.889999389648438,24.267852783203125,1227500,GGAL
2019-03-20,28.899999618530273,29.31999969482422,28.059999465942383,28.93000030517578,24.30145263671875,807600,GGAL
2019-03-21,28.690000534057617,29.549999237060547,27.799999237060547,28.139999389648438,23.637847900390625,666500,GGAL
2019-03-22,27.639999389648438,27.639999389648438,25.670000076293945,25.84000015258789,21.70582389831543,1270700,GGAL
2019-03-25,25.8799991607666,27.469999313354492,25.829999923706055,26.8700008392334,22.571035385131836,1268800,GGAL
2019-03-26,26.260000228881836,27.709999084472656,24.790000915527344,25.479999542236328,21.403423309326172,1850900,GGAL
2019-03-27,25.5,25.719999313354492,23.219999313354492,24.25,20.37021255493164,2594600,GGAL
2019-03-28,24.219999313354492,24.950000762939453,23.969999313354492,24.860000610351562,20.882617950439453,1579000,GGAL
2019-03-29,25.1299991607666,26.0,24.56999969482422,25.520000457763672,21.43702507019043,1058400,GGAL
2019-04-01,25.979999542236328,26.219999313354492,25.219999313354492,25.520000457763672,21.43702507019043,704100,GGAL
2019-04-02,25.459999084472656,25.6200008392334,24.270000457763672,24.6299991607666,20.68941307067871,591500,GGAL
2019-04-03,24.889999389648438,25.25,24.149999618530273,24.389999389648438,20.48781394958496,649300,GGAL
2019-04-04,24.399999618530273,24.850000381469727,23.899999618530273,24.610000610351562,20.672616958618164,737800,GGAL
2019-04-05,24.59000015258789,25.540000915527344,24.25,24.969999313354492,20.975019454956055,802000,GGAL
2019-04-08,24.8799991607666,25.610000610351562,24.860000610351562,25.469999313354492,21.395021438598633,879300,GGAL
2019-04-09,25.399999618530273,25.600000381469727,23.43000030517578,24.329999923706055,20.437410354614258,1141600,GGAL
2019-04-10,24.459999084472656,25.600000381469727,24.459999084472656,25.18000030517578,21.15142059326172,1023600,GGAL
2019-04-11,24.969999313354492,25.290000915527344,24.049999237060547,24.56999969482422,20.639015197753906,579700,GGAL
2019-04-12,24.6299991607666,25.84000015258789,24.3799991607666,25.610000610351562,21.512622833251953,1266900,GGAL
2019-04-15,25.709999084472656,26.68000030517578,25.540000915527344,26.520000457763672,22.27703285217285,1213900,GGAL
2019-04-16,26.520000457763672,27.420000076293945,25.600000381469727,25.780000686645508,21.655424118041992,1265000,GGAL
2019-04-17,26.06999969482422,26.899999618530273,25.200000762939453,26.1299991607666,21.949426651000977,1082400,GGAL
2019-04-18,26.079999923706055,26.34000015258789,23.5,24.040000915527344,20.193809509277344,2032700,GGAL
2019-04-22,24.040000915527344,25.059999465942383,24.020000457763672,24.329999923706055,20.437410354614258,1186700,GGAL
2019-04-23,24.34000015258789,25.09000015258789,24.270000457763672,24.530000686645508,20.60541343688965,949700,GGAL
2019-04-24,24.399999618530273,24.440000534057617,21.540000915527344,21.719999313354492,18.244993209838867,4208600,GGAL
2019-04-25,21.6299991607666,22.040000915527344,18.6200008392334,21.1299991607666,17.7493839263916,5036500,GGAL
2019-04-26,21.329999923706055,22.459999084472656,20.639999389648438,21.010000228881836,17.64858055114746,2080400,GGAL
2019-04-29,20.989999771118164,21.84000015258789,20.770000457763672,21.290000915527344,17.8837890625,1098300,GGAL
2019-04-30,21.290000915527344,22.200000762939453,21.09000015258789,21.780000686645508,18.295391082763672,896800,GGAL
2019-05-01,21.739999771118164,22.3700008392334,21.31999969482422,22.170000076293945,18.622995376586914,734900,GGAL
2019-05-02,22.209999084472656,23.25,22.040000915527344,23.110000610351562,19.41260528564453,1221500,GGAL
2019-05-03,23.43000030517578,24.760000228881836,23.170000076293945,24.489999771118164,20.57181167602539,2030300,GGAL
2019-05-06,23.540000915527344,24.729999542236328,23.200000762939453,24.270000457763672,20.387012481689453,971600,GGAL
2019-05-07,23.719999313354492,24.200000762939453,23.09000015258789,23.440000534057617,19.689804077148438,839500,GGAL
2019-05-08,23.709999084472656,25.139999389648438,23.31999969482422,24.540000915527344,20.61381721496582,1236300,GGAL
2019-05-09,23.950000762939453,25.610000610351562,23.700000762939453,25.549999237060547,21.46222496032715,1068300,GGAL
2019-05-10,25.219999313354492,26.350000381469727,24.079999923706055,24.719999313354492,20.765018463134766,1361600,GGAL
2019-05-13,23.799999237060547,24.09000015258789,22.799999237060547,23.809999465942383,20.000606536865234,1205200,GGAL
2019-05-14,24.1200008392334,25.1299991607666,23.559999465942383,24.34000015258789,20.44581413269043,932000,GGAL
2019-05-15,23.899999618530273,24.979999542236328,23.739999771118164,24.760000228881836,21.069561004638672,1500200,GGAL
2019-05-16,24.65999984741211,26.020000457763672,24.209999084472656,25.329999923706055,21.554603576660156,1406900,GGAL
2019-05-17,24.950000762939453,25.68000030517578,24.280000686645508,24.43000030517578,20.78874969482422,1090400,GGAL
2019-05-20,24.25,25.040000915527344,23.190000534057617,24.690000534057617,21.009994506835938,1619700,GGAL
2019-05-21,25.010000228881836,26.43000030517578,25.010000228881836,26.079999923706055,22.19281578063965,2107700,GGAL
2019-05-22,26.18000030517578,26.719999313354492,25.940000534057617,26.209999084472656,22.30344009399414,1196200,GGAL
2019-05-23,25.950000762939453,26.360000610351562,25.440000534057617,25.969999313354492,22.099214553833008,1125100,GGAL
2019-05-24,26.459999084472656,26.6299991607666,25.639999389648438,26.600000381469727,22.63530921936035,1292600,GGAL
2019-05-28,26.600000381469727,27.010000228881836,25.15999984741211,25.760000228881836,21.92051124572754,15804000,GGAL
2019-05-29,25.739999771118164,25.809999465942383,24.049999237060547,25.59000015258789,21.775850296020508,1475800,GGAL
2019-05-30,25.6200008392334,26.729999542236328,25.530000686645508,25.90999984741211,22.048154830932617,1264000,GGAL
2019-05-31,25.799999237060547,26.420000076293945,25.309999465942383,25.610000610351562,21.792869567871094,1049600,GGAL
2019-06-03,25.979999542236328,26.25,24.309999465942383,25.0,21.273788452148438,1184700,GGAL
2019-06-04,25.329999923706055,26.549999237060547,25.31999969482422,26.520000457763672,22.56723403930664,1476300,GGAL
2019-06-05,26.6200008392334,27.5,26.40999984741211,26.969999313354492,22.95016098022461,1591800,GGAL
2019-06-06,27.239999771118164,27.639999389648438,26.6200008392334,27.6200008392334,23.50328254699707,1094600,GGAL
2019-06-07,27.920000076293945,28.25,27.040000915527344,27.40999984741211,23.3245792388916,721900,GGAL
2019-06-10,27.59000015258789,28.56999969482422,27.540000915527344,28.549999237060547,24.294662475585938,1301800,GGAL
2019-06-11,28.959999084472656,30.93000030517578,28.75,30.780000686645508,26.19228744506836,2999200,GGAL
2019-06-12,31.489999771118164,34.68000030517578,31.0,34.619998931884766,29.459943771362305,4838200,GGAL
2019-06-13,34.22999954223633,34.31999969482422,32.63999938964844,34.04999923706055,28.974899291992188,2499900,GGAL
2019-06-14,34.04999923706055,34.52000045776367,32.880001068115234,32.900001525878906,27.996305465698242,1491200,GGAL
2019-06-17,33.34000015258789,33.52000045776367,32.209999084472656,33.029998779296875,28.106929779052734,736300,GGAL
2019-06-18,33.5,34.06999969482422,33.18000030517578,33.59000015258789,28.583465576171875,1019200,GGAL
2019-06-19,33.97999954223633,33.97999954223633,32.63999938964844,32.70000076293945,27.826114654541016,954500,GGAL
2019-06-20,33.47999954223633,33.9900016784668,32.650001525878906,33.90999984741211,28.85576629638672,1265000,GGAL
2019-06-21,33.79999923706055,34.439998626708984,33.380001068115234,34.130001068115234,29.0429744720459,1236200,GGAL
2019-06-24,34.189998626708984,34.70000076293945,33.529998779296875,34.279998779296875,29.170616149902344,765900,GGAL
2019-06-25,34.400001525878906,35.0,34.11000061035156,34.7599983215332,29.579076766967773,966200,GGAL
2019-06-26,35.0,35.58000183105469,32.90999984741211,33.709999084472656,28.68557357788086,1022900,GGAL
2019-06-27,33.81999969482422,34.47999954223633,33.279998779296875,33.90999984741211,28.85576629638672,958800,GGAL
2019-06-28,34.45000076293945,35.5099983215332,34.2400016784668,35.5,30.208776473999023,1245200,GGAL
2019-07-01,36.029998779296875,37.0,35.310001373291016,35.5099983215332,30.217283248901367,1114700,GGAL
2019-07-02,36.0,36.86000061035156,35.380001068115234,36.72999954223633,31.255451202392578,1215400,GGAL
2019-07-03,36.70000076293945,37.72999954223633,36.25,36.45000076293945,31.017181396484375,779600,GGAL
2019-07-05,36.06999969482422,36.619998931884766,35.7599983215332,36.400001525878906,30.97464370727539,517700,GGAL
2019-07-08,36.4900016784668,37.540000915527344,35.81999969482422,37.4900016784668,31.90217399597168,870100,GGAL
2019-07-09,37.04999923706055,38.47999954223633,36.91999816894531,38.150001525878906,32.463802337646484,801200,GGAL
2019-07-10,38.099998474121094,39.220001220703125,37.310001373291016,38.0,32.336158752441406,1033100,GGAL
2019-07-11,38.2400016784668,38.790000915527344,37.59000015258789,37.93000030517578,32.27659606933594,844300,GGAL
2019-07-12,37.849998474121094,38.599998474121094,37.81999969482422,37.86000061035156,32.2170295715332,587200,GGAL
2019-07-15,37.9900016784668,37.9900016784668,35.66999816894531,35.869998931884766,30.523630142211914,1024200,GGAL
2019-07-16,35.689998626708984,36.880001068115234,35.029998779296875,36.16999816894531,30.778911590576172,1087500,GGAL
2019-07-17,36.31999969482422,36.81999969482422,35.880001068115234,35.90999984741211,30.55767059326172,759200,GGAL
2019-07-18,35.7599983215332,36.400001525878906,34.29999923706055,35.34000015258789,30.072628021240234,1152200,GGAL
2019-07-19,35.220001220703125,35.43000030517578,34.75,34.900001525878906,29.698209762573242,719800,GGAL
2019-07-22,34.79999923706055,34.95000076293945,33.38999938964844,33.5,28.506877899169922,1244600,GGAL
2019-07-23,33.66999816894531,33.880001068115234,32.7400016784668,33.790000915527344,28.753652572631836,839100,GGAL
2019-07-24,33.65999984741211,34.369998931884766,33.41999816894531,33.939998626708984,28.88129425048828,567700,GGAL
2019-07-25,34.11000061035156,34.470001220703125,33.560001373291016,33.970001220703125,28.906822204589844,791100,GGAL
2019-07-26,34.150001525878906,37.849998474121094,34.0,37.41999816894531,31.842609405517578,1584900,GGAL
2019-07-29,37.40999984741211,38.75,36.650001525878906,38.189998626708984,32.49784469604492,1311700,GGAL
2019-07-30,37.90999984741211,38.810001373291016,37.380001068115234,37.599998474121094,31.995777130126953,828700,GGAL
2019-07-31,37.9900016784668,38.119998931884766,36.54999923706055,36.7400016784668,31.263961791992188,1027700,GGAL
2019-08-01,36.779998779296875,37.08000183105469,35.02000045776367,35.40999984741211,30.1321964263916,727200,GGAL
2019-08-02,35.060001373291016,35.54999923706055,33.86000061035156,35.02000045776367,29.800323486328125,901400,GGAL
2019-08-05,33.130001068115234,34.93000030517578,33.0099983215332,34.08000183105469,29.00043296813965,1022600,GGAL
2019-08-06,34.72999954223633,36.630001068115234,34.2400016784668,35.31999969482422,30.05560874938965,724500,GGAL
2019-08-07,34.2599983215332,34.95000076293945,33.4900016784668,34.540000915527344,29.391868591308594,748100,GGAL
2019-08-08,34.099998474121094,35.68000030517578,34.040000915527344,34.95000076293945,29.740758895874023,1130600,GGAL
2019-08-09,34.900001525878906,38.689998626708984,34.5099983215332,38.16999816894531,32.48081588745117,1954900,GGAL
2019-08-12,19.309999465942383,19.360000610351562,15.170000076293945,16.75,14.253438949584961,30223700,GGAL
2019-08-13,17.360000610351562,18.020000457763672,16.799999237060547,17.229999542236328,14.661893844604492,6724700,GGAL
2019-08-14,16.700000762939453,17.690000534057617,15.869999885559082,16.579999923706055,14.108776092529297,5068500,GGAL
2019-08-15,17.979999542236328,18.34000015258789,17.079999923706055,17.469999313354492,14.866121292114258,5420100,GGAL
2019-08-16,18.0,18.56999969482422,17.700000762939453,17.739999771118164,15.095880508422852,3822800,GGAL
2019-08-19,17.18000030517578,17.329999923706055,14.899999618530273,14.949999809265137,12.721725463867188,5164000,GGAL
2019-08-20,15.300000190734863,15.739999771118164,14.800000190734863,15.140000343322754,12.883404731750488,3133000,GGAL
2019-08-21,15.34000015258789,15.720000267028809,15.100000381469727,15.59000015258789,13.26633358001709,1878400,GGAL
2019-08-22,15.5600004196167,15.899999618530273,15.430000305175781,15.550000190734863,13.232295989990234,1636400,GGAL
2019-08-23,15.539999961853027,15.739999771118164,14.579999923706055,14.6899995803833,12.500475883483887,1644700,GGAL
2019-08-26,14.890000343322754,15.100000381469727,13.90999984741211,13.949999809265137,11.870773315429688,1817500,GGAL
2019-08-27,13.699999809265137,13.850000381469727,12.819999694824219,12.869999885559082,10.951746940612793,4186700,GGAL
2019-08-28,12.539999961853027,13.109999656677246,12.359999656677246,12.739999771118164,10.841123580932617,2206700,GGAL
2019-08-29,12.300000190734863,12.899999618530273,11.4399995803833,11.899999618530273,10.126323699951172,4702700,GGAL
2019-08-30,11.970000267028809,11.970000267028809,10.819999694824219,10.84000015258789,9.224313735961914,3838200,GGAL
2019-09-03,11.760000228881836,11.850000381469727,9.529999732971191,9.569999694824219,8.143607139587402,6994500,GGAL
2019-09-04,9.970000267028809,11.380000114440918,9.579999923706055,11.050000190734863,9.403016090393066,4844300,GGAL
2019-09-05,11.170000076293945,11.670000076293945,10.930000305175781,11.449999809265137,9.743395805358887,5382000,GGAL
2019-09-06,11.5600004196167,12.270000457763672,11.5,11.729999542236328,9.981661796569824,3170600,GGAL
2019-09-09,11.930000305175781,12.470000267028809,11.5600004196167,11.800000190734863,10.041229248046875,1644100,GGAL
2019-09-10,11.520000457763672,12.300000190734863,11.5,11.899999618530273,10.126323699951172,1871200,GGAL
2019-09-11,11.979999542236328,12.140000343322754,11.399999618530273,12.020000457763672,10.228438377380371,1851600,GGAL
2019-09-12,12.0,12.289999961853027,11.65999984741211,11.779999732971191,10.024208068847656,1142000,GGAL
2019-09-13,11.979999542236328,12.239999771118164,11.010000228881836,11.130000114440918,9.471091270446777,1937400,GGAL
2019-09-16,10.989999771118164,11.9399995803833,10.600000381469727,11.829999923706055,10.066757202148438,1659500,GGAL
2019-09-17,11.710000038146973,12.130000114440918,11.510000228881836,12.029999732971191,10.236948013305664,1170000,GGAL
2019-09-18,12.010000228881836,12.1899995803833,11.579999923706055,11.84000015258789,10.075267791748047,1069900,GGAL
2019-09-19,11.550000190734863,12.460000038146973,11.329999923706055,12.229999542236328,10.407137870788574,2398200,GGAL
2019-09-20,12.430000305175781,12.729999542236328,11.760000228881836,11.899999618530273,10.126323699951172,2552100,GGAL
2019-09-23,11.779999732971191,12.119999885559082,11.430000305175781,11.869999885559082,10.100794792175293,912900,GGAL
2019-09-24,11.8100004196167,11.989999771118164,11.279999732971191,11.779999732971191,10.024208068847656,1486000,GGAL
2019-09-25,11.65999984741211,12.449999809265137,11.5600004196167,12.359999656677246,10.51776123046875,1273300,GGAL
2019-09-26,12.569999694824219,12.819999694824219,12.149999618530273,12.399999618530273,10.551798820495605,1340900,GGAL
2019-09-27,12.420000076293945,13.199999809265137,12.420000076293945,13.069999694824219,11.121935844421387,1784400,GGAL
2019-09-30,13.180000305175781,13.350000381469727,12.539999961853027,13.0,11.062370300292969,1535500,GGAL
2019-10-01,12.90999984741211,13.180000305175781,12.369999885559082,12.760000228881836,10.858141899108887,1268000,GGAL
2019-10-02,12.579999923706055,13.15999984741211,12.140000343322754,13.130000114440918,11.172993659973145,1251100,GGAL
2019-10-03,13.15999984741211,13.170000076293945,12.59000015258789,13.109999656677246,11.155975341796875,887500,GGAL
2019-10-04,13.050000190734863,13.520000457763672,12.890000343322754,13.510000228881836,11.496355056762695,1332300,GGAL
2019-10-07,13.449999809265137,13.989999771118164,13.300000190734863,13.359999656677246,11.368711471557617,1547900,GGAL
2019-10-08,13.380000114440918,13.380000114440918,12.609999656677246,12.710000038146973,10.815594673156738,1207000,GGAL
2019-10-09,12.779999732971191,12.949999809265137,12.430000305175781,12.75,10.849632263183594,938200,GGAL
2019-10-10,12.890000343322754,13.550000190734863,12.720000267028809,13.390000343322754,11.394242286682129,1207300,GGAL
2019-10-11,13.680000305175781,13.789999961853027,13.050000190734863,13.0600004196167,11.11342716217041,1013500,GGAL
2019-10-14,12.9399995803833,13.380000114440918,12.670000076293945,12.850000381469727,10.934727668762207,544500,GGAL
2019-10-15,12.899999618530273,13.289999961853027,12.770000457763672,13.239999771118164,11.26659870147705,1058400,GGAL
2019-10-16,13.239999771118164,13.380000114440918,12.6899995803833,12.850000381469727,10.934727668762207,806300,GGAL
2019-10-17,12.989999771118164,13.079999923706055,12.449999809265137,12.510000228881836,10.645403861999512,891000,GGAL
2019-10-18,12.460000038146973,12.619999885559082,12.279999732971191,12.510000228881836,10.645403861999512,789500,GGAL
2019-10-21,12.609999656677246,12.880000114440918,12.350000381469727,12.84000015258789,10.926218032836914,1198500,GGAL
2019-10-22,12.920000076293945,13.0,12.25,12.380000114440918,10.534780502319336,1056500,GGAL
2019-10-23,12.279999732971191,12.8100004196167,12.260000228881836,12.6899995803833,10.798574447631836,1272200,GGAL
2019-10-24,12.6899995803833,12.880000114440918,12.350000381469727,12.420000076293945,10.568819046020508,1071000,GGAL
2019-10-25,12.5,13.260000228881836,12.350000381469727,12.729999542236328,10.832612991333008,2160000,GGAL
2019-10-28,12.470000267028809,13.210000038146973,10.829999923706055,11.279999732971191,9.598733901977539,3640000,GGAL
2019-10-29,11.020000457763672,11.869999885559082,10.760000228881836,11.390000343322754,9.692338943481445,2554500,GGAL
2019-10-30,11.369999885559082,11.4399995803833,11.0,11.399999618530273,9.700846672058105,1021500,GGAL
2019-10-31,11.399999618530273,11.569999694824219,10.970000267028809,11.5600004196167,9.837000846862793,1044700,GGAL
2019-11-01,11.75,11.880000114440918,11.350000381469727,11.789999961853027,10.032718658447266,760000,GGAL
2019-11-04,12.0,12.789999961853027,11.869999885559082,12.539999961853027,10.67093276977539,1289000,GGAL
2019-11-05,12.6899995803833,13.0600004196167,12.539999961853027,12.680000305175781,10.790064811706543,775700,GGAL
2019-11-06,12.699999809265137,12.829999923706055,11.960000038146973,12.199999809265137,10.381608009338379,1103800,GGAL
2019-11-07,12.25,12.90999984741211,12.25,12.59000015258789,10.713480949401855,947400,GGAL
2019-11-08,12.65999984741211,12.710000038146973,12.279999732971191,12.40999984741211,10.560309410095215,785700,GGAL
2019-11-11,12.300000190734863,12.930000305175781,12.300000190734863,12.720000267028809,10.824104309082031,1100000,GGAL
2019-11-12,12.720000267028809,13.029999732971191,11.899999618530273,12.069999694824219,10.270984649658203,1269600,GGAL
2019-11-13,11.899999618530273,12.069999694824219,11.359999656677246,11.600000381469727,9.871038436889648,1325000,GGAL
2019-11-14,11.75,11.930000305175781,11.010000228881836,11.069999694824219,9.420032501220703,1053000,GGAL
2019-11-15,11.270000457763672,11.720000267028809,10.960000038146973,11.579999923706055,9.854019165039062,644600,GGAL
2019-11-18,11.5,11.729999542236328,11.15999984741211,11.380000114440918,9.683829307556152,665800,GGAL
2019-11-19,11.420000076293945,11.859999656677246,11.170000076293945,11.84000015258789,10.075267791748047,652400,GGAL
2019-11-20,12.079999923706055,12.739999771118164,11.960000038146973,12.539999961853027,10.67093276977539,1552200,GGAL
2019-11-21,12.619999885559082,12.739999771118164,12.210000038146973,12.6899995803833,10.798574447631836,854500,GGAL
2019-11-22,12.670000076293945,13.15999984741211,12.479999542236328,12.739999771118164,10.841123580932617,1189700,GGAL
2019-11-25,12.800000190734863,13.109999656677246,12.649999618530273,12.8100004196167,10.900688171386719,794000,GGAL
2019-11-26,12.739999771118164,12.949999809265137,12.399999618530273,12.899999618530273,10.977273941040039,2209400,GGAL
2019-11-27,12.880000114440918,13.880000114440918,12.75,13.779999732971191,11.72611141204834,1874900,GGAL
2019-11-29,13.9399995803833,13.9399995803833,13.260000228881836,13.359999656677246,11.368711471557617,647700,GGAL
2019-12-02,13.34000015258789,13.75,12.720000267028809,12.850000381469727,10.934727668762207,1075800,GGAL
2019-12-03,12.739999771118164,12.880000114440918,12.460000038146973,12.869999885559082,10.951746940612793,689700,GGAL
2019-12-04,12.920000076293945,13.649999618530273,12.84000015258789,13.420000076293945,11.419769287109375,1173200,GGAL
2019-12-05,13.520000457763672,13.579999923706055,13.020000457763672,13.229999542236328,11.258089065551758,1100600,GGAL
2019-12-06,13.390000343322754,13.970000267028809,13.350000381469727,13.800000190734863,11.743131637573242,1902200,GGAL
2019-12-09,14.039999961853027,14.279999732971191,13.640000343322754,14.050000190734863,11.9558687210083,1571400,GGAL
2019-12-10,13.970000267028809,14.0600004196167,13.170000076293945,13.25,11.275107383728027,1386200,GGAL
2019-12-11,13.40999984741211,13.59000015258789,13.069999694824219,13.199999809265137,11.232561111450195,734000,GGAL
2019-12-12,13.180000305175781,14.239999771118164,13.180000305175781,13.960000038146973,11.879283905029297,1594700,GGAL
2019-12-13,14.149999618530273,15.050000190734863,14.0,14.75,12.551534652709961,1666700,GGAL
2019-12-16,14.899999618530273,15.0,14.300000190734863,14.470000267028809,12.313267707824707,1856400,GGAL
2019-12-17,14.300000190734863,14.649999618530273,13.859999656677246,14.539999961853027,12.372834205627441,2092500,GGAL
2019-12-18,14.479999542236328,15.65999984741211,14.479999542236328,14.789999961853027,12.585573196411133,2599400,GGAL
2019-12-19,15.039999961853027,15.489999771118164,14.529999732971191,14.800000190734863,12.59408187866211,1841700,GGAL
2019-12-20,14.920000076293945,15.149999618530273,14.670000076293945,15.0,12.764272689819336,2112800,GGAL
2019-12-23,15.079999923706055,16.459999084472656,15.050000190734863,16.34000015258789,13.904547691345215,2435000,GGAL
2019-12-24,16.43000030517578,17.479999542236328,16.270000457763672,16.479999542236328,14.023680686950684,1699200,GGAL
2019-12-26,16.889999389648438,17.700000762939453,16.450000762939453,17.049999237060547,14.508720397949219,2750100,GGAL
2019-12-27,17.280000686645508,17.40999984741211,16.239999771118164,16.420000076293945,13.972623825073242,2101900,GGAL
2019-12-30,16.420000076293945,16.600000381469727,15.8100004196167,16.290000915527344,13.862001419067383,1379400,GGAL
2019-12-31,16.209999084472656,16.510000228881836,16.040000915527344,16.229999542236328,13.810942649841309,823800,GGAL
2020-01-02,16.350000381469727,16.760000228881836,16.1299991607666,16.40999984741211,13.96411418914795,2010900,GGAL
2020-01-03,16.020000457763672,16.270000457763672,15.380000114440918,15.800000190734863,13.445034980773926,1401500,GGAL
2020-01-06,15.510000228881836,16.260000228881836,15.399999618530273,15.970000267028809,13.589695930480957,958400,GGAL
2020-01-07,15.890000343322754,16.020000457763672,15.670000076293945,15.869999885559082,13.504600524902344,744100,GGAL
2020-01-08,15.729999542236328,16.40999984741211,15.729999542236328,16.040000915527344,13.649261474609375,1310400,GGAL
2020-01-09,16.149999618530273,16.729999542236328,16.100000381469727,16.649999618530273,14.168341636657715,1210200,GGAL
2020-01-10,16.81999969482422,16.889999389648438,16.350000381469727,16.3700008392334,13.930076599121094,879400,GGAL
2020-01-13,16.3700008392334,16.479999542236328,15.479999542236328,15.619999885559082,13.291862487792969,1529100,GGAL
2020-01-14,15.279999732971191,15.600000381469727,14.609999656677246,15.470000267028809,13.164219856262207,1982700,GGAL
2020-01-15,15.449999809265137,15.569999694824219,14.710000038146973,14.829999923706055,12.619610786437988,1322200,GGAL
2020-01-16,14.970000267028809,15.529999732971191,14.970000267028809,15.260000228881836,12.985519409179688,1241100,GGAL
2020-01-17,15.260000228881836,15.75,15.260000228881836,15.600000381469727,13.274843215942383,1358800,GGAL
2020-01-21,15.680000305175781,15.899999618530273,15.020000457763672,15.079999923706055,12.832348823547363,1260000,GGAL
2020-01-22,15.079999923706055,15.34000015258789,14.670000076293945,14.970000267028809,12.738743782043457,1321900,GGAL
2020-01-23,15.029999732971191,15.199999809265137,14.470000267028809,14.550000190734863,12.381343841552734,986200,GGAL
2020-01-24,14.5,14.600000381469727,13.9399995803833,13.989999771118164,11.90481185913086,714400,GGAL
2020-01-27,13.5,13.850000381469727,13.239999771118164,13.75,11.700582504272461,1048600,GGAL
2020-01-28,13.979999542236328,14.520000457763672,13.789999961853027,14.449999809265137,12.296249389648438,825400,GGAL
2020-01-29,14.5600004196167,14.960000038146973,14.399999618530273,14.40999984741211,12.262211799621582,781900,GGAL
2020-01-30,14.260000228881836,14.850000381469727,14.109999656677246,14.84000015258789,12.628120422363281,508600,GGAL
2020-01-31,14.609999656677246,14.65999984741211,14.0,14.350000381469727,12.211153984069824,675200,GGAL
2020-02-03,14.5,15.380000114440918,14.470000267028809,15.1899995803833,12.92595386505127,963700,GGAL
2020-02-04,15.5,15.800000190734863,14.510000228881836,14.800000190734863,12.59408187866211,2161700,GGAL
2020-02-05,14.899999618530273,15.109999656677246,14.609999656677246,14.729999542236328,12.534515380859375,934000,GGAL
2020-02-06,14.869999885559082,15.199999809265137,14.529999732971191,14.800000190734863,12.59408187866211,601600,GGAL
2020-02-07,15.149999618530273,15.350000381469727,14.720000267028809,14.979999542236328,12.747252464294434,933500,GGAL
2020-02-10,14.979999542236328,15.210000038146973,14.789999961853027,14.989999771118164,12.755762100219727,332300,GGAL
2020-02-11,14.800000190734863,15.010000228881836,14.329999923706055,14.65999984741211,12.474947929382324,875400,GGAL
2020-02-12,14.699999809265137,14.880000114440918,14.5,14.8100004196167,12.602591514587402,600400,GGAL
2020-02-13,14.510000228881836,14.510000228881836,13.430000305175781,13.579999923706055,11.555920600891113,2236000,GGAL
2020-02-14,13.710000038146973,13.960000038146973,13.5600004196167,13.789999961853027,11.734620094299316,964300,GGAL
2020-02-18,13.670000076293945,14.0,13.510000228881836,13.699999809265137,11.658036231994629,592200,GGAL
2020-02-19,13.819999694824219,14.380000114440918,13.760000228881836,14.09000015258789,11.989906311035156,749000,GGAL
2020-02-20,14.0,14.449999809265137,13.760000228881836,14.3100004196167,12.177115440368652,1577900,GGAL
2020-02-21,14.1899995803833,14.539999961853027,14.020000457763672,14.489999771118164,12.330286979675293,768200,GGAL
2020-02-24,14.029999732971191,14.239999771118164,13.699999809265137,13.949999809265137,11.870773315429688,754700,GGAL
2020-02-25,14.149999618530273,14.149999618530273,13.210000038146973,13.25,11.275107383728027,1016600,GGAL
2020-02-26,13.399999618530273,13.800000190734863,13.170000076293945,13.300000190734863,11.317654609680176,739800,GGAL
2020-02-27,12.970000267028809,13.460000038146973,12.630000114440918,13.029999732971191,11.087899208068848,892700,GGAL
2020-02-28,12.399999618530273,12.859999656677246,12.079999923706055,12.640000343322754,10.756027221679688,1681300,GGAL
2020-03-02,12.65999984741211,13.140000343322754,12.390000343322754,13.079999923706055,11.13044548034668,761800,GGAL
2020-03-03,13.079999923706055,13.5600004196167,12.6899995803833,12.960000038146973,11.02833080291748,1067600,GGAL
2020-03-04,13.149999618530273,13.600000381469727,13.039999961853027,13.569999694824219,11.547411918640137,484000,GGAL
2020-03-05,13.1899995803833,13.390000343322754,13.020000457763672,13.1899995803833,11.224050521850586,579300,GGAL
2020-03-06,12.670000076293945,13.029999732971191,12.180000305175781,12.220000267028809,10.398627281188965,880700,GGAL
2020-03-09,11.100000381469727,11.479999542236328,9.960000038146973,9.960000038146973,8.475476264953613,1922400,GGAL
2020-03-10,10.449999809265137,11.170000076293945,10.229999542236328,11.0600004196167,9.411524772644043,1225200,GGAL
2020-03-11,10.630000114440918,10.819999694824219,9.9399995803833,10.15999984741211,8.645668029785156,781800,GGAL
2020-03-12,9.0,9.350000381469727,8.449999809265137,8.729999542236328,7.428806304931641,1314600,GGAL
2020-03-13,9.569999694824219,9.899999618530273,8.819999694824219,9.210000038146973,7.837263584136963,1199400,GGAL
2020-03-16,7.71999979019165,8.59000015258789,7.099999904632568,7.139999866485596,6.0757927894592285,2177100,GGAL
2020-03-17,7.320000171661377,7.789999961853027,6.800000190734863,7.639999866485596,6.501270294189453,1609600,GGAL
2020-03-18,6.909999847412109,7.099999904632568,5.889999866485596,6.079999923706055,5.173785209655762,2319500,GGAL
2020-03-19,5.900000095367432,6.900000095367432,5.849999904632568,6.099999904632568,5.1908040046691895,1430500,GGAL
2020-03-20,6.329999923706055,7.440000057220459,6.099999904632568,6.809999942779541,5.794979572296143,1928400,GGAL
2020-03-23,6.769999980926514,6.789999961853027,6.269999980926514,6.449999809265137,5.4886369705200195,874700,GGAL
2020-03-24,6.739999771118164,7.550000190734863,6.710000038146973,7.269999980926514,6.186417102813721,1009500,GGAL
2020-03-25,7.5,8.029999732971191,7.25,7.619999885559082,6.484250068664551,1058500,GGAL
2020-03-26,7.829999923706055,8.1899995803833,7.679999828338623,7.849999904632568,6.679969310760498,930800,GGAL
2020-03-27,7.420000076293945,7.53000020980835,6.739999771118164,6.739999771118164,5.735413074493408,901900,GGAL
2020-03-30,7.039999961853027,7.070000171661377,6.449999809265137,6.730000019073486,5.726903915405273,830300,GGAL
2020-03-31,6.710000038146973,7.420000076293945,6.710000038146973,7.050000190734863,5.999208450317383,992400,GGAL
2020-04-01,6.730000019073486,6.929999828338623,6.510000228881836,6.789999961853027,5.777960300445557,722300,GGAL
2020-04-02,6.769999980926514,7.230000019073486,6.550000190734863,7.199999809265137,6.1268510818481445,676400,GGAL
2020-04-03,7.199999809265137,7.360000133514404,6.980000019073486,7.340000152587891,6.2459845542907715,806000,GGAL
2020-04-06,7.559999942779541,7.820000171661377,6.860000133514404,7.010000228881836,5.965169906616211,1123300,GGAL
2020-04-07,7.380000114440918,7.590000152587891,6.78000020980835,6.929999828338623,5.897093296051025,1346900,GGAL
2020-04-08,7.090000152587891,7.239999771118164,7.0,7.199999809265137,6.1268510818481445,993900,GGAL
2020-04-09,7.420000076293945,7.539999961853027,6.869999885559082,7.090000152587891,6.0332465171813965,824800,GGAL
2020-04-13,7.099999904632568,7.179999828338623,6.599999904632568,6.829999923706055,5.81199836730957,891400,GGAL
2020-04-14,6.960000038146973,7.230000019073486,6.800000190734863,7.119999885559082,6.058773994445801,896100,GGAL
2020-04-15,6.860000133514404,7.75,6.590000152587891,7.579999923706055,6.450212478637695,1518700,GGAL
2020-04-16,7.480000019073486,7.599999904632568,7.070000171661377,7.480000019073486,6.365117073059082,1241700,GGAL
2020-04-17,7.699999809265137,7.78000020980835,7.159999847412109,7.329999923706055,6.237473964691162,1751400,GGAL
2020-04-20,7.119999885559082,7.619999885559082,6.849999904632568,7.320000171661377,6.228964805603027,1542900,GGAL
2020-04-21,7.199999809265137,7.230000019073486,6.849999904632568,6.849999904632568,5.8290181159973145,1157400,GGAL
2020-04-22,7.019999980926514,7.150000095367432,6.619999885559082,6.670000076293945,5.675846576690674,1070900,GGAL
2020-04-23,6.699999809265137,6.71999979019165,6.199999809265137,6.300000190734863,5.360995292663574,2151000,GGAL
2020-04-24,6.300000190734863,6.46999979019165,6.0,6.099999904632568,5.1908040046691895,1468400,GGAL
2020-04-27,6.210000038146973,6.389999866485596,5.659999847412109,5.929999828338623,5.046142101287842,2267500,GGAL
2020-04-28,6.0,7.090000152587891,6.0,6.980000019073486,5.939641952514648,2273100,GGAL
2020-04-29,7.519999980926514,7.800000190734863,7.230000019073486,7.480000019073486,6.365117073059082,1765900,GGAL
2020-04-30,7.400000095367432,7.769999980926514,6.960000038146973,7.119999885559082,6.058773994445801,1247200,GGAL
2020-05-01,6.920000076293945,7.03000020980835,6.360000133514404,6.630000114440918,5.64180850982666,926700,GGAL
2020-05-04,6.670000076293945,7.099999904632568,6.5,7.059999942779541,6.007717609405518,1179300,GGAL
2020-05-05,7.179999828338623,7.46999979019165,6.789999961853027,6.900000095367432,5.871565818786621,1185100,GGAL
2020-05-06,6.900000095367432,7.400000095367432,6.570000171661377,7.25,6.169398784637451,1112200,GGAL
2020-05-07,7.329999923706055,8.220000267028809,7.070000171661377,7.840000152587891,6.6714606285095215,2172200,GGAL
2020-05-08,8.0,8.430000305175781,7.880000114440918,8.100000381469727,6.892707347869873,1707900,GGAL
2020-05-11,7.980000019073486,8.880000114440918,7.690000057220459,8.8100004196167,7.496883392333984,1600500,GGAL
2020-05-12,9.0,9.430000305175781,8.65999984741211,8.729999542236328,7.428806304931641,2137500,GGAL
2020-05-13,8.720000267028809,8.75,7.659999847412109,7.929999828338623,6.748045444488525,3288000,GGAL
2020-05-14,7.769999980926514,8.670000076293945,7.559999942779541,8.460000038146973,7.199049472808838,1957100,GGAL
2020-05-15,8.460000038146973,8.789999961853027,8.15999984741211,8.399999618530273,7.1479926109313965,1555900,GGAL
2020-05-18,9.109999656677246,9.140000343322754,8.640000343322754,8.890000343322754,7.564959526062012,1479400,GGAL
2020-05-19,8.800000190734863,8.880000114440918,8.149999618530273,8.489999771118164,7.224577903747559,1643100,GGAL
2020-05-20,8.619999885559082,9.029999732971191,8.479999542236328,8.760000228881836,7.454336166381836,1494500,GGAL
2020-05-21,8.760000228881836,9.609999656677246,8.489999771118164,9.380000114440918,7.981925964355469,1978000,GGAL
2020-05-22,9.270000457763672,9.739999771118164,8.850000381469727,9.510000228881836,8.092549324035645,1756000,GGAL
2020-05-26,9.699999809265137,9.989999771118164,9.319999694824219,9.529999732971191,8.109567642211914,1996100,GGAL
2020-05-27,9.800000190734863,9.880000114440918,9.069999694824219,9.65999984741211,8.220191955566406,1734400,GGAL
2020-05-28,9.65999984741211,9.65999984741211,8.729999542236328,8.829999923706055,7.513902187347412,3547900,GGAL
2020-05-29,8.9399995803833,8.9399995803833,7.889999866485596,8.010000228881836,6.816121578216553,14391500,GGAL
2020-06-01,8.399999618530273,8.960000038146973,8.239999771118164,8.529999732971191,7.258616924285889,2156700,GGAL
2020-06-02,8.649999618530273,9.569999694824219,8.59000015258789,9.390000343322754,7.990437030792236,2081000,GGAL
2020-06-03,9.5,10.279999732971191,9.300000190734863,10.15999984741211,8.645668029785156,2705000,GGAL
2020-06-04,10.210000038146973,10.319999694824219,9.6899995803833,10.180000305175781,8.662687301635742,2174600,GGAL
2020-06-05,10.640000343322754,10.9399995803833,10.270000457763672,10.369999885559082,8.824368476867676,1903000,GGAL
2020-06-08,10.8100004196167,11.619999885559082,10.609999656677246,11.5,9.785943031311035,2425000,GGAL
2020-06-09,10.949999809265137,11.029999732971191,10.34000015258789,10.770000457763672,9.164748191833496,2111900,GGAL
2020-06-10,10.630000114440918,11.210000038146973,10.220000267028809,10.859999656677246,9.241334915161133,1717000,GGAL
2020-06-11,10.5,10.739999771118164,9.970000267028809,9.979999542236328,8.4924955368042,1718600,GGAL
2020-06-12,10.510000228881836,10.84000015258789,10.119999885559082,10.75,9.14772891998291,1345000,GGAL
2020-06-15,10.220000267028809,10.5,10.15999984741211,10.430000305175781,8.875425338745117,965600,GGAL
2020-06-16,10.920000076293945,10.989999771118164,10.3100004196167,10.390000343322754,8.841386795043945,1404300,GGAL
2020-06-17,10.369999885559082,10.539999961853027,10.050000190734863,10.0600004196167,8.56057357788086,1433700,GGAL
2020-06-18,9.460000038146973,9.84000015258789,9.3100004196167,9.329999923706055,7.939377307891846,2356900,GGAL
2020-06-19,9.59000015258789,10.289999961853027,9.460000038146973,10.220000267028809,8.696724891662598,3029400,GGAL
2020-06-22,10.279999732971191,10.399999618530273,9.5600004196167,9.850000381469727,8.38187313079834,1566200,GGAL
2020-06-23,10.0,10.640000343322754,9.90999984741211,10.239999771118164,8.713744163513184,1507000,GGAL
2020-06-24,10.350000381469727,10.5600004196167,9.979999542236328,10.039999961853027,8.543553352355957,1756800,GGAL
2020-06-25,10.09000015258789,10.890000343322754,9.930000305175781,10.670000076293945,9.079654693603516,1647700,GGAL
2020-06-26,10.75,10.770000457763672,10.170000076293945,10.210000038146973,8.688216209411621,917400,GGAL
2020-06-29,10.350000381469727,10.5600004196167,10.170000076293945,10.329999923706055,8.790328979492188,889800,GGAL
2020-06-30,10.300000190734863,10.539999961853027,9.529999732971191,9.699999809265137,8.254229545593262,1672800,GGAL
2020-07-01,9.630000114440918,9.960000038146973,9.529999732971191,9.770000457763672,8.313797950744629,970000,GGAL
2020-07-02,9.970000267028809,10.0600004196167,9.220000267028809,9.220000267028809,7.845774173736572,1909700,GGAL
2020-07-06,10.350000381469727,11.40999984741211,9.760000228881836,11.319999694824219,9.632770538330078,3866800,GGAL
2020-07-07,11.170000076293945,11.170000076293945,10.670000076293945,10.890000343322754,9.266862869262695,2270600,GGAL
2020-07-08,10.960000038146973,11.140000343322754,10.770000457763672,11.029999732971191,9.385994911193848,989700,GGAL
2020-07-09,11.0,11.0,10.479999542236328,10.520000457763672,8.952011108398438,843900,GGAL
2020-07-10,10.670000076293945,11.489999771118164,10.5,11.369999885559082,9.67531967163086,1285600,GGAL
2020-07-13,11.609999656677246,12.119999885559082,11.329999923706055,11.34000015258789,9.649789810180664,2709700,GGAL
2020-07-14,11.289999961853027,11.289999961853027,10.920000076293945,11.270000457763672,9.590225219726562,1504300,GGAL
2020-07-15,11.5,11.739999771118164,11.420000076293945,11.680000305175781,9.939114570617676,1274500,GGAL
2020-07-16,11.470000267028809,11.65999984741211,11.260000228881836,11.510000228881836,9.794452667236328,634400,GGAL
2020-07-17,11.479999542236328,11.609999656677246,11.0,11.229999542236328,9.556184768676758,1337900,GGAL
2020-07-20,11.079999923706055,11.380000114440918,10.8100004196167,10.890000343322754,9.266862869262695,1123700,GGAL
2020-07-21,10.829999923706055,11.6899995803833,10.770000457763672,11.359999656677246,9.666810035705566,2429000,GGAL
2020-07-22,11.380000114440918,12.380000114440918,11.130000114440918,12.300000190734863,10.466703414916992,1762700,GGAL
2020-07-23,12.3100004196167,13.010000228881836,12.050000190734863,12.470000267028809,10.61136531829834,2047300,GGAL
2020-07-24,12.5,13.0,12.270000457763672,12.470000267028809,10.61136531829834,1359300,GGAL
2020-07-27,12.449999809265137,13.1899995803833,12.25,12.770000457763672,10.86665153503418,1180400,GGAL
2020-07-28,12.65999984741211,12.829999923706055,12.170000076293945,12.220000267028809,10.398627281188965,985100,GGAL
2020-07-29,12.34000015258789,12.579999923706055,12.0600004196167,12.319999694824219,10.483721733093262,669200,GGAL
2020-07-30,12.0,12.1899995803833,11.579999923706055,12.119999885559082,10.313532829284668,1206200,GGAL
2020-07-31,12.140000343322754,12.260000228881836,11.850000381469727,12.0,10.211419105529785,745500,GGAL
2020-08-03,11.550000190734863,13.760000228881836,11.399999618530273,13.270000457763672,11.292126655578613,3159700,GGAL
2020-08-04,14.75,14.9399995803833,12.829999923706055,13.050000190734863,11.1049165725708,5395200,GGAL
2020-08-05,13.279999732971191,13.760000228881836,12.569999694824219,12.649999618530273,10.76453685760498,1835300,GGAL
2020-08-06,12.569999694824219,12.75,12.279999732971191,12.6899995803833,10.798574447631836,1113300,GGAL
2020-08-07,12.75,12.859999656677246,12.369999885559082,12.850000381469727,10.934727668762207,968300,GGAL
2020-08-10,12.609999656677246,13.220000267028809,12.369999885559082,12.4399995803833,10.585836410522461,814800,GGAL
2020-08-11,12.600000381469727,12.680000305175781,11.819999694824219,11.859999656677246,10.092284202575684,1350100,GGAL
2020-08-12,12.149999618530273,12.239999771118164,11.220000267028809,11.460000038146973,9.751904487609863,1762700,GGAL
2020-08-13,11.329999923706055,11.970000267028809,11.289999961853027,11.529999732971191,9.811470985412598,918300,GGAL
2020-08-14,11.630000114440918,11.630000114440918,11.25,11.369999885559082,9.67531967163086,622100,GGAL
2020-08-17,11.270000457763672,11.40999984741211,10.720000267028809,10.789999961853027,9.181767463684082,1030600,GGAL
2020-08-18,10.829999923706055,11.039999961853027,10.5600004196167,10.65999984741211,9.071144104003906,1013600,GGAL
2020-08-19,10.65999984741211,10.930000305175781,10.140000343322754,10.369999885559082,8.824368476867676,1258500,GGAL
2020-08-20,10.229999542236328,10.4399995803833,10.100000381469727,10.25,8.722254753112793,1465000,GGAL
2020-08-21,10.25,10.520000457763672,9.859999656677246,10.109999656677246,8.603118896484375,1508100,GGAL
2020-08-24,10.15999984741211,10.25,9.600000381469727,10.0600004196167,8.56057357788086,1306800,GGAL
2020-08-25,10.1899995803833,10.25,9.75,10.170000076293945,8.654179573059082,1204600,GGAL
2020-08-26,10.149999618530273,10.359999656677246,9.850000381469727,10.039999961853027,8.543553352355957,923200,GGAL
2020-08-27,10.100000381469727,10.15999984741211,9.829999923706055,9.899999618530273,8.424419403076172,585200,GGAL
2020-08-28,10.0,10.609999656677246,9.960000038146973,10.600000381469727,9.020087242126465,949300,GGAL
2020-08-31,10.770000457763672,10.789999961853027,10.1899995803833,10.329999923706055,8.790328979492188,1591100,GGAL
2020-09-01,10.59000015258789,10.600000381469727,10.25,10.399999618530273,8.849896430969238,579500,GGAL
2020-09-02,10.399999618530273,10.420000076293945,9.859999656677246,10.109999656677246,8.603118896484375,1222100,GGAL
2020-09-03,10.1899995803833,10.529999732971191,10.069999694824219,10.279999732971191,8.747780799865723,920300,GGAL
2020-09-04,10.460000038146973,10.5,10.010000228881836,10.180000305175781,8.662687301635742,757800,GGAL
2020-09-08,9.930000305175781,10.430000305175781,9.770000457763672,10.260000228881836,8.73076343536377,753300,GGAL
2020-09-09,10.319999694824219,10.520000457763672,10.15999984741211,10.279999732971191,8.747780799865723,816700,GGAL
2020-09-10,10.369999885559082,10.609999656677246,10.210000038146973,10.25,8.722254753112793,900300,GGAL
2020-09-11,10.359999656677246,10.359999656677246,9.720000267028809,9.739999771118164,8.288267135620117,1001800,GGAL
2020-09-14,9.710000038146973,9.739999771118164,9.199999809265137,9.210000038146973,7.837263584136963,1711200,GGAL
2020-09-15,9.220000267028809,9.380000114440918,8.819999694824219,9.170000076293945,7.803225040435791,1635100,GGAL
2020-09-16,8.569999694824219,8.829999923706055,8.270000457763672,8.359999656677246,7.113954544067383,2937000,GGAL
2020-09-17,8.180000305175781,8.220000267028809,7.829999923706055,7.880000114440918,6.705498218536377,1690700,GGAL
2020-09-18,7.989999771118164,8.09000015258789,7.690000057220459,7.860000133514404,6.688479900360107,3220500,GGAL
2020-09-21,7.659999847412109,7.699999809265137,7.400000095367432,7.599999904632568,6.467231750488281,1522300,GGAL
2020-09-22,7.639999866485596,7.78000020980835,7.21999979019165,7.25,6.169398784637451,1276600,GGAL
2020-09-23,7.329999923706055,7.630000114440918,6.840000152587891,6.860000133514404,5.837528228759766,1511700,GGAL
2020-09-24,6.909999847412109,7.800000190734863,6.71999979019165,7.630000114440918,6.492759704589844,2650300,GGAL
2020-09-25,7.690000057220459,7.769999980926514,7.210000038146973,7.400000095367432,6.297040939331055,1740200,GGAL
2020-09-28,7.440000057220459,7.730000019073486,7.21999979019165,7.230000019073486,6.152378559112549,1272200,GGAL
2020-09-29,7.110000133514404,7.349999904632568,6.96999979019165,7.159999847412109,6.092812538146973,1088700,GGAL
2020-09-30,7.389999866485596,7.480000019073486,7.130000114440918,7.239999771118164,6.160888195037842,779000,GGAL
2020-10-01,7.239999771118164,7.510000228881836,7.170000076293945,7.420000076293945,6.314060211181641,919200,GGAL
2020-10-02,7.289999961853027,7.460000038146973,7.159999847412109,7.289999961853027,6.203436851501465,551700,GGAL
2020-10-05,7.340000152587891,7.489999771118164,7.03000020980835,7.119999885559082,6.058773994445801,1320000,GGAL
2020-10-06,7.170000076293945,7.389999866485596,6.880000114440918,6.909999847412109,5.880074501037598,1104800,GGAL
2020-10-07,6.96999979019165,7.199999809265137,6.829999923706055,7.059999942779541,6.007717609405518,636500,GGAL
2020-10-08,7.130000114440918,7.340000152587891,7.010000228881836,7.25,6.169398784637451,572500,GGAL
2020-10-09,7.28000020980835,7.300000190734863,6.980000019073486,7.059999942779541,6.076444149017334,692500,GGAL
2020-10-12,7.010000228881836,7.070000171661377,6.820000171661377,7.0,6.0248026847839355,616500,GGAL
2020-10-13,6.949999809265137,6.949999809265137,6.679999828338623,6.789999961853027,5.844058513641357,906300,GGAL
2020-10-14,6.880000114440918,6.989999771118164,6.539999961853027,6.610000133514404,5.689135551452637,1491000,GGAL
2020-10-15,6.559999942779541,6.820000171661377,6.449999809265137,6.559999942779541,5.646101474761963,934600,GGAL
2020-10-16,6.550000190734863,6.909999847412109,6.380000114440918,6.760000228881836,5.818238735198975,1075100,GGAL
2020-10-19,6.760000228881836,7.170000076293945,6.710000038146973,6.889999866485596,5.9301276206970215,1290600,GGAL
2020-10-20,7.039999961853027,7.25,6.579999923706055,6.610000133514404,5.689135551452637,1260000,GGAL
2020-10-21,6.570000171661377,6.639999866485596,6.409999847412109,6.489999771118164,5.585853099822998,1120400,GGAL
2020-10-22,6.510000228881836,6.739999771118164,6.349999904632568,6.599999904632568,5.6805291175842285,978100,GGAL
2020-10-23,6.630000114440918,6.78000020980835,6.489999771118164,6.650000095367432,5.723562717437744,554600,GGAL
2020-10-26,6.599999904632568,6.789999961853027,6.519999980926514,6.71999979019165,5.783810615539551,718500,GGAL
2020-10-27,6.670000076293945,6.880000114440918,6.360000133514404,6.360000133514404,5.473964691162109,696100,GGAL
2020-10-28,6.190000057220459,6.5,5.860000133514404,6.119999885559082,5.267399311065674,1204000,GGAL
2020-10-29,6.110000133514404,6.409999847412109,6.010000228881836,6.309999942779541,5.430929660797119,1028500,GGAL
2020-10-30,6.28000020980835,6.320000171661377,6.150000095367432,6.260000228881836,5.387895584106445,677700,GGAL
2020-11-02,6.5,7.079999923706055,6.440000057220459,6.940000057220459,5.973161697387695,1639200,GGAL
2020-11-03,7.190000057220459,7.389999866485596,6.929999828338623,7.050000190734863,6.067837715148926,1370400,GGAL
2020-11-04,7.090000152587891,7.179999828338623,6.909999847412109,7.019999980926514,6.042016506195068,737400,GGAL
2020-11-05,7.150000095367432,7.639999866485596,7.110000133514404,7.519999980926514,6.472359657287598,1701000,GGAL
2020-11-06,7.599999904632568,7.670000076293945,7.28000020980835,7.610000133514404,6.549821376800537,1046000,GGAL
2020-11-09,8.149999618530273,8.6899995803833,8.09000015258789,8.09000015258789,6.96295166015625,1511300,GGAL
2020-11-10,8.260000228881836,8.920000076293945,8.020000457763672,8.800000190734863,7.574038505554199,2131700,GGAL
2020-11-11,8.75,8.779999732971191,8.279999732971191,8.300000190734863,7.14369535446167,1158500,GGAL
2020-11-12,8.270000457763672,8.399999618530273,7.849999904632568,7.909999847412109,6.808027267456055,1186900,GGAL
2020-11-13,7.869999885559082,8.279999732971191,7.869999885559082,8.260000228881836,7.109267711639404,687700,GGAL
2020-11-16,8.59000015258789,8.59000015258789,8.220000267028809,8.369999885559082,7.203943252563477,724000,GGAL
2020-11-17,8.239999771118164,8.649999618530273,8.069999694824219,8.609999656677246,7.410508155822754,819300,GGAL
2020-11-18,8.5,8.579999923706055,8.140000343322754,8.1899995803833,7.0490193367004395,712000,GGAL
2020-11-19,8.1899995803833,8.510000228881836,8.109999656677246,8.329999923706055,7.169516086578369,594700,GGAL
2020-11-20,8.300000190734863,8.380000114440918,8.0,8.119999885559082,6.988771438598633,609500,GGAL
2020-11-23,8.470000267028809,8.529999732971191,8.260000228881836,8.3100004196167,7.152302265167236,706000,GGAL
2020-11-24,8.5,8.989999771118164,8.479999542236328,8.819999694824219,7.59125280380249,1220200,GGAL
2020-11-25,8.859999656677246,8.859999656677246,8.449999809265137,8.760000228881836,7.539611339569092,472000,GGAL
2020-11-27,8.770000457763672,9.149999618530273,8.729999542236328,9.069999694824219,7.806422233581543,490600,GGAL
2020-11-30,9.079999923706055,9.100000381469727,8.579999923706055,8.609999656677246,7.410508155822754,620700,GGAL
2020-12-01,8.869999885559082,9.100000381469727,8.8100004196167,8.859999656677246,7.625679969787598,593300,GGAL
2020-12-02,8.770000457763672,9.270000457763672,8.6899995803833,9.119999885559082,7.849458694458008,570200,GGAL
2020-12-03,9.100000381469727,9.279999732971191,8.9399995803833,8.970000267028809,7.720355987548828,479000,GGAL
2020-12-04,9.020000457763672,9.180000305175781,8.949999809265137,9.079999923706055,7.815030574798584,567600,GGAL
2020-12-07,9.069999694824219,9.109999656677246,8.869999885559082,8.949999809265137,7.703141212463379,477900,GGAL
2020-12-08,9.0,9.0600004196167,8.609999656677246,8.720000267028809,7.505184173583984,381800,GGAL
2020-12-09,8.90999984741211,8.949999809265137,8.579999923706055,8.789999961853027,7.565433025360107,628700,GGAL
2020-12-10,8.789999961853027,9.399999618530273,8.710000038146973,9.380000114440918,8.073237419128418,859100,GGAL
2020-12-11,9.220000267028809,9.369999885559082,8.949999809265137,8.989999771118164,7.7375688552856445,520800,GGAL
2020-12-14,9.0600004196167,9.270000457763672,8.760000228881836,8.8100004196167,7.582645893096924,539700,GGAL
2020-12-15,8.949999809265137,9.0600004196167,8.75,9.0600004196167,7.797816753387451,381700,GGAL
2020-12-16,9.050000190734863,9.069999694824219,8.859999656677246,9.039999961853027,7.780603885650635,461700,GGAL
2020-12-17,9.010000228881836,9.079999923706055,8.850000381469727,8.899999618530273,7.660107612609863,530300,GGAL
2020-12-18,8.890000343322754,8.949999809265137,8.600000381469727,8.729999542236328,7.513789653778076,868600,GGAL
2020-12-21,8.489999771118164,8.600000381469727,8.15999984741211,8.470000267028809,7.290010929107666,570500,GGAL
2020-12-22,8.529999732971191,8.850000381469727,8.380000114440918,8.449999809265137,7.27279806137085,633600,GGAL
2020-12-23,8.479999542236328,8.789999961853027,8.479999542236328,8.6899995803833,7.479363441467285,356600,GGAL
2020-12-24,8.729999542236328,8.819999694824219,8.569999694824219,8.680000305175781,7.470756530761719,181500,GGAL
2020-12-28,8.649999618530273,8.880000114440918,8.640000343322754,8.670000076293945,7.462149143218994,499100,GGAL
2020-12-29,8.670000076293945,9.199999809265137,8.670000076293945,9.130000114440918,7.858065128326416,1027900,GGAL
2020-12-30,9.180000305175781,9.34000015258789,8.829999923706055,8.880000114440918,7.642893314361572,767100,GGAL
2020-12-31,8.880000114440918,8.949999809265137,8.510000228881836,8.739999771118164,7.522397518157959,696800,GGAL
2021-01-04,8.75,8.75,8.199999809265137,8.279999732971191,7.126481533050537,1137500,GGAL
2021-01-05,8.170000076293945,8.399999618530273,8.100000381469727,8.1899995803833,7.0490193367004395,469000,GGAL
2021-01-06,8.300000190734863,8.539999961853027,8.170000076293945,8.3100004196167,7.152302265167236,593800,GGAL
2021-01-07,8.449999809265137,8.539999961853027,8.109999656677246,8.319999694824219,7.160908222198486,828000,GGAL
2021-01-08,8.350000381469727,8.4399995803833,8.130000114440918,8.220000267028809,7.074840068817139,429100,GGAL
2021-01-11,8.100000381469727,8.130000114440918,7.860000133514404,7.940000057220459,6.833848476409912,836800,GGAL
2021-01-12,7.980000019073486,8.210000038146973,7.960000038146973,8.109999656677246,6.980164527893066,731500,GGAL
2021-01-13,8.09000015258789,8.34000015258789,8.039999961853027,8.100000381469727,6.971558094024658,450700,GGAL
2021-01-14,8.130000114440918,8.270000457763672,8.0,8.270000457763672,7.117874622344971,464000,GGAL
2021-01-15,8.15999984741211,8.239999771118164,7.989999771118164,8.0,6.885488986968994,397500,GGAL
2021-01-19,8.0600004196167,8.0600004196167,7.75,7.78000020980835,6.696138381958008,539400,GGAL
2021-01-20,7.78000020980835,7.949999809265137,7.619999885559082,7.880000114440918,6.782207489013672,552800,GGAL
2021-01-21,7.940000057220459,7.940000057220459,7.53000020980835,7.610000133514404,6.549821376800537,663900,GGAL
2021-01-22,7.460000038146973,7.699999809265137,7.400000095367432,7.480000019073486,6.437932014465332,560300,GGAL
2021-01-25,7.460000038146973,7.519999980926514,7.269999980926514,7.380000114440918,6.351863861083984,367800,GGAL
2021-01-26,7.460000038146973,7.880000114440918,7.460000038146973,7.78000020980835,6.696138381958008,805700,GGAL
2021-01-27,7.650000095367432,7.920000076293945,7.5,7.710000038146973,6.635890483856201,648000,GGAL
2021-01-28,7.769999980926514,7.949999809265137,7.730000019073486,7.75,6.670317649841309,267300,GGAL
2021-01-29,7.730000019073486,7.800000190734863,7.440000057220459,7.460000038146973,6.420717716217041,411800,GGAL
2021-02-01,7.599999904632568,7.880000114440918,7.550000190734863,7.860000133514404,6.764994144439697,394200,GGAL
2021-02-02,7.920000076293945,7.980000019073486,7.71999979019165,7.78000020980835,6.696138381958008,473000,GGAL
2021-02-03,7.78000020980835,7.880000114440918,7.659999847412109,7.78000020980835,6.696138381958008,293800,GGAL
2021-02-04,7.800000190734863,8.039999961853027,7.690000057220459,8.020000457763672,6.902702808380127,634700,GGAL
2021-02-05,8.0600004196167,8.279999732971191,7.96999979019165,8.270000457763672,7.117874622344971,679800,GGAL
2021-02-08,8.319999694824219,8.550000190734863,8.1899995803833,8.3100004196167,7.152302265167236,960900,GGAL
2021-02-09,8.3100004196167,8.319999694824219,8.140000343322754,8.270000457763672,7.117874622344971,342600,GGAL
2021-02-10,8.260000228881836,8.319999694824219,8.079999923706055,8.130000114440918,6.997379302978516,383900,GGAL
2021-02-11,8.15999984741211,8.319999694824219,8.069999694824219,8.300000190734863,7.14369535446167,575000,GGAL
2021-02-12,8.319999694824219,8.489999771118164,8.050000190734863,8.279999732971191,7.126481533050537,641400,GGAL
2021-02-16,8.300000190734863,8.6899995803833,8.300000190734863,8.59000015258789,7.393294811248779,957900,GGAL
2021-02-17,8.520000457763672,8.729999542236328,8.359999656677246,8.630000114440918,7.4277215003967285,417500,GGAL
2021-02-18,8.510000228881836,9.15999984741211,8.449999809265137,8.720000267028809,7.505184173583984,1719900,GGAL
2021-02-19,8.8100004196167,9.050000190734863,8.579999923706055,8.630000114440918,7.4277215003967285,1012100,GGAL
2021-02-22,8.649999618530273,8.649999618530273,8.020000457763672,8.029999732971191,6.911310195922852,1075800,GGAL
2021-02-23,8.039999961853027,8.430000305175781,7.800000190734863,7.949999809265137,6.842453956604004,1460700,GGAL
2021-02-24,8.0,8.4399995803833,7.889999866485596,8.15999984741211,7.02319860458374,875700,GGAL
2021-02-25,8.239999771118164,8.260000228881836,7.610000133514404,7.650000095367432,6.584249019622803,1024400,GGAL
2021-02-26,7.75,7.75,7.369999885559082,7.449999809265137,6.412112236022949,1228500,GGAL
2021-03-01,7.630000114440918,7.840000152587891,7.570000171661377,7.590000152587891,6.5326080322265625,509900,GGAL
2021-03-02,7.519999980926514,7.71999979019165,7.420000076293945,7.670000076293945,6.6014628410339355,563100,GGAL
2021-03-03,7.630000114440918,7.730000019073486,7.239999771118164,7.28000020980835,6.2657952308654785,584100,GGAL
2021-03-04,7.369999885559082,7.679999828338623,7.190000057220459,7.389999866485596,6.360470771789551,1318300,GGAL
2021-03-05,7.539999961853027,7.559999942779541,7.0,7.119999885559082,6.128085136413574,985900,GGAL
2021-03-08,7.119999885559082,7.300000190734863,7.019999980926514,7.130000114440918,6.136692047119141,1170600,GGAL
2021-03-09,7.119999885559082,7.309999942779541,7.039999961853027,7.190000057220459,6.188333511352539,1039800,GGAL
2021-03-10,7.28000020980835,7.789999961853027,7.269999980926514,7.75,6.670317649841309,1230000,GGAL
2021-03-11,7.75,7.869999885559082,7.590000152587891,7.860000133514404,6.764994144439697,780600,GGAL
2021-03-12,7.739999771118164,8.050000190734863,7.739999771118164,7.940000057220459,6.833848476409912,757800,GGAL
2021-03-15,8.020000457763672,8.390000343322754,7.960000038146973,8.220000267028809,7.074840068817139,919500,GGAL
2021-03-16,8.300000190734863,8.430000305175781,7.920000076293945,8.0,6.885488986968994,540800,GGAL
2021-03-17,7.929999828338623,8.09000015258789,7.840000152587891,8.069999694824219,6.945737361907959,529700,GGAL
2021-03-18,8.100000381469727,8.15999984741211,7.760000228881836,7.800000190734863,6.713352203369141,434400,GGAL
2021-03-19,7.760000228881836,8.069999694824219,7.690000057220459,7.920000076293945,6.816633701324463,286100,GGAL
2021-03-22,7.880000114440918,7.909999847412109,7.659999847412109,7.900000095367432,6.799421310424805,322000,GGAL
2021-03-23,7.78000020980835,8.010000228881836,7.78000020980835,7.880000114440918,6.782207489013672,366600,GGAL
2021-03-24,7.869999885559082,7.949999809265137,7.519999980926514,7.650000095367432,6.584249019622803,567000,GGAL
2021-03-25,7.559999942779541,7.75,7.409999847412109,7.599999904632568,6.541215419769287,494900,GGAL
2021-03-26,7.690000057220459,7.769999980926514,7.53000020980835,7.650000095367432,6.584249019622803,442700,GGAL
2021-03-29,7.579999923706055,7.659999847412109,7.429999828338623,7.590000152587891,6.5326080322265625,222200,GGAL
2021-03-30,7.590000152587891,7.71999979019165,7.550000190734863,7.699999809265137,6.627283096313477,362500,GGAL
2021-03-31,7.659999847412109,7.849999904632568,7.570000171661377,7.610000133514404,6.549821376800537,313200,GGAL
2021-04-01,7.650000095367432,7.710000038146973,7.519999980926514,7.590000152587891,6.5326080322265625,214800,GGAL
2021-04-05,7.71999979019165,7.71999979019165,7.519999980926514,7.670000076293945,6.6014628410339355,256400,GGAL
2021-04-06,7.639999866485596,8.0,7.639999866485596,7.800000190734863,6.713352203369141,474300,GGAL
2021-04-07,7.840000152587891,7.940000057220459,7.75,7.769999980926514,6.687531471252441,682800,GGAL
2021-04-08,7.78000020980835,7.800000190734863,7.659999847412109,7.699999809265137,6.627283096313477,264200,GGAL
2021-04-09,7.690000057220459,7.710000038146973,7.46999979019165,7.510000228881836,6.4637532234191895,433400,GGAL
2021-04-12,7.730000019073486,7.730000019073486,7.25,7.320000171661377,6.300222873687744,547600,GGAL
2021-04-13,7.269999980926514,7.360000133514404,7.159999847412109,7.289999961853027,6.274402141571045,451700,GGAL
2021-04-14,7.449999809265137,7.519999980926514,7.260000228881836,7.340000152587891,6.317437171936035,574200,GGAL
2021-04-15,7.340000152587891,7.389999866485596,7.150000095367432,7.199999809265137,6.196939945220947,352900,GGAL
2021-04-16,7.199999809265137,7.400000095367432,7.099999904632568,7.369999885559082,6.343257427215576,777100,GGAL
2021-04-19,7.389999866485596,7.690000057220459,7.380000114440918,7.420000076293945,6.386291027069092,463800,GGAL
2021-04-20,7.369999885559082,7.489999771118164,7.150000095367432,7.190000057220459,6.188333511352539,512500,GGAL
2021-04-21,7.179999828338623,7.25,7.059999942779541,7.230000019073486,6.222760200500488,434800,GGAL
2021-04-22,7.21999979019165,7.340000152587891,7.170000076293945,7.190000057220459,6.188333511352539,247300,GGAL
2021-04-23,7.190000057220459,7.28000020980835,7.099999904632568,7.199999809265137,6.196939945220947,460400,GGAL
2021-04-26,7.199999809265137,7.440000057220459,7.199999809265137,7.409999847412109,6.377684593200684,680500,GGAL
2021-04-27,7.400000095367432,7.809999942779541,7.400000095367432,7.71999979019165,6.644495964050293,910300,GGAL
2021-04-28,7.71999979019165,8.130000114440918,7.679999828338623,7.789999961853027,6.704745292663574,887800,GGAL
2021-04-29,7.820000171661377,7.860000133514404,7.599999904632568,7.630000114440918,6.56703519821167,371800,GGAL
2021-04-30,7.539999961853027,7.559999942779541,7.420000076293945,7.489999771118164,6.44653844833374,322700,GGAL
2021-05-03,7.539999961853027,7.599999904632568,7.28000020980835,7.320000171661377,6.300222873687744,485100,GGAL
2021-05-04,7.260000228881836,7.329999923706055,7.110000133514404,7.239999771118164,6.231367111206055,540200,GGAL
2021-05-05,7.289999961853027,7.400000095367432,7.110000133514404,7.28000020980835,6.2657952308654785,345200,GGAL
2021-05-06,7.329999923706055,7.46999979019165,7.170000076293945,7.460000038146973,6.420717716217041,315800,GGAL
2021-05-07,7.409999847412109,7.889999866485596,7.409999847412109,7.889999866485596,6.79081392288208,912100,GGAL
2021-05-10,7.989999771118164,8.25,7.860000133514404,7.940000057220459,6.833848476409912,1174100,GGAL
2021-05-11,7.829999923706055,7.900000095367432,7.659999847412109,7.849999904632568,6.7563862800598145,837000,GGAL
2021-05-12,7.760000228881836,7.800000190734863,7.590000152587891,7.690000057220459,6.61867618560791,466400,GGAL
2021-05-13,7.710000038146973,7.980000019073486,7.690000057220459,7.960000038146973,6.8510613441467285,726700,GGAL
2021-05-14,8.069999694824219,8.529999732971191,8.069999694824219,8.329999923706055,7.227627277374268,1340500,GGAL
2021-05-17,8.359999656677246,8.579999923706055,8.039999961853027,8.5600004196167,7.42719030380249,1081100,GGAL
2021-05-18,8.680000305175781,8.699999809265137,8.350000381469727,8.420000076293945,7.3057169914245605,873200,GGAL
2021-05-19,8.300000190734863,8.420000076293945,8.220000267028809,8.34000015258789,7.23630428314209,449500,GGAL
2021-05-20,8.399999618530273,8.609999656677246,8.289999961853027,8.550000190734863,7.418513298034668,774000,GGAL
2021-05-21,8.59000015258789,8.640000343322754,8.130000114440918,8.229999542236328,7.140860080718994,710500,GGAL
2021-05-24,8.260000228881836,8.350000381469727,7.980000019073486,8.130000114440918,7.0540947914123535,382400,GGAL
2021-05-25,8.199999809265137,8.210000038146973,8.029999732971191,8.100000381469727,7.028064727783203,364900,GGAL
2021-05-26,8.229999542236328,8.390000343322754,8.069999694824219,8.3100004196167,7.210273742675781,509600,GGAL
2021-05-27,8.399999618530273,8.579999923706055,8.220000267028809,8.569999694824219,7.43586540222168,1351100,GGAL
2021-05-28,8.569999694824219,8.960000038146973,8.5600004196167,8.880000114440918,7.704841136932373,1087900,GGAL
2021-06-01,9.0,9.329999923706055,8.930000305175781,9.109999656677246,7.9044036865234375,1624900,GGAL
2021-06-02,9.09000015258789,9.329999923706055,8.9399995803833,9.069999694824219,7.869696140289307,1295500,GGAL
2021-06-03,8.970000267028809,9.479999542236328,8.90999984741211,9.369999885559082,8.129996299743652,2067200,GGAL
2021-06-04,9.40999984741211,9.989999771118164,9.270000457763672,9.930000305175781,8.615886688232422,1254200,GGAL
2021-06-07,10.0,10.430000305175781,9.970000267028809,10.210000038146973,8.858832359313965,1981200,GGAL
2021-06-08,10.220000267028809,10.34000015258789,9.680000305175781,9.770000457763672,8.477062225341797,1403600,GGAL
2021-06-09,9.770000457763672,10.390000343322754,9.6899995803833,10.210000038146973,8.858832359313965,988600,GGAL
2021-06-10,10.300000190734863,10.640000343322754,10.079999923706055,10.390000343322754,9.01501178741455,1173500,GGAL
2021-06-11,10.279999732971191,10.5,9.890000343322754,9.90999984741211,8.598535537719727,620000,GGAL
2021-06-14,9.859999656677246,10.25,9.789999961853027,10.100000381469727,8.76339054107666,920000,GGAL
2021-06-15,10.039999961853027,10.109999656677246,9.75,10.069999694824219,8.737361907958984,678000,GGAL
2021-06-16,10.069999694824219,10.34000015258789,10.039999961853027,10.220000267028809,8.867509841918945,639600,GGAL
2021-06-17,10.15999984741211,10.329999923706055,9.890000343322754,9.90999984741211,8.598535537719727,573300,GGAL
2021-06-18,9.850000381469727,9.869999885559082,9.529999732971191,9.670000076293945,8.39029312133789,1276800,GGAL
2021-06-21,9.770000457763672,9.770000457763672,9.449999809265137,9.449999809265137,8.199409484863281,362000,GGAL
2021-06-22,9.5,9.920000076293945,9.319999694824219,9.739999771118164,8.451031684875488,731100,GGAL
2021-06-23,9.819999694824219,10.029999732971191,9.579999923706055,9.579999923706055,8.31220531463623,645400,GGAL
2021-06-24,9.579999923706055,9.65999984741211,9.470000267028809,9.539999961853027,8.277499198913574,305700,GGAL
2021-06-25,9.229999542236328,9.319999694824219,8.84000015258789,9.199999809265137,7.982494354248047,1450600,GGAL
2021-06-28,9.479999542236328,9.539999961853027,9.0600004196167,9.15999984741211,7.947787761688232,859800,GGAL
2021-06-29,9.180000305175781,9.1899995803833,8.65999984741211,8.800000190734863,7.635429859161377,1063600,GGAL
2021-06-30,8.75,8.819999694824219,8.529999732971191,8.619999885559082,7.479249954223633,700000,GGAL
2021-07-01,8.619999885559082,8.6899995803833,8.399999618530273,8.5,7.375129699707031,869100,GGAL
2021-07-02,8.510000228881836,8.600000381469727,8.3100004196167,8.529999732971191,7.401159763336182,782700,GGAL
2021-07-06,8.59000015258789,8.640000343322754,8.25,8.3100004196167,7.210273742675781,709200,GGAL
2021-07-07,8.25,8.380000114440918,8.170000076293945,8.300000190734863,7.201597690582275,751500,GGAL
2021-07-08,8.25,8.25,8.09000015258789,8.130000114440918,7.0540947914123535,503400,GGAL
2021-07-09,8.170000076293945,8.3100004196167,8.119999885559082,8.199999809265137,7.114831447601318,240700,GGAL
2021-07-12,8.140000343322754,8.609999656677246,8.100000381469727,8.579999923706055,7.444542407989502,506300,GGAL
2021-07-13,8.59000015258789,8.59000015258789,8.329999923706055,8.5,7.375129699707031,607600,GGAL
2021-07-14,8.40999984741211,8.670000076293945,8.40999984741211,8.539999961853027,7.409835338592529,641200,GGAL
2021-07-15,8.489999771118164,8.579999923706055,8.319999694824219,8.350000381469727,7.244980335235596,472900,GGAL
2021-07-16,8.350000381469727,8.380000114440918,8.109999656677246,8.180000305175781,7.097477912902832,397900,GGAL
2021-07-19,8.0600004196167,8.079999923706055,7.889999866485596,7.940000057220459,6.889239311218262,1280600,GGAL
2021-07-20,7.900000095367432,8.050000190734863,7.730000019073486,8.029999732971191,6.9673285484313965,712000,GGAL
2021-07-21,8.029999732971191,8.460000038146973,8.029999732971191,8.380000114440918,7.271010875701904,529400,GGAL
2021-07-22,8.350000381469727,8.350000381469727,8.069999694824219,8.119999885559082,7.0454182624816895,738300,GGAL
2021-07-23,8.130000114440918,8.279999732971191,7.929999828338623,7.96999979019165,6.915268421173096,559700,GGAL
2021-07-26,7.960000038146973,8.25,7.960000038146973,8.149999618530273,7.071447372436523,410200,GGAL
2021-07-27,8.079999923706055,8.220000267028809,8.020000457763672,8.09000015258789,7.019388675689697,426300,GGAL
2021-07-28,8.130000114440918,8.300000190734863,8.109999656677246,8.260000228881836,7.166891098022461,291000,GGAL
2021-07-29,8.279999732971191,8.279999732971191,8.020000457763672,8.079999923706055,7.010711193084717,812300,GGAL
2021-07-30,8.079999923706055,8.079999923706055,7.800000190734863,7.809999942779541,6.776443004608154,1288300,GGAL
2021-08-02,7.820000171661377,7.940000057220459,7.760000228881836,7.789999961853027,6.759089469909668,517200,GGAL
2021-08-03,7.769999980926514,8.029999732971191,7.690000057220459,8.020000457763672,6.958652496337891,480800,GGAL
2021-08-04,8.020000457763672,8.109999656677246,7.869999885559082,7.960000038146973,6.906591892242432,343800,GGAL
2021-08-05,7.96999979019165,8.260000228881836,7.96999979019165,8.100000381469727,7.028064727783203,338700,GGAL
2021-08-06,8.119999885559082,8.300000190734863,8.119999885559082,8.210000038146973,7.123507976531982,357100,GGAL
2021-08-09,8.279999732971191,8.279999732971191,8.039999961853027,8.199999809265137,7.114831447601318,504800,GGAL
2021-08-10,8.210000038146973,8.550000190734863,8.140000343322754,8.550000190734863,7.418513298034668,664200,GGAL
2021-08-11,8.510000228881836,8.770000457763672,8.300000190734863,8.710000038146973,7.557340145111084,962100,GGAL
2021-08-12,8.739999771118164,8.8100004196167,8.470000267028809,8.710000038146973,7.557340145111084,625800,GGAL
2021-08-13,8.75,8.75,8.369999885559082,8.479999542236328,7.357776641845703,579100,GGAL
2021-08-16,8.40999984741211,8.550000190734863,8.329999923706055,8.359999656677246,7.25365686416626,208500,GGAL
2021-08-17,8.270000457763672,8.5,8.199999809265137,8.319999694824219,7.218949794769287,496900,GGAL
2021-08-18,8.199999809265137,8.420000076293945,8.149999618530273,8.1899995803833,7.106153964996338,708600,GGAL
2021-08-19,8.130000114440918,8.3100004196167,8.069999694824219,8.300000190734863,7.201597690582275,560000,GGAL
2021-08-20,8.270000457763672,8.670000076293945,8.270000457763672,8.550000190734863,7.418513298034668,423200,GGAL
2021-08-23,8.670000076293945,9.010000228881836,8.640000343322754,8.960000038146973,7.774254322052002,836100,GGAL
2021-08-24,8.970000267028809,9.770000457763672,8.9399995803833,9.739999771118164,8.451031684875488,1775700,GGAL
2021-08-25,9.640000343322754,10.149999618530273,9.420000076293945,10.119999885559082,8.780742645263672,1467200,GGAL
2021-08-26,10.149999618530273,10.229999542236328,9.890000343322754,10.050000190734863,8.720006942749023,1129300,GGAL
2021-08-27,10.050000190734863,10.75,10.010000228881836,10.229999542236328,8.876185417175293,1340600,GGAL
2021-08-30,10.25,11.100000381469727,10.039999961853027,10.979999542236328,9.526932716369629,2493900,GGAL
2021-08-31,10.829999923706055,11.220000267028809,10.520000457763672,10.779999732971191,9.353401184082031,1608800,GGAL
2021-09-01,10.779999732971191,11.100000381469727,10.460000038146973,10.550000190734863,9.153838157653809,1428100,GGAL
2021-09-02,10.729999542236328,10.890000343322754,10.319999694824219,10.359999656677246,8.988982200622559,852300,GGAL
2021-09-03,10.350000381469727,10.449999809265137,10.239999771118164,10.279999732971191,8.919568061828613,491100,GGAL
2021-09-07,10.420000076293945,11.270000457763672,10.3100004196167,11.15999984741211,9.683112144470215,1951100,GGAL
2021-09-08,11.15999984741211,11.449999809265137,10.5,11.079999923706055,9.613698959350586,1785600,GGAL
2021-09-09,11.109999656677246,11.489999771118164,10.609999656677246,10.819999694824219,9.388106346130371,1118000,GGAL
2021-09-10,10.850000381469727,11.140000343322754,10.470000267028809,10.5600004196167,9.162514686584473,1325200,GGAL
2021-09-13,12.220000267028809,12.75,11.329999923706055,11.539999961853027,10.012825012207031,4743600,GGAL
2021-09-14,11.34000015258789,11.90999984741211,11.1899995803833,11.239999771118164,9.752523422241211,1624000,GGAL
2021-09-15,11.130000114440918,11.40999984741211,10.680000305175781,11.020000457763672,9.561638832092285,1369000,GGAL
2021-09-16,10.899999618530273,11.3100004196167,10.579999923706055,11.069999694824219,9.605021476745605,1102900,GGAL
2021-09-17,11.180000305175781,11.40999984741211,10.880000114440918,10.979999542236328,9.526932716369629,949800,GGAL
2021-09-20,10.5,10.5,9.760000228881836,9.829999923706055,8.529120445251465,1654200,GGAL
2021-09-21,9.970000267028809,10.029999732971191,9.59000015258789,9.609999656677246,8.338235855102539,911000,GGAL
2021-09-22,9.75,10.029999732971191,9.699999809265137,9.699999809265137,8.416324615478516,750800,GGAL
2021-09-23,9.729999542236328,9.880000114440918,9.59000015258789,9.59000015258789,8.320881843566895,541200,GGAL
2021-09-24,9.479999542236328,9.619999885559082,9.329999923706055,9.380000114440918,8.138673782348633,543900,GGAL
2021-09-27,9.399999618530273,9.800000190734863,9.319999694824219,9.6899995803833,8.407649040222168,478400,GGAL
2021-09-28,9.600000381469727,9.8100004196167,9.4399995803833,9.600000381469727,8.329559326171875,511100,GGAL
2021-09-29,9.649999618530273,9.960000038146973,9.649999618530273,9.760000228881836,8.468384742736816,555600,GGAL
2021-09-30,9.789999961853027,10.25,9.789999961853027,10.069999694824219,8.737361907958984,914600,GGAL
2021-10-01,10.140000343322754,10.380000114440918,10.020000457763672,10.239999771118164,8.884862899780273,762800,GGAL
2021-10-04,10.270000457763672,10.430000305175781,10.069999694824219,10.149999618530273,8.80677318572998,391400,GGAL
2021-10-05,10.210000038146973,10.430000305175781,10.119999885559082,10.3100004196167,8.945598602294922,504100,GGAL
2021-10-06,10.220000267028809,10.300000190734863,9.960000038146973,10.229999542236328,8.876185417175293,702500,GGAL
2021-10-07,10.390000343322754,10.479999542236328,10.220000267028809,10.229999542236328,8.876185417175293,727800,GGAL
2021-10-08,10.220000267028809,10.550000190734863,10.140000343322754,10.25,8.893539428710938,437300,GGAL
2021-10-11,10.1899995803833,10.600000381469727,10.100000381469727,10.3100004196167,8.945598602294922,489000,GGAL
2021-10-12,10.420000076293945,10.569999694824219,10.289999961853027,10.350000381469727,8.980305671691895,441800,GGAL
2021-10-13,10.359999656677246,10.479999542236328,10.229999542236328,10.289999961853027,8.928245544433594,462000,GGAL
2021-10-14,10.34000015258789,10.489999771118164,10.170000076293945,10.319999694824219,8.954275131225586,642000,GGAL
2021-10-15,10.4399995803833,10.829999923706055,10.40999984741211,10.739999771118164,9.318693161010742,791900,GGAL
2021-10-18,10.850000381469727,10.920000076293945,10.529999732971191,10.770000457763672,9.344724655151367,705000,GGAL
2021-10-19,10.899999618530273,11.020000457763672,10.680000305175781,10.920000076293945,9.474872589111328,460100,GGAL
2021-10-20,10.84000015258789,11.729999542236328,10.84000015258789,11.710000038146973,10.160326957702637,1277800,GGAL
2021-10-21,11.569999694824219,11.6899995803833,11.100000381469727,11.399999618530273,9.891349792480469,828600,GGAL
2021-10-22,11.479999542236328,11.479999542236328,11.140000343322754,11.40999984741211,9.90002727508545,431900,GGAL
2021-10-25,11.479999542236328,11.90999984741211,11.479999542236328,11.899999618530273,10.32518196105957,1070700,GGAL
2021-10-26,11.90999984741211,12.149999618530273,11.680000305175781,11.6899995803833,10.142972946166992,804400,GGAL
2021-10-27,11.600000381469727,11.800000190734863,11.010000228881836,11.010000228881836,9.552962303161621,997700,GGAL
2021-10-28,11.010000228881836,11.1899995803833,10.800000190734863,11.149999618530273,9.67443561553955,592800,GGAL
2021-10-29,11.149999618530273,11.149999618530273,10.460000038146973,10.630000114440918,9.223251342773438,1162600,GGAL
2021-11-01,10.670000076293945,11.140000343322754,10.550000190734863,10.829999923706055,9.396783828735352,631600,GGAL
2021-11-02,10.729999542236328,11.220000267028809,10.569999694824219,11.140000343322754,9.66575813293457,1288100,GGAL
2021-11-03,11.09000015258789,11.819999694824219,11.09000015258789,11.75,10.195033073425293,1043800,GGAL
2021-11-04,11.680000305175781,11.739999771118164,11.15999984741211,11.34000015258789,9.8392915725708,1120900,GGAL
2021-11-05,11.430000305175781,11.579999923706055,11.239999771118164,11.40999984741211,9.90002727508545,398300,GGAL
2021-11-08,11.65999984741211,11.989999771118164,11.5600004196167,11.890000343322754,10.316505432128906,717700,GGAL
2021-11-09,12.0,12.180000305175781,11.850000381469727,12.079999923706055,10.48136043548584,861100,GGAL
2021-11-10,12.0,12.5,12.0,12.140000343322754,10.533422470092773,1044800,GGAL
2021-11-11,12.180000305175781,12.380000114440918,11.850000381469727,11.880000114440918,10.307829856872559,693000,GGAL
2021-11-12,11.869999885559082,11.869999885559082,11.359999656677246,11.520000457763672,9.99547004699707,1201100,GGAL
2021-11-15,11.65999984741211,11.720000267028809,10.9399995803833,11.390000343322754,9.882676124572754,1295100,GGAL
2021-11-16,11.300000190734863,11.380000114440918,10.470000267028809,10.5,9.110456466674805,1272100,GGAL
2021-11-17,10.640000343322754,10.640000343322754,9.84000015258789,10.0600004196167,8.728683471679688,1354500,GGAL
2021-11-18,9.899999618530273,10.329999923706055,9.6899995803833,10.1899995803833,8.841479301452637,784400,GGAL
2021-11-19,10.119999885559082,10.279999732971191,9.550000190734863,9.579999923706055,8.31220531463623,1000700,GGAL
2021-11-22,9.720000267028809,9.720000267028809,9.119999885559082,9.149999618530273,7.939108371734619,827400,GGAL
2021-11-23,9.25,9.539999961853027,9.109999656677246,9.260000228881836,8.034554481506348,1477100,GGAL
2021-11-24,9.300000190734863,9.40999984741211,9.010000228881836,9.140000343322754,7.930434226989746,725000,GGAL
2021-11-26,9.039999961853027,9.180000305175781,8.710000038146973,9.149999618530273,7.939108371734619,854800,GGAL
2021-11-29,9.239999771118164,9.640000343322754,8.75,8.789999961853027,7.626752853393555,951600,GGAL
2021-11-30,8.699999809265137,8.880000114440918,8.569999694824219,8.680000305175781,7.531309604644775,4739500,GGAL
2021-12-01,9.239999771118164,9.529999732971191,9.149999618530273,9.430000305175781,8.18205738067627,1455800,GGAL
2021-12-02,9.699999809265137,9.899999618530273,9.359999656677246,9.529999732971191,8.26882266998291,1081400,GGAL
2021-12-03,9.539999961853027,9.539999961853027,9.0,9.170000076293945,7.956463813781738,764000,GGAL
2021-12-06,9.229999542236328,9.649999618530273,9.050000190734863,9.390000343322754,8.147351264953613,689000,GGAL
2021-12-07,9.609999656677246,9.880000114440918,9.569999694824219,9.630000114440918,8.355588912963867,812900,GGAL
2021-12-08,9.600000381469727,9.770000457763672,9.460000038146973,9.710000038146973,8.425003051757812,470900,GGAL
2021-12-09,9.619999885559082,9.899999618530273,9.550000190734863,9.760000228881836,8.468384742736816,757700,GGAL
2021-12-10,9.760000228881836,9.760000228881836,9.40999984741211,9.569999694824219,8.303528785705566,584800,GGAL
2021-12-13,9.460000038146973,9.460000038146973,9.069999694824219,9.100000381469727,7.895728588104248,600800,GGAL
2021-12-14,9.180000305175781,9.5600004196167,9.050000190734863,9.329999923706055,8.09528923034668,558900,GGAL
2021-12-15,9.279999732971191,9.699999809265137,9.140000343322754,9.5,8.242792129516602,579000,GGAL
2021-12-16,9.539999961853027,9.90999984741211,9.539999961853027,9.75,8.459707260131836,522100,GGAL
2021-12-17,9.699999809265137,9.890000343322754,9.350000381469727,9.399999618530273,8.156025886535645,886400,GGAL
2021-12-20,9.3100004196167,9.470000267028809,9.100000381469727,9.449999809265137,8.199409484863281,421200,GGAL
2021-12-21,9.5,9.760000228881836,9.449999809265137,9.489999771118164,8.234116554260254,448600,GGAL
2021-12-22,9.4399995803833,9.579999923706055,9.279999732971191,9.539999961853027,8.277499198913574,413600,GGAL
2021-12-23,9.579999923706055,9.760000228881836,9.479999542236328,9.6899995803833,8.407649040222168,689800,GGAL
2021-12-27,9.770000457763672,10.199999809265137,9.720000267028809,10.149999618530273,8.80677318572998,860900,GGAL
2021-12-28,10.140000343322754,10.579999923706055,9.600000381469727,9.609999656677246,8.338235855102539,1775200,GGAL
2021-12-29,9.609999656677246,9.869999885559082,9.119999885559082,9.850000381469727,8.54647445678711,2472200,GGAL
2021-12-30,9.949999809265137,10.09000015258789,9.65999984741211,9.739999771118164,8.451031684875488,536400,GGAL
2021-12-31,9.630000114440918,9.739999771118164,9.420000076293945,9.489999771118164,8.234116554260254,301100,GGAL
2022-01-03,9.630000114440918,9.850000381469727,9.539999961853027,9.699999809265137,8.416324615478516,436400,GGAL
2022-01-04,9.789999961853027,9.8100004196167,9.529999732971191,9.630000114440918,8.355588912963867,432500,GGAL
2022-01-05,9.6899995803833,9.6899995803833,9.149999618530273,9.180000305175781,7.9651408195495605,472500,GGAL
2022-01-06,9.0600004196167,9.369999885559082,8.899999618530273,9.270000457763672,8.043230056762695,568300,GGAL
2022-01-07,9.34000015258789,9.510000228881836,9.239999771118164,9.380000114440918,8.138673782348633,271100,GGAL
2022-01-10,9.279999732971191,9.380000114440918,9.149999618530273,9.270000457763672,8.043230056762695,334900,GGAL
2022-01-11,9.229999542236328,9.619999885559082,9.149999618530273,9.510000228881836,8.251468658447266,368800,GGAL
2022-01-12,9.550000190734863,9.75,9.5,9.569999694824219,8.303528785705566,383600,GGAL
2022-01-13,9.539999961853027,9.779999732971191,9.470000267028809,9.520000457763672,8.260146141052246,399800,GGAL
2022-01-14,9.390000343322754,9.5600004196167,9.3100004196167,9.489999771118164,8.234116554260254,360500,GGAL
2022-01-18,9.300000190734863,9.390000343322754,8.859999656677246,8.90999984741211,7.730871677398682,822400,GGAL
2022-01-19,9.100000381469727,9.239999771118164,8.920000076293945,9.0,7.808961868286133,543300,GGAL
2022-01-20,9.0,9.130000114440918,8.8100004196167,8.850000381469727,7.6788129806518555,459500,GGAL
2022-01-21,8.859999656677246,8.899999618530273,8.40999984741211,8.430000305175781,7.314393997192383,504400,GGAL
2022-01-24,8.3100004196167,8.3100004196167,7.869999885559082,8.260000228881836,7.166891098022461,827500,GGAL
2022-01-25,8.170000076293945,8.699999809265137,8.100000381469727,8.5600004196167,7.42719030380249,674500,GGAL
2022-01-26,8.6899995803833,8.949999809265137,8.59000015258789,8.6899995803833,7.5399861335754395,471700,GGAL
2022-01-27,8.609999656677246,8.829999923706055,8.380000114440918,8.680000305175781,7.531309604644775,534600,GGAL
2022-01-28,9.220000267028809,9.539999961853027,9.010000228881836,9.529999732971191,8.26882266998291,1573800,GGAL
2022-01-31,9.319999694824219,9.699999809265137,9.020000457763672,9.680000305175781,8.398972511291504,1042100,GGAL
2022-02-01,9.649999618530273,9.850000381469727,9.520000457763672,9.680000305175781,8.398972511291504,464600,GGAL
2022-02-02,9.779999732971191,9.789999961853027,9.420000076293945,9.59000015258789,8.320881843566895,353400,GGAL
2022-02-03,9.479999542236328,9.529999732971191,9.279999732971191,9.300000190734863,8.069259643554688,340200,GGAL
2022-02-04,9.359999656677246,9.359999656677246,9.170000076293945,9.300000190734863,8.069259643554688,246200,GGAL
2022-02-07,9.34000015258789,9.5600004196167,9.319999694824219,9.369999885559082,8.129996299743652,208400,GGAL
2022-02-08,9.399999618530273,9.710000038146973,9.3100004196167,9.34000015258789,8.103967666625977,371600,GGAL
2022-02-09,9.350000381469727,9.479999542236328,9.140000343322754,9.279999732971191,8.051907539367676,832200,GGAL
2022-02-10,9.180000305175781,9.609999656677246,9.170000076293945,9.229999542236328,8.008524894714355,576500,GGAL
2022-02-11,9.199999809265137,9.779999732971191,8.9399995803833,9.029999732971191,7.834991455078125,1357700,GGAL
2022-02-14,9.079999923706055,9.180000305175781,8.850000381469727,9.0,7.808961868286133,538200,GGAL
2022-02-15,9.079999923706055,9.279999732971191,9.079999923706055,9.170000076293945,7.956463813781738,318400,GGAL
2022-02-16,9.170000076293945,9.770000457763672,9.109999656677246,9.720000267028809,8.433679580688477,875200,GGAL
2022-02-17,9.649999618530273,9.739999771118164,9.380000114440918,9.430000305175781,8.18205738067627,325400,GGAL
2022-02-18,9.399999618530273,9.789999961853027,9.399999618530273,9.680000305175781,8.398972511291504,610000,GGAL
2022-02-22,9.619999885559082,10.34000015258789,9.619999885559082,10.1899995803833,8.841479301452637,1508000,GGAL
2022-02-23,10.319999694824219,10.510000228881836,10.050000190734863,10.119999885559082,8.780742645263672,805900,GGAL
2022-02-24,9.800000190734863,10.029999732971191,9.470000267028809,9.970000267028809,8.650593757629395,1149600,GGAL
2022-02-25,10.050000190734863,10.140000343322754,9.800000190734863,9.890000343322754,8.581181526184082,651600,GGAL
2022-02-28,9.779999732971191,9.9399995803833,9.25,9.470000267028809,8.21676254272461,751700,GGAL
2022-03-01,9.300000190734863,9.710000038146973,9.229999542236328,9.649999618530273,8.372941970825195,803500,GGAL
2022-03-02,9.699999809265137,10.050000190734863,9.699999809265137,9.890000343322754,8.581181526184082,726600,GGAL
2022-03-03,9.970000267028809,10.239999771118164,9.6899995803833,9.989999771118164,8.667948722839355,776000,GGAL
2022-03-04,9.800000190734863,9.850000381469727,9.529999732971191,9.59000015258789,8.320881843566895,752900,GGAL
2022-03-07,9.539999961853027,9.609999656677246,9.0600004196167,9.109999656677246,7.9044036865234375,734000,GGAL
2022-03-08,9.119999885559082,9.640000343322754,9.100000381469727,9.380000114440918,8.138673782348633,476300,GGAL
2022-03-09,9.5,10.0,9.5,9.949999809265137,8.63323974609375,548300,GGAL
2022-03-10,9.800000190734863,10.40999984741211,9.770000457763672,10.300000190734863,8.936923027038574,678400,GGAL
2022-03-11,10.5,10.65999984741211,10.140000343322754,10.140000343322754,8.798097610473633,570500,GGAL
2022-03-14,10.319999694824219,10.34000015258789,9.890000343322754,9.920000076293945,8.607211112976074,488100,GGAL
2022-03-15,9.869999885559082,10.029999732971191,9.729999542236328,9.930000305175781,8.615886688232422,375900,GGAL
2022-03-16,9.960000038146973,10.15999984741211,9.65999984741211,10.149999618530273,8.80677318572998,874800,GGAL
2022-03-17,10.1899995803833,10.470000267028809,10.069999694824219,10.460000038146973,9.0757474899292,526800,GGAL
2022-03-18,10.25,10.550000190734863,10.109999656677246,10.260000228881836,8.902215957641602,634500,GGAL
2022-03-21,10.399999618530273,10.779999732971191,10.300000190734863,10.4399995803833,9.058395385742188,557100,GGAL
2022-03-22,10.289999961853027,10.6899995803833,10.289999961853027,10.420000076293945,9.04104232788086,546200,GGAL
2022-03-23,10.380000114440918,10.600000381469727,10.270000457763672,10.270000457763672,8.910894393920898,692300,GGAL
2022-03-24,10.300000190734863,10.979999542236328,10.270000457763672,10.850000381469727,9.41413688659668,746700,GGAL
2022-03-25,10.979999542236328,11.15999984741211,10.510000228881836,10.699999809265137,9.283987998962402,871100,GGAL
2022-03-28,10.600000381469727,10.920000076293945,10.380000114440918,10.6899995803833,9.275311470031738,504700,GGAL
2022-03-29,10.680000305175781,10.899999618530273,10.609999656677246,10.6899995803833,9.275311470031738,445800,GGAL
2022-03-30,10.65999984741211,10.859999656677246,10.59000015258789,10.829999923706055,9.396783828735352,509500,GGAL
2022-03-31,10.829999923706055,11.149999618530273,10.770000457763672,10.800000190734863,9.37075424194336,372100,GGAL
2022-04-01,10.800000190734863,11.239999771118164,10.800000190734863,11.100000381469727,9.63105297088623,542200,GGAL
2022-04-04,11.079999923706055,11.279999732971191,10.960000038146973,11.010000228881836,9.552962303161621,401800,GGAL
2022-04-05,11.050000190734863,11.170000076293945,10.59000015258789,10.619999885559082,9.21457290649414,434000,GGAL
2022-04-06,10.449999809265137,10.640000343322754,10.270000457763672,10.510000228881836,9.119132041931152,740000,GGAL
2022-04-07,10.479999542236328,10.520000457763672,10.199999809265137,10.3100004196167,8.945598602294922,654700,GGAL
2022-04-08,10.3100004196167,10.470000267028809,10.270000457763672,10.300000190734863,8.936923027038574,295400,GGAL
2022-04-11,10.289999961853027,10.289999961853027,9.979999542236328,9.979999542236328,8.659270286560059,508100,GGAL
2022-04-12,10.09000015258789,10.140000343322754,9.84000015258789,9.930000305175781,8.615886688232422,444700,GGAL
2022-04-13,9.880000114440918,10.100000381469727,9.789999961853027,9.970000267028809,8.650593757629395,343300,GGAL
2022-04-14,9.890000343322754,10.140000343322754,9.770000457763672,10.0,8.676623344421387,352400,GGAL
2022-04-18,10.010000228881836,10.329999923706055,9.960000038146973,10.130000114440918,8.78941822052002,282100,GGAL
2022-04-19,10.020000457763672,10.25,10.020000457763672,10.119999885559082,8.780742645263672,292500,GGAL
2022-04-20,10.1899995803833,10.430000305175781,10.020000457763672,10.039999961853027,8.71133041381836,251900,GGAL
2022-04-21,10.100000381469727,10.220000267028809,9.470000267028809,9.510000228881836,8.251468658447266,673000,GGAL
2022-04-22,9.460000038146973,9.649999618530273,9.199999809265137,9.260000228881836,8.034554481506348,481500,GGAL
2022-04-25,9.25,9.3100004196167,9.0,9.300000190734863,8.069259643554688,825900,GGAL
2022-04-26,9.260000228881836,9.270000457763672,8.859999656677246,8.869999885559082,7.696164608001709,706300,GGAL
2022-04-27,8.880000114440918,9.239999771118164,8.75,9.140000343322754,7.930434226989746,700300,GGAL
2022-04-28,9.210000038146973,9.34000015258789,8.979999542236328,9.279999732971191,8.051907539367676,234400,GGAL
2022-04-29,9.270000457763672,9.460000038146973,9.029999732971191,9.09000015258789,7.887052536010742,469500,GGAL
2022-05-02,9.010000228881836,9.079999923706055,8.579999923706055,8.789999961853027,7.626752853393555,762800,GGAL
2022-05-03,8.710000038146973,9.220000267028809,8.710000038146973,9.15999984741211,7.947787761688232,342300,GGAL
2022-05-04,9.09000015258789,9.319999694824219,9.0,9.289999961853027,8.06058406829834,318300,GGAL
2022-05-05,9.149999618530273,9.149999618530273,8.680000305175781,8.920000076293945,7.7395477294921875,616300,GGAL
2022-05-06,8.850000381469727,9.100000381469727,8.739999771118164,8.920000076293945,7.7395477294921875,468300,GGAL
2022-05-09,8.829999923706055,9.029999732971191,8.529999732971191,8.680000305175781,7.531309604644775,537700,GGAL
2022-05-10,8.84000015258789,8.979999542236328,8.630000114440918,8.859999656677246,7.687488079071045,388000,GGAL
2022-05-11,8.84000015258789,9.140000343322754,8.6899995803833,9.069999694824219,7.869696140289307,599300,GGAL
2022-05-12,8.920000076293945,9.180000305175781,8.710000038146973,9.079999923706055,7.878374099731445,389500,GGAL
2022-05-13,8.8100004196167,9.199999809265137,8.8100004196167,9.069999694824219,8.194591522216797,713600,GGAL
2022-05-16,9.010000228881836,9.489999771118164,8.920000076293945,9.279999732971191,8.384324073791504,919100,GGAL
2022-05-17,9.350000381469727,9.699999809265137,9.350000381469727,9.489999771118164,8.574055671691895,567700,GGAL
2022-05-18,9.460000038146973,9.550000190734863,9.199999809265137,9.25,8.357219696044922,433800,GGAL
2022-05-19,9.3100004196167,9.569999694824219,9.199999809265137,9.260000228881836,8.366255760192871,412500,GGAL
2022-05-20,9.34000015258789,9.489999771118164,8.9399995803833,9.069999694824219,8.194591522216797,627300,GGAL
2022-05-23,9.229999542236328,9.4399995803833,9.039999961853027,9.350000381469727,8.4475679397583,453000,GGAL
2022-05-24,9.199999809265137,9.430000305175781,9.130000114440918,9.350000381469727,8.4475679397583,314700,GGAL
2022-05-25,9.210000038146973,9.40999984741211,9.210000038146973,9.369999885559082,8.465639114379883,243300,GGAL
2022-05-26,9.449999809265137,9.520000457763672,9.319999694824219,9.390000343322754,8.483708381652832,414100,GGAL
2022-05-27,9.369999885559082,9.579999923706055,9.350000381469727,9.380000114440918,8.4746732711792,284800,GGAL
2022-05-31,9.390000343322754,9.40999984741211,9.1899995803833,9.210000038146973,8.321080207824707,415500,GGAL
2022-06-01,9.4399995803833,9.4399995803833,9.0,9.0,8.131348609924316,395900,GGAL
2022-06-02,8.989999771118164,9.270000457763672,8.880000114440918,9.1899995803833,8.303010940551758,399900,GGAL
2022-06-03,9.109999656677246,9.3100004196167,9.010000228881836,9.109999656677246,8.230731964111328,437200,GGAL
2022-06-06,9.229999542236328,9.229999542236328,8.8100004196167,8.920000076293945,8.059070587158203,392800,GGAL
2022-06-07,8.850000381469727,8.949999809265137,8.75,8.859999656677246,8.004860877990723,372800,GGAL
2022-06-08,8.829999923706055,8.84000015258789,8.600000381469727,8.609999656677246,7.778990745544434,719400,GGAL
2022-06-09,8.609999656677246,8.640000343322754,7.909999847412109,7.909999847412109,7.146552562713623,1009600,GGAL
2022-06-10,7.75,7.949999809265137,7.630000114440918,7.840000152587891,7.083309173583984,1340700,GGAL
2022-06-13,7.630000114440918,7.690000057220459,7.199999809265137,7.21999979019165,6.523149490356445,1087900,GGAL
2022-06-14,7.329999923706055,7.570000171661377,7.199999809265137,7.300000190734863,6.595427989959717,955300,GGAL
2022-06-15,7.400000095367432,7.619999885559082,7.389999866485596,7.510000228881836,6.785159111022949,677600,GGAL
2022-06-16,7.360000133514404,7.579999923706055,7.269999980926514,7.360000133514404,6.649636745452881,679500,GGAL
2022-06-17,7.389999866485596,7.690000057220459,7.309999942779541,7.449999809265137,6.730949401855469,889000,GGAL
2022-06-21,7.510000228881836,7.539999961853027,7.300000190734863,7.380000114440918,6.66770601272583,521200,GGAL
2022-06-22,7.269999980926514,7.599999904632568,7.230000019073486,7.449999809265137,6.730949401855469,751800,GGAL
2022-06-23,7.449999809265137,7.519999980926514,7.199999809265137,7.300000190734863,6.595427989959717,645600,GGAL
2022-06-24,7.369999885559082,7.480000019073486,7.150000095367432,7.150000095367432,6.45990514755249,656600,GGAL
2022-06-27,7.190000057220459,7.449999809265137,6.940000057220459,7.139999866485596,6.450870037078857,915000,GGAL
2022-06-28,7.159999847412109,7.28000020980835,7.010000228881836,7.099999904632568,6.414730548858643,506500,GGAL
2022-06-29,7.150000095367432,7.210000038146973,6.989999771118164,7.170000076293945,6.4779744148254395,536500,GGAL
2022-06-30,7.079999923706055,7.230000019073486,6.860000133514404,6.909999847412109,6.243068695068359,576500,GGAL
2022-07-01,7.010000228881836,7.170000076293945,6.769999980926514,7.159999847412109,6.468940258026123,371400,GGAL
2022-07-05,6.690000057220459,6.849999904632568,6.489999771118164,6.840000152587891,6.179825782775879,896700,GGAL
2022-07-06,6.829999923706055,6.900000095367432,6.610000133514404,6.690000057220459,6.0443034172058105,378700,GGAL
2022-07-07,6.980000019073486,6.980000019073486,6.639999866485596,6.690000057220459,6.0443034172058105,720900,GGAL
2022-07-08,6.639999866485596,6.900000095367432,6.630000114440918,6.679999828338623,6.035268306732178,599000,GGAL
2022-07-11,6.630000114440918,6.699999809265137,6.440000057220459,6.559999942779541,5.926849842071533,526800,GGAL
2022-07-12,6.5,6.510000228881836,6.150000095367432,6.489999771118164,5.863605499267578,874200,GGAL
2022-07-13,6.409999847412109,6.550000190734863,6.230000019073486,6.320000171661377,5.710014343261719,644000,GGAL
2022-07-14,6.190000057220459,6.300000190734863,6.019999980926514,6.139999866485596,5.547387599945068,1133300,GGAL
2022-07-15,6.170000076293945,6.309999942779541,6.039999961853027,6.289999961853027,5.6829094886779785,499000,GGAL
2022-07-18,6.360000133514404,6.539999961853027,6.300000190734863,6.409999847412109,5.791327476501465,616100,GGAL
2022-07-19,6.480000019073486,6.53000020980835,6.320000171661377,6.329999923706055,5.719048976898193,790400,GGAL
2022-07-20,6.239999771118164,6.340000152587891,5.989999771118164,5.989999771118164,5.411864757537842,984300,GGAL
2022-07-21,6.0,6.010000228881836,5.75,5.929999828338623,5.357656002044678,750000,GGAL
2022-07-22,5.989999771118164,6.170000076293945,5.849999904632568,6.159999847412109,5.565456867218018,1206500,GGAL
2022-07-25,6.199999809265137,6.570000171661377,6.159999847412109,6.460000038146973,5.836501598358154,776200,GGAL
2022-07-26,6.409999847412109,6.619999885559082,6.360000133514404,6.489999771118164,5.863605499267578,525600,GGAL
2022-07-27,6.579999923706055,6.860000133514404,6.260000228881836,6.820000171661377,6.16175651550293,862800,GGAL
2022-07-28,6.889999866485596,7.46999979019165,6.840000152587891,7.389999866485596,6.676741123199463,2090800,GGAL
2022-07-29,7.389999866485596,7.96999979019165,7.389999866485596,7.800000190734863,7.047169208526611,1700000,GGAL
2022-08-01,7.769999980926514,8.149999618530273,7.590000152587891,7.78000020980835,7.029099464416504,1054900,GGAL
2022-08-02,7.630000114440918,7.909999847412109,7.630000114440918,7.829999923706055,7.074273109436035,749200,GGAL
2022-08-03,7.849999904632568,7.96999979019165,7.75,7.820000171661377,7.065238952636719,675900,GGAL
2022-08-04,7.940000057220459,8.119999885559082,7.570000171661377,7.639999866485596,6.90261173248291,1089200,GGAL
2022-08-05,7.579999923706055,7.840000152587891,7.420000076293945,7.809999942779541,7.056203365325928,741600,GGAL
2022-08-08,7.940000057220459,8.109999656677246,7.840000152587891,8.069999694824219,7.291110038757324,612400,GGAL
2022-08-09,8.020000457763672,8.130000114440918,7.710000038146973,7.789999961853027,7.038134574890137,391800,GGAL
2022-08-10,7.980000019073486,8.0,7.630000114440918,7.650000095367432,6.911646842956543,358300,GGAL
2022-08-11,7.71999979019165,7.949999809265137,7.699999809265137,7.849999904632568,7.092342853546143,538900,GGAL
2022-08-12,7.880000114440918,8.079999923706055,7.809999942779541,8.069999694824219,7.291110038757324,409500,GGAL
2022-08-15,8.0,8.3100004196167,7.909999847412109,8.3100004196167,7.5079450607299805,464400,GGAL
2022-08-16,8.300000190734863,8.300000190734863,8.100000381469727,8.220000267028809,7.426633358001709,445500,GGAL
2022-08-17,8.15999984741211,8.319999694824219,8.0600004196167,8.109999656677246,7.327249526977539,399500,GGAL
2022-08-18,8.119999885559082,8.229999542236328,8.020000457763672,8.15999984741211,7.3724236488342285,554000,GGAL
2022-08-19,8.109999656677246,8.109999656677246,7.78000020980835,7.820000171661377,7.065238952636719,627800,GGAL
2022-08-22,7.71999979019165,8.119999885559082,7.610000133514404,8.079999923706055,7.300144672393799,779700,GGAL
2022-08-23,8.079999923706055,8.470000267028809,8.050000190734863,8.460000038146973,7.643468856811523,513100,GGAL
2022-08-24,8.399999618530273,8.59000015258789,8.119999885559082,8.550000190734863,7.7247819900512695,957400,GGAL
2022-08-25,8.569999694824219,8.75,8.270000457763672,8.720000267028809,7.878374099731445,681100,GGAL
2022-08-26,8.720000267028809,8.979999542236328,8.600000381469727,8.739999771118164,7.896442890167236,943300,GGAL
2022-08-29,8.59000015258789,9.029999732971191,8.59000015258789,8.680000305175781,7.8422346115112305,1150500,GGAL
2022-08-30,8.65999984741211,8.779999732971191,8.470000267028809,8.489999771118164,7.6705732345581055,700500,GGAL
2022-08-31,8.4399995803833,8.609999656677246,8.109999656677246,8.109999656677246,7.327249526977539,619400,GGAL
2022-09-01,8.100000381469727,8.319999694824219,7.920000076293945,8.289999961853027,7.489876747131348,448000,GGAL
2022-09-02,8.40999984741211,8.6899995803833,8.1899995803833,8.539999961853027,7.715745449066162,702500,GGAL
2022-09-06,8.550000190734863,8.869999885559082,8.510000228881836,8.680000305175781,7.8422346115112305,721100,GGAL
2022-09-07,8.670000076293945,9.149999618530273,8.579999923706055,9.029999732971191,8.158452033996582,1156800,GGAL
2022-09-08,9.039999961853027,9.25,8.640000343322754,8.920000076293945,8.059070587158203,881900,GGAL
2022-09-09,9.020000457763672,9.569999694824219,8.869999885559082,9.520000457763672,8.601161003112793,1266100,GGAL
2022-09-12,9.600000381469727,9.75,9.25,9.369999885559082,8.465639114379883,1238200,GGAL
2022-09-13,9.25,9.619999885559082,8.970000267028809,9.010000228881836,8.140384674072266,804600,GGAL
2022-09-14,9.0,9.279999732971191,8.989999771118164,9.229999542236328,8.339150428771973,446300,GGAL
2022-09-15,9.270000457763672,9.34000015258789,8.8100004196167,8.869999885559082,8.013896942138672,593300,GGAL
2022-09-16,8.720000267028809,8.9399995803833,8.65999984741211,8.84000015258789,7.986793518066406,373500,GGAL
2022-09-19,8.739999771118164,9.289999961853027,8.699999809265137,9.279999732971191,8.384324073791504,352300,GGAL
2022-09-20,9.199999809265137,9.25,9.0,9.119999885559082,8.239768028259277,268400,GGAL
2022-09-21,9.199999809265137,9.199999809265137,8.729999542236328,8.84000015258789,7.986793518066406,438600,GGAL
2022-09-22,8.84000015258789,8.880000114440918,8.65999984741211,8.75,7.905478000640869,240900,GGAL
2022-09-23,8.609999656677246,8.609999656677246,8.25,8.359999656677246,7.553119659423828,430700,GGAL
2022-09-26,8.430000305175781,8.430000305175781,7.829999923706055,7.869999885559082,7.110413074493408,662400,GGAL
2022-09-27,7.929999828338623,8.100000381469727,7.480000019073486,7.510000228881836,6.785159111022949,1548700,GGAL
2022-09-28,7.590000152587891,7.699999809265137,7.400000095367432,7.610000133514404,6.875507831573486,607700,GGAL
2022-09-29,7.53000020980835,7.590000152587891,7.269999980926514,7.519999980926514,6.794193744659424,510900,GGAL
2022-09-30,7.449999809265137,7.659999847412109,7.449999809265137,7.460000038146973,6.821627616882324,560300,GGAL
2022-10-03,7.639999866485596,8.050000190734863,7.559999942779541,8.029999732971191,7.3428497314453125,602100,GGAL
2022-10-04,8.039999961853027,8.289999961853027,8.039999961853027,8.069999694824219,7.379427433013916,551300,GGAL
2022-10-05,7.96999979019165,8.09000015258789,7.820000171661377,7.940000057220459,7.260552406311035,376800,GGAL
2022-10-06,7.860000133514404,8.050000190734863,7.760000228881836,7.769999980926514,7.105099678039551,320200,GGAL
2022-10-07,7.690000057220459,7.809999942779541,7.590000152587891,7.699999809265137,7.0410895347595215,296000,GGAL
2022-10-10,7.670000076293945,7.820000171661377,7.610000133514404,7.619999885559082,6.967935562133789,228800,GGAL
2022-10-11,7.610000133514404,7.710000038146973,7.46999979019165,7.480000019073486,6.8399152755737305,361100,GGAL
2022-10-12,7.460000038146973,7.5,7.25,7.260000228881836,6.638741493225098,412800,GGAL
2022-10-13,7.199999809265137,7.489999771118164,7.159999847412109,7.349999904632568,6.72104024887085,442200,GGAL
2022-10-14,7.46999979019165,7.46999979019165,7.099999904632568,7.159999847412109,6.547299385070801,428800,GGAL
2022-10-17,7.28000020980835,7.550000190734863,7.25,7.449999809265137,6.8124823570251465,306600,GGAL
2022-10-18,7.550000190734863,7.679999828338623,7.320000171661377,7.449999809265137,6.8124823570251465,243500,GGAL
2022-10-19,7.420000076293945,7.550000190734863,7.360000133514404,7.46999979019165,6.830771446228027,347800,GGAL
2022-10-20,7.480000019073486,7.71999979019165,7.46999979019165,7.639999866485596,6.9862236976623535,292100,GGAL
2022-10-21,7.610000133514404,7.849999904632568,7.579999923706055,7.840000152587891,7.16910982131958,592700,GGAL
2022-10-24,7.880000114440918,7.889999866485596,7.53000020980835,7.75,7.08681058883667,411000,GGAL
2022-10-25,7.760000228881836,7.920000076293945,7.690000057220459,7.880000114440918,7.205686092376709,454900,GGAL
2022-10-26,7.889999866485596,8.050000190734863,7.710000038146973,7.769999980926514,7.105099678039551,528000,GGAL
2022-10-27,7.820000171661377,7.96999979019165,7.590000152587891,7.849999904632568,7.178253173828125,287700,GGAL
2022-10-28,7.820000171661377,7.860000133514404,7.550000190734863,7.610000133514404,6.958791255950928,328600,GGAL
2022-10-31,7.559999942779541,7.820000171661377,7.550000190734863,7.760000228881836,7.095954895019531,521400,GGAL
2022-11-01,7.849999904632568,8.210000038146973,7.739999771118164,8.1899995803833,7.4891581535339355,471000,GGAL
2022-11-02,8.220000267028809,8.220000267028809,7.840000152587891,7.840000152587891,7.16910982131958,464900,GGAL
2022-11-03,7.53000020980835,8.039999961853027,7.489999771118164,7.860000133514404,7.1873979568481445,394300,GGAL
2022-11-04,8.010000228881836,8.109999656677246,7.820000171661377,7.989999771118164,7.306272983551025,251700,GGAL
2022-11-07,8.029999732971191,8.079999923706055,7.75,7.769999980926514,7.105099678039551,436500,GGAL
2022-11-08,7.829999923706055,7.940000057220459,7.5,7.71999979019165,7.059377670288086,691700,GGAL
2022-11-09,7.71999979019165,7.789999961853027,7.369999885559082,7.420000076293945,6.785049915313721,606200,GGAL
2022-11-10,7.550000190734863,7.639999866485596,7.349999904632568,7.409999847412109,6.775905132293701,468100,GGAL
2022-11-11,7.489999771118164,7.730000019073486,7.480000019073486,7.670000076293945,7.0136566162109375,291300,GGAL
2022-11-14,7.650000095367432,7.730000019073486,7.579999923706055,7.679999828338623,7.022800922393799,423800,GGAL
2022-11-15,7.840000152587891,7.840000152587891,7.510000228881836,7.539999961853027,6.89478063583374,510900,GGAL
2022-11-16,7.480000019073486,7.550000190734863,7.309999942779541,7.400000095367432,6.76676082611084,441000,GGAL
2022-11-17,7.309999942779541,7.340000152587891,7.130000114440918,7.210000038146973,6.593019485473633,503100,GGAL
2022-11-18,7.119999885559082,7.309999942779541,7.119999885559082,7.289999961853027,6.666174411773682,269900,GGAL
2022-11-21,7.360000133514404,7.360000133514404,7.019999980926514,7.28000020980835,6.65703010559082,283600,GGAL
2022-11-22,7.369999885559082,7.389999866485596,7.21999979019165,7.329999923706055,6.702751636505127,293800,GGAL
2022-11-23,7.269999980926514,7.570000171661377,7.0,7.539999961853027,6.89478063583374,327400,GGAL
2022-11-25,7.619999885559082,7.78000020980835,7.559999942779541,7.75,7.08681058883667,316100,GGAL
2022-11-28,7.75,7.900000095367432,7.610000133514404,7.849999904632568,7.178253173828125,382400,GGAL
2022-11-29,7.940000057220459,8.039999961853027,7.800000190734863,7.920000076293945,7.242262840270996,402000,GGAL
2022-11-30,8.020000457763672,8.100000381469727,7.78000020980835,8.100000381469727,7.406860828399658,392900,GGAL
2022-12-01,8.140000343322754,8.180000305175781,7.920000076293945,8.130000114440918,7.434293270111084,463900,GGAL
2022-12-02,8.050000190734863,8.3100004196167,8.050000190734863,8.220000267028809,7.516592502593994,740100,GGAL
2022-12-05,8.170000076293945,8.170000076293945,7.639999866485596,7.639999866485596,6.9862236976623535,462200,GGAL
2022-12-06,7.71999979019165,7.71999979019165,7.429999828338623,7.630000114440918,6.977080345153809,419000,GGAL
2022-12-07,7.599999904632568,7.96999979019165,7.510000228881836,7.949999809265137,7.26969575881958,522100,GGAL
2022-12-08,8.020000457763672,8.109999656677246,7.480000019073486,7.510000228881836,6.867348670959473,456400,GGAL
2022-12-09,7.550000190734863,7.559999942779541,7.329999923706055,7.440000057220459,6.803338527679443,350700,GGAL
2022-12-12,7.53000020980835,7.78000020980835,7.5,7.760000228881836,7.095954895019531,518600,GGAL
2022-12-13,7.940000057220459,7.940000057220459,7.590000152587891,7.619999885559082,6.967935562133789,522600,GGAL
2022-12-14,7.550000190734863,7.710000038146973,7.46999979019165,7.670000076293945,7.0136566162109375,511500,GGAL
2022-12-15,7.619999885559082,7.710000038146973,7.519999980926514,7.690000057220459,7.03194522857666,344600,GGAL
2022-12-16,7.670000076293945,7.800000190734863,7.610000133514404,7.679999828338623,7.022800922393799,410400,GGAL
2022-12-19,7.489999771118164,7.989999771118164,7.420000076293945,7.960000038146973,7.2788405418396,364600,GGAL
2022-12-20,8.039999961853027,8.739999771118164,7.940000057220459,8.569999694824219,7.83664083480835,858700,GGAL
2022-12-21,8.399999618530273,9.0,8.399999618530273,8.90999984741211,8.147546768188477,1088400,GGAL
2022-12-22,8.90999984741211,8.979999542236328,8.680000305175781,8.949999809265137,8.184123039245605,411700,GGAL
2022-12-23,8.970000267028809,9.289999961853027,8.800000190734863,9.279999732971191,8.485883712768555,627000,GGAL
2022-12-27,9.260000228881836,9.390000343322754,9.109999656677246,9.359999656677246,8.559038162231445,424800,GGAL
2022-12-28,9.300000190734863,9.75,9.1899995803833,9.630000114440918,8.805932998657227,849400,GGAL
2022-12-29,9.699999809265137,9.899999618530273,9.420000076293945,9.609999656677246,8.78764533996582,703900,GGAL
2022-12-30,9.59000015258789,9.890000343322754,9.529999732971191,9.729999542236328,8.89737606048584,444500,GGAL
2023-01-03,9.699999809265137,9.970000267028809,9.479999542236328,9.550000190734863,8.732779502868652,645600,GGAL
2023-01-04,9.569999694824219,9.920000076293945,9.470000267028809,9.890000343322754,9.043685913085938,620700,GGAL
2023-01-05,9.800000190734863,10.649999618530273,9.729999542236328,10.5600004196167,9.656352043151855,980100,GGAL
2023-01-06,10.600000381469727,11.350000381469727,10.600000381469727,11.100000381469727,10.150142669677734,1569500,GGAL
2023-01-09,11.180000305175781,11.460000038146973,10.960000038146973,11.399999618530273,10.424469947814941,941200,GGAL
2023-01-10,11.539999961853027,11.600000381469727,11.100000381469727,11.579999923706055,10.589067459106445,756300,GGAL
2023-01-11,11.640000343322754,12.449999809265137,11.630000114440918,12.390000343322754,11.329753875732422,1387400,GGAL
2023-01-12,12.350000381469727,12.920000076293945,11.899999618530273,12.850000381469727,11.75039005279541,1219600,GGAL
2023-01-13,12.739999771118164,13.359999656677246,12.510000228881836,13.039999961853027,11.9241304397583,1095300,GGAL
2023-01-17,12.970000267028809,13.859999656677246,12.8100004196167,13.760000228881836,12.582517623901367,1452900,GGAL
2023-01-18,14.140000343322754,14.25,12.319999694824219,12.399999618530273,11.338897705078125,2687200,GGAL
2023-01-19,12.199999809265137,12.970000267028809,11.8100004196167,12.890000343322754,11.786967277526855,1694700,GGAL
2023-01-20,12.949999809265137,13.930000305175781,12.569999694824219,13.75,12.573373794555664,1528900,GGAL
2023-01-23,13.850000381469727,14.039999961853027,13.390000343322754,13.579999923706055,12.41792106628418,1165900,GGAL
2023-01-24,13.630000114440918,13.800000190734863,13.319999694824219,13.529999732971191,12.372200012207031,799700,GGAL
2023-01-25,13.130000114440918,14.130000114440918,13.0600004196167,14.050000190734863,12.847702980041504,928200,GGAL
2023-01-26,14.199999809265137,14.239999771118164,13.800000190734863,13.899999618530273,12.710537910461426,573500,GGAL
2023-01-27,13.6899995803833,13.880000114440918,13.229999542236328,13.239999771118164,12.173575401306152,415400,GGAL
2023-01-30,13.0,13.420000076293945,12.619999885559082,12.630000114440918,11.612709999084473,1175900,GGAL
2023-01-31,12.630000114440918,13.539999961853027,12.630000114440918,13.399999618530273,12.32068920135498,665500,GGAL
2023-02-01,13.479999542236328,13.520000457763672,12.899999618530273,13.170000076293945,12.109214782714844,767900,GGAL
2023-02-02,13.329999923706055,13.579999923706055,13.069999694824219,13.130000114440918,12.07243824005127,550500,GGAL
2023-02-03,13.050000190734863,13.170000076293945,12.300000190734863,12.329999923706055,11.336874008178711,1047200,GGAL
2023-02-06,12.489999771118164,12.739999771118164,12.180000305175781,12.720000267028809,11.695460319519043,695900,GGAL
2023-02-07,12.75,13.039999961853027,12.579999923706055,12.779999732971191,11.750628471374512,721100,GGAL
2023-02-08,12.8100004196167,13.010000228881836,12.34000015258789,12.970000267028809,11.925324440002441,377700,GGAL
2023-02-09,12.930000305175781,13.140000343322754,12.520000457763672,12.699999809265137,11.677071571350098,699600,GGAL
2023-02-10,12.579999923706055,12.829999923706055,12.460000038146973,12.760000228881836,11.732239723205566,365100,GGAL
2023-02-13,12.800000190734863,13.59000015258789,12.699999809265137,13.550000190734863,12.458608627319336,1095100,GGAL
2023-02-14,13.59000015258789,14.1899995803833,13.369999885559082,13.920000076293945,12.798806190490723,1398800,GGAL
2023-02-15,13.979999542236328,14.079999923706055,13.449999809265137,13.829999923706055,12.716054916381836,991000,GGAL
2023-02-16,13.890000343322754,14.210000038146973,13.609999656677246,13.949999809265137,12.82638931274414,903600,GGAL
2023-02-17,13.710000038146973,13.90999984741211,13.229999542236328,13.300000190734863,12.228743553161621,962600,GGAL
2023-02-21,13.300000190734863,13.609999656677246,13.100000381469727,13.15999984741211,12.100020408630371,790800,GGAL
2023-02-22,13.359999656677246,13.399999618530273,12.920000076293945,13.239999771118164,12.173575401306152,1142300,GGAL
2023-02-23,13.369999885559082,13.779999732971191,13.319999694824219,13.539999961853027,12.44941234588623,547400,GGAL
2023-02-24,13.329999923706055,13.489999771118164,13.039999961853027,13.449999809265137,12.36666202545166,270700,GGAL
2023-02-27,13.489999771118164,13.800000190734863,13.489999771118164,13.710000038146973,12.605720520019531,358700,GGAL
2023-02-28,13.75,13.960000038146973,13.279999732971191,13.319999694824219,12.247133255004883,536400,GGAL
2023-03-01,13.350000381469727,13.430000305175781,13.109999656677246,13.420000076293945,12.339079856872559,228400,GGAL
2023-03-02,13.260000228881836,13.329999923706055,12.430000305175781,12.479999542236328,11.47479248046875,627400,GGAL
2023-03-03,12.420000076293945,12.9399995803833,12.420000076293945,12.84000015258789,11.805795669555664,522300,GGAL
2023-03-06,12.65999984741211,13.1899995803833,12.300000190734863,13.039999961853027,11.989686012268066,572800,GGAL
2023-03-07,13.050000190734863,13.149999618530273,12.59000015258789,12.670000076293945,11.64948844909668,596400,GGAL
2023-03-08,12.40999984741211,13.260000228881836,12.40999984741211,13.180000305175781,12.118410110473633,712400,GGAL
2023-03-09,13.180000305175781,13.210000038146973,12.529999732971191,12.5600004196167,11.548349380493164,474300,GGAL
2023-03-10,12.390000343322754,12.390000343322754,11.600000381469727,11.710000038146973,10.76681137084961,1081100,GGAL
2023-03-13,11.350000381469727,11.890000343322754,11.010000228881836,11.270000457763672,10.362252235412598,773800,GGAL
2023-03-14,11.369999885559082,11.84000015258789,10.90999984741211,10.989999771118164,10.104804992675781,636900,GGAL
2023-03-15,10.789999961853027,10.789999961853027,10.140000343322754,10.3100004196167,9.479575157165527,979800,GGAL
2023-03-16,10.1899995803833,10.960000038146973,10.020000457763672,10.880000114440918,10.003664016723633,716600,GGAL
2023-03-17,10.710000038146973,10.720000267028809,10.300000190734863,10.4399995803833,9.599103927612305,386900,GGAL
2023-03-20,10.449999809265137,10.680000305175781,10.279999732971191,10.279999732971191,9.45199203491211,289600,GGAL
2023-03-21,10.680000305175781,11.119999885559082,10.4399995803833,11.050000190734863,10.159971237182617,580200,GGAL
2023-03-22,11.010000228881836,11.050000190734863,10.729999542236328,10.739999771118164,9.874940872192383,392000,GGAL
2023-03-23,10.829999923706055,11.020000457763672,10.399999618530273,10.579999923706055,9.727828025817871,437000,GGAL
2023-03-24,10.4399995803833,10.75,10.34000015258789,10.649999618530273,9.792189598083496,215800,GGAL
2023-03-27,10.90999984741211,11.279999732971191,10.779999732971191,11.1899995803833,10.288694381713867,443000,GGAL
2023-03-28,11.100000381469727,11.479999542236328,11.0600004196167,11.399999618530273,10.481780052185059,507500,GGAL
2023-03-29,11.470000267028809,11.8100004196167,11.329999923706055,11.630000114440918,10.693254470825195,614000,GGAL
2023-03-30,11.829999923706055,11.850000381469727,11.239999771118164,11.399999618530273,10.481780052185059,573100,GGAL
2023-03-31,11.4399995803833,11.5600004196167,10.699999809265137,10.979999542236328,10.09560775756836,606400,GGAL
2023-04-03,11.039999961853027,11.399999618530273,10.84000015258789,11.359999656677246,10.445001602172852,462600,GGAL
2023-04-04,11.489999771118164,11.579999923706055,10.9399995803833,11.09000015258789,10.19675064086914,301700,GGAL
2023-04-05,11.010000228881836,11.09000015258789,10.829999923706055,11.09000015258789,10.19675064086914,268900,GGAL
2023-04-06,11.119999885559082,11.220000267028809,10.920000076293945,10.9399995803833,10.058830261230469,174800,GGAL
2023-04-10,10.890000343322754,11.279999732971191,10.829999923706055,11.130000114440918,10.233528137207031,840400,GGAL
2023-04-11,11.210000038146973,11.670000076293945,11.210000038146973,11.649999618530273,10.711644172668457,883100,GGAL
2023-04-12,11.850000381469727,12.420000076293945,11.720000267028809,12.359999656677246,11.364455223083496,1059000,GGAL
2023-04-13,12.350000381469727,12.649999618530273,12.270000457763672,12.4399995803833,11.438013076782227,661200,GGAL
2023-04-14,12.510000228881836,12.789999961853027,12.380000114440918,12.729999542236328,11.704654693603516,1015800,GGAL
2023-04-17,12.729999542236328,12.970000267028809,12.529999732971191,12.930000305175781,11.88854694366455,724200,GGAL
2023-04-18,13.0,13.180000305175781,12.25,12.380000114440918,11.382845878601074,938700,GGAL
2023-04-19,12.199999809265137,12.199999809265137,11.539999961853027,11.640000343322754,10.7024507522583,1146700,GGAL
2023-04-20,11.630000114440918,12.010000228881836,11.600000381469727,11.869999885559082,10.913924217224121,788000,GGAL
2023-04-21,11.6899995803833,12.109999656677246,11.569999694824219,11.65999984741211,10.72083854675293,447600,GGAL
2023-04-24,11.6899995803833,11.989999771118164,11.479999542236328,11.699999809265137,10.757616996765137,368800,GGAL
2023-04-25,11.550000190734863,11.739999771118164,11.229999542236328,11.630000114440918,10.693254470825195,416900,GGAL
2023-04-26,11.710000038146973,11.890000343322754,11.420000076293945,11.489999771118164,10.564531326293945,435500,GGAL
2023-04-27,11.5,11.609999656677246,11.279999732971191,11.479999542236328,10.555337905883789,265500,GGAL
2023-04-28,11.420000076293945,11.550000190734863,11.010000228881836,11.520000457763672,10.592116355895996,409500,GGAL
2023-05-01,11.609999656677246,11.649999618530273,10.850000381469727,11.199999809265137,10.297890663146973,269100,GGAL
2023-05-02,11.210000038146973,11.399999618530273,10.90999984741211,11.390000343322754,10.472586631774902,591500,GGAL
2023-05-03,11.239999771118164,11.520000457763672,11.210000038146973,11.300000190734863,10.389836311340332,269100,GGAL
2023-05-04,11.229999542236328,11.289999961853027,10.680000305175781,10.930000305175781,10.049637794494629,621100,GGAL
2023-05-05,11.09000015258789,11.930000305175781,10.949999809265137,11.65999984741211,10.72083854675293,644400,GGAL
2023-05-08,11.729999542236328,12.130000114440918,11.729999542236328,11.930000305175781,10.96909236907959,349700,GGAL
2023-05-09,11.869999885559082,12.279999732971191,11.859999656677246,12.140000343322754,11.162177085876465,230500,GGAL
2023-05-10,12.25,12.390000343322754,12.050000190734863,12.350000381469727,11.355262756347656,269700,GGAL
2023-05-11,12.130000114440918,12.789999961853027,12.09000015258789,12.75,11.723044395446777,894500,GGAL
2023-05-12,12.779999732971191,12.890000343322754,12.279999732971191,12.390000343322754,11.392041206359863,605900,GGAL
2023-05-15,12.329999923706055,12.5,12.020000457763672,12.25,11.263318061828613,671400,GGAL
2023-05-16,12.119999885559082,12.449999809265137,11.260000228881836,11.350000381469727,10.435808181762695,795700,GGAL
2023-05-17,11.520000457763672,11.859999656677246,11.25,11.84000015258789,10.886341094970703,523200,GGAL
2023-05-18,11.850000381469727,11.850000381469727,11.4399995803833,11.529999732971191,10.601308822631836,286500,GGAL
2023-05-19,11.59000015258789,11.720000267028809,11.380000114440918,11.600000381469727,10.665672302246094,165300,GGAL
2023-05-22,11.600000381469727,11.819999694824219,11.289999961853027,11.369999885559082,10.454197883605957,356200,GGAL
2023-05-23,11.270000457763672,11.880000114440918,11.270000457763672,11.460000038146973,10.536948204040527,439900,GGAL
2023-05-24,11.449999809265137,11.899999618530273,11.210000038146973,11.760000228881836,10.812785148620605,671400,GGAL
2023-05-25,11.699999809265137,11.850000381469727,11.4399995803833,11.65999984741211,10.72083854675293,225200,GGAL
2023-05-26,11.630000114440918,11.880000114440918,11.449999809265137,11.680000305175781,10.739229202270508,252200,GGAL
2023-05-30,11.600000381469727,12.140000343322754,11.350000381469727,12.109999656677246,11.134593963623047,326300,GGAL
2023-05-31,11.619999885559082,12.010000228881836,11.449999809265137,11.869999885559082,11.339019775390625,576200,GGAL
2023-06-01,11.829999923706055,12.279999732971191,11.729999542236328,12.09000015258789,11.549179077148438,337500,GGAL
2023-06-02,12.25,12.350000381469727,11.779999732971191,11.819999694824219,11.29125690460205,324900,GGAL
2023-06-05,11.770000457763672,12.369999885559082,11.640000343322754,12.329999923706055,11.778443336486816,468500,GGAL
2023-06-06,12.350000381469727,13.960000038146973,12.350000381469727,13.930000305175781,13.306870460510254,2169500,GGAL
2023-06-07,13.899999618530273,14.600000381469727,13.619999885559082,14.5,13.851372718811035,1626200,GGAL
2023-06-08,14.390000343322754,14.869999885559082,14.149999618530273,14.680000305175781,14.023320198059082,1019700,GGAL
2023-06-09,14.8100004196167,15.170000076293945,14.569999694824219,14.8100004196167,14.147506713867188,697500,GGAL
2023-06-12,14.739999771118164,15.029999732971191,14.399999618530273,14.600000381469727,13.946900367736816,632200,GGAL
2023-06-13,14.800000190734863,15.270000457763672,14.449999809265137,15.180000305175781,14.500955581665039,495500,GGAL
2023-06-14,15.260000228881836,15.640000343322754,15.0600004196167,15.529999732971191,14.835297584533691,685600,GGAL
2023-06-15,15.600000381469727,16.18000030517578,15.529999732971191,15.960000038146973,15.246063232421875,1200900,GGAL
2023-06-16,16.200000762939453,17.040000915527344,15.619999885559082,16.8700008392334,16.1153564453125,1720100,GGAL
2023-06-20,17.010000228881836,17.34000015258789,16.43000030517578,17.149999618530273,16.382829666137695,1331000,GGAL
2023-06-21,17.149999618530273,17.989999771118164,16.899999618530273,17.799999237060547,17.003753662109375,1426200,GGAL
2023-06-22,17.790000915527344,17.799999237060547,16.5,16.5,15.761906623840332,1639800,GGAL
2023-06-23,16.309999465942383,17.149999618530273,16.110000610351562,16.780000686645508,16.029382705688477,915600,GGAL
2023-06-26,17.56999969482422,18.15999984741211,17.020000457763672,17.56999969482422,16.784042358398438,1234700,GGAL
2023-06-27,17.739999771118164,17.739999771118164,16.420000076293945,16.770000457763672,16.01983070373535,1184700,GGAL
2023-06-28,16.959999084472656,17.6200008392334,16.649999618530273,16.8700008392334,16.1153564453125,957700,GGAL
2023-06-29,16.790000915527344,17.270000457763672,16.510000228881836,17.239999771118164,16.46880531311035,584000,GGAL
2023-06-30,17.520000457763672,17.520000457763672,16.93000030517578,17.200000762939453,16.43059539794922,762000,GGAL
2023-07-03,17.049999237060547,17.739999771118164,17.049999237060547,17.309999465942383,16.535673141479492,472200,GGAL
2023-07-05,17.15999984741211,17.6200008392334,16.899999618530273,17.440000534057617,16.65985870361328,651100,GGAL
2023-07-06,17.170000076293945,17.31999969482422,15.8100004196167,16.110000610351562,15.38935375213623,1325000,GGAL
2023-07-07,16.559999465942383,16.760000228881836,16.309999465942383,16.59000015258789,15.847879409790039,527700,GGAL
2023-07-10,16.309999465942383,16.520000457763672,16.110000610351562,16.1299991607666,15.56893253326416,409000,GGAL
2023-07-11,16.139999389648438,16.350000381469727,15.75,16.329999923706055,15.761978149414062,648400,GGAL
2023-07-12,16.489999771118164,16.989999771118164,16.3700008392334,16.700000762939453,16.119110107421875,645000,GGAL
2023-07-13,16.8799991607666,17.530000686645508,16.760000228881836,17.3700008392334,16.765804290771484,794800,GGAL
2023-07-14,17.34000015258789,17.34000015258789,16.1200008392334,16.280000686645508,15.71371841430664,1051300,GGAL
2023-07-17,16.520000457763672,17.579999923706055,16.469999313354492,17.170000076293945,16.572757720947266,981600,GGAL
2023-07-18,17.06999969482422,17.739999771118164,17.06999969482422,17.43000030517578,16.823715209960938,853500,GGAL
2023-07-19,17.3799991607666,17.639999389648438,16.860000610351562,17.100000381469727,16.505191802978516,636400,GGAL
2023-07-20,17.0,17.489999771118164,16.829999923706055,17.399999618530273,16.794757843017578,596600,GGAL
2023-07-21,17.530000686645508,18.15999984741211,17.280000686645508,17.850000381469727,17.229106903076172,861600,GGAL
2023-07-24,18.059999465942383,18.520000457763672,17.3700008392334,17.3799991607666,16.775453567504883,912200,GGAL
2023-07-25,17.260000228881836,17.770000457763672,16.940000534057617,17.68000030517578,17.065019607543945,617700,GGAL
2023-07-26,17.68000030517578,17.920000076293945,17.520000457763672,17.760000228881836,17.14223861694336,278900,GGAL
2023-07-27,17.760000228881836,17.799999237060547,16.479999542236328,16.520000457763672,15.945367813110352,1078600,GGAL
2023-07-28,16.809999465942383,17.200000762939453,16.540000915527344,16.719999313354492,16.2972412109375,760600,GGAL
2023-07-31,16.940000534057617,17.0,16.459999084472656,16.950000762939453,16.521427154541016,559500,GGAL
2023-08-01,16.700000762939453,16.969999313354492,16.290000915527344,16.389999389648438,15.975584983825684,476100,GGAL
2023-08-02,16.31999969482422,16.3799991607666,15.600000381469727,15.8100004196167,15.410250663757324,822600,GGAL
2023-08-03,15.8100004196167,16.030000686645508,15.5,15.680000305175781,15.283536911010742,589600,GGAL
2023-08-04,15.84000015258789,16.690000534057617,15.84000015258789,16.350000381469727,15.936596870422363,875700,GGAL
2023-08-07,16.350000381469727,16.489999771118164,15.800000190734863,16.100000381469727,15.692917823791504,643800,GGAL
2023-08-08,15.90999984741211,16.989999771118164,15.850000381469727,16.729999542236328,16.306989669799805,830000,GGAL
2023-08-09,16.809999465942383,17.100000381469727,16.549999237060547,16.610000610351562,16.190021514892578,519100,GGAL
2023-08-10,16.719999313354492,17.520000457763672,16.600000381469727,17.209999084472656,16.774850845336914,943500,GGAL
2023-08-11,17.270000457763672,17.56999969482422,16.770000457763672,16.770000457763672,16.345977783203125,1278100,GGAL
2023-08-14,16.270000457763672,16.559999465942383,13.920000076293945,15.800000190734863,15.400503158569336,3228000,GGAL
2023-08-15,15.319999694824219,16.280000686645508,15.319999694824219,15.649999618530273,15.254294395446777,798000,GGAL
2023-08-16,15.619999885559082,16.579999923706055,15.399999618530273,15.949999809265137,15.546710014343262,2121500,GGAL
2023-08-17,16.030000686645508,16.299999237060547,15.15999984741211,15.319999694824219,14.932638168334961,866200,GGAL
2023-08-18,15.300000190734863,15.430000305175781,14.890000343322754,15.170000076293945,14.786431312561035,934000,GGAL
2023-08-21,15.079999923706055,15.239999771118164,14.75,15.029999732971191,14.649971961975098,425700,GGAL
2023-08-22,15.229999542236328,15.800000190734863,14.949999809265137,15.539999961853027,15.147076606750488,597200,GGAL
2023-08-23,15.569999694824219,16.700000762939453,15.4399995803833,16.530000686645508,16.112045288085938,819900,GGAL
2023-08-24,16.6200008392334,16.799999237060547,15.800000190734863,15.859999656677246,15.593887329101562,755300,GGAL
2023-08-25,15.880000114440918,16.579999923706055,15.699999809265137,16.540000915527344,16.26247787475586,747800,GGAL
2023-08-28,16.940000534057617,17.81999969482422,16.59000015258789,17.809999465942383,17.511167526245117,1089000,GGAL
2023-08-29,17.899999618530273,18.639999389648438,17.649999618530273,18.25,17.94378662109375,971100,GGAL
2023-08-30,18.489999771118164,18.6200008392334,17.809999465942383,18.139999389648438,17.835630416870117,1040800,GGAL
2023-08-31,18.200000762939453,18.350000381469727,17.469999313354492,18.079999923706055,17.77663803100586,1046100,GGAL
2023-09-01,18.0,18.459999084472656,17.530000686645508,17.579999923706055,17.2850284576416,554700,GGAL
2023-09-05,17.420000076293945,17.6200008392334,16.739999771118164,16.809999465942383,16.52794647216797,1127500,GGAL
2023-09-06,16.989999771118164,17.420000076293945,16.399999618530273,16.56999969482422,16.291973114013672,472100,GGAL
2023-09-07,16.530000686645508,16.709999084472656,16.059999465942383,16.329999923706055,16.056001663208008,409400,GGAL
2023-09-08,16.440000534057617,17.0,15.680000305175781,15.859999656677246,15.593887329101562,999200,GGAL
2023-09-11,16.18000030517578,16.530000686645508,15.640000343322754,15.739999771118164,15.475900650024414,515700,GGAL
2023-09-12,15.710000038146973,16.290000915527344,15.4399995803833,15.970000267028809,15.702042579650879,593900,GGAL
2023-09-13,16.110000610351562,16.350000381469727,15.640000343322754,16.049999237060547,15.780698776245117,406700,GGAL
2023-09-14,16.219999313354492,16.479999542236328,15.850000381469727,16.229999542236328,15.957677841186523,437200,GGAL
2023-09-15,16.260000228881836,16.34000015258789,15.729999542236328,15.869999885559082,15.603719711303711,365800,GGAL
2023-09-18,15.880000114440918,16.350000381469727,15.699999809265137,16.309999465942383,16.03633689880371,362100,GGAL
2023-09-19,16.239999771118164,16.350000381469727,15.75,15.789999961853027,15.525062561035156,537900,GGAL
2023-09-20,15.899999618530273,16.209999084472656,15.279999732971191,15.3100004196167,15.053116798400879,533300,GGAL
2023-09-21,15.09000015258789,15.239999771118164,14.649999618530273,14.949999809265137,14.699155807495117,738400,GGAL
2023-09-22,14.979999542236328,15.180000305175781,14.619999885559082,14.640000343322754,14.505942344665527,449200,GGAL
2023-09-25,14.529999732971191,14.729999542236328,14.220000267028809,14.289999961853027,14.159147262573242,660700,GGAL
2023-09-26,14.170000076293945,14.40999984741211,13.800000190734863,13.84000015258789,13.713268280029297,717800,GGAL
2023-09-27,13.670000076293945,14.140000343322754,13.600000381469727,13.760000228881836,13.634000778198242,915900,GGAL
2023-09-28,13.800000190734863,14.0600004196167,13.699999809265137,13.869999885559082,13.742993354797363,542300,GGAL
2023-09-29,14.0600004196167,14.180000305175781,13.029999732971191,13.050000190734863,12.930501937866211,771700,GGAL
2023-10-02,12.979999542236328,13.029999732971191,12.550000190734863,12.649999618530273,12.534164428710938,1001000,GGAL
2023-10-03,12.579999923706055,12.760000228881836,12.069999694824219,12.119999885559082,12.009017944335938,1521100,GGAL
2023-10-04,12.130000114440918,12.300000190734863,11.729999542236328,12.270000457763672,12.157645225524902,837800,GGAL
2023-10-05,12.1899995803833,12.770000457763672,12.109999656677246,12.680000305175781,12.56389045715332,642400,GGAL
2023-10-06,12.529999732971191,13.010000228881836,12.319999694824219,12.770000457763672,12.653066635131836,903800,GGAL
2023-10-09,12.699999809265137,12.970000267028809,12.329999923706055,12.380000114440918,12.266636848449707,528500,GGAL
2023-10-10,12.380000114440918,12.640000343322754,11.850000381469727,12.029999732971191,11.919841766357422,1083800,GGAL
2023-10-11,12.109999656677246,12.479999542236328,12.109999656677246,12.399999618530273,12.286453247070312,818800,GGAL
2023-10-12,12.359999656677246,12.359999656677246,11.869999885559082,12.100000381469727,11.989201545715332,787200,GGAL
2023-10-13,12.149999618530273,12.300000190734863,11.890000343322754,11.930000305175781,11.820757865905762,500100,GGAL
2023-10-16,12.0,12.710000038146973,11.970000267028809,12.600000381469727,12.484622955322266,717400,GGAL
2023-10-17,12.460000038146973,12.75,12.15999984741211,12.489999771118164,12.375629425048828,736600,GGAL
2023-10-18,12.449999809265137,12.600000381469727,12.039999961853027,12.289999961853027,12.177460670471191,981800,GGAL
2023-10-19,12.140000343322754,12.210000038146973,11.479999542236328,11.670000076293945,11.563138961791992,1425900,GGAL
2023-10-20,11.640000343322754,11.890000343322754,10.920000076293945,11.329999923706055,11.226251602172852,2087300,GGAL
2023-10-23,10.579999923706055,11.760000228881836,10.569999694824219,11.479999542236328,11.3748779296875,2963200,GGAL
2023-10-24,11.65999984741211,11.699999809265137,10.960000038146973,11.069999694824219,10.968632698059082,1633700,GGAL
2023-10-25,11.109999656677246,12.050000190734863,11.0,11.84000015258789,11.731581687927246,1169200,GGAL
2023-10-26,11.800000190734863,12.0600004196167,11.279999732971191,11.930000305175781,11.820757865905762,530400,GGAL
2023-10-27,12.09000015258789,12.170000076293945,11.649999618530273,11.75,11.64240550994873,475700,GGAL
2023-10-30,11.880000114440918,11.9399995803833,10.9399995803833,11.130000114440918,11.028083801269531,834100,GGAL
2023-10-31,10.869999885559082,11.270000457763672,10.760000228881836,11.210000038146973,11.10735034942627,1107900,GGAL
2023-11-01,11.270000457763672,12.220000267028809,11.140000343322754,11.949999809265137,11.840574264526367,826100,GGAL
2023-11-02,12.210000038146973,12.449999809265137,12.020000457763672,12.3100004196167,12.197278022766113,599700,GGAL
2023-11-03,12.59000015258789,12.6899995803833,12.380000114440918,12.4399995803833,12.32608699798584,491700,GGAL
2023-11-06,12.600000381469727,12.600000381469727,11.979999542236328,12.039999961853027,11.929750442504883,299900,GGAL
2023-11-07,12.100000381469727,12.479999542236328,11.920000076293945,12.069999694824219,11.95947551727295,436400,GGAL
2023-11-08,12.100000381469727,12.149999618530273,11.649999618530273,11.720000267028809,11.612680435180664,349700,GGAL
2023-11-09,11.6899995803833,12.199999809265137,11.649999618530273,11.770000457763672,11.662222862243652,247200,GGAL
2023-11-10,11.920000076293945,12.40999984741211,11.699999809265137,11.779999732971191,11.672130584716797,417400,GGAL
2023-11-13,11.569999694824219,11.989999771118164,11.479999542236328,11.65999984741211,11.553230285644531,343600,GGAL
2023-11-14,11.970000267028809,12.100000381469727,11.710000038146973,11.960000038146973,11.850482940673828,541200,GGAL
2023-11-15,11.850000381469727,12.270000457763672,11.770000457763672,11.989999771118164,11.880208015441895,529400,GGAL
2023-11-16,11.949999809265137,12.25,11.680000305175781,11.869999885559082,11.761306762695312,887800,GGAL
2023-11-17,11.800000190734863,12.670000076293945,11.75,12.5,12.385538101196289,1071800,GGAL
2023-11-20,14.789999961853027,15.8100004196167,14.5,14.649999618530273,14.515850067138672,4653700,GGAL
2023-11-21,13.880000114440918,14.680000305175781,13.619999885559082,14.5600004196167,14.426675796508789,2257100,GGAL
2023-11-22,14.5,14.699999809265137,13.0600004196167,13.5,13.376380920410156,2274000,GGAL
2023-11-24,13.8100004196167,15.699999809265137,13.770000457763672,15.319999694824219,15.179715156555176,2110200,GGAL
2023-11-27,16.079999923706055,17.959999084472656,15.789999961853027,16.81999969482422,16.665979385375977,4987800,GGAL
2023-11-28,17.030000686645508,17.149999618530273,16.18000030517578,16.8799991607666,16.72542953491211,1763900,GGAL
2023-11-29,16.899999618530273,17.8799991607666,16.34000015258789,17.31999969482422,17.161401748657227,1343200,GGAL
2023-11-30,17.299999237060547,17.540000915527344,16.81999969482422,17.18000030517578,17.02268409729004,895700,GGAL
2023-12-01,17.100000381469727,17.1200008392334,16.559999465942383,16.93000030517578,16.774972915649414,984900,GGAL
2023-12-04,16.809999465942383,16.920000076293945,16.110000610351562,16.8799991607666,16.72542953491211,1134400,GGAL
2023-12-05,16.639999389648438,17.690000534057617,16.510000228881836,17.31999969482422,17.161401748657227,1701900,GGAL
2023-12-06,17.43000030517578,17.579999923706055,16.700000762939453,16.93000030517578,16.774972915649414,1070100,GGAL
2023-12-07,17.389999389648438,17.75,16.639999389648438,17.0,16.844331741333008,1097100,GGAL
2023-12-08,16.979999542236328,17.6200008392334,16.799999237060547,17.5,17.339754104614258,807600,GGAL
2023-12-11,16.989999771118164,17.530000686645508,16.540000915527344,17.469999313354492,17.310028076171875,1098200,GGAL
2023-12-12,17.479999542236328,17.860000610351562,16.81999969482422,17.280000686645508,17.121768951416016,1212300,GGAL
2023-12-13,16.700000762939453,17.8700008392334,16.0,17.860000610351562,17.696456909179688,2609700,GGAL
2023-12-14,18.09000015258789,18.420000076293945,17.139999389648438,17.329999923706055,17.171310424804688,1289100,GGAL
2023-12-15,17.25,17.469999313354492,16.389999389648438,16.450000762939453,16.29936981201172,1406900,GGAL
2023-12-18,16.719999313354492,17.139999389648438,16.559999465942383,17.010000228881836,16.85424041748047,716300,GGAL
2023-12-19,17.06999969482422,17.309999465942383,16.440000534057617,16.729999542236328,16.57680320739746,750400,GGAL
2023-12-20,16.940000534057617,17.989999771118164,16.579999923706055,17.510000228881836,17.34966278076172,1540700,GGAL
2023-12-21,18.219999313354492,19.1299991607666,17.3799991607666,17.770000457763672,17.607280731201172,2339100,GGAL
2023-12-22,17.690000534057617,18.729999542236328,17.399999618530273,18.200000762939453,18.033344268798828,1135500,GGAL
2023-12-26,18.209999084472656,18.6200008392334,17.700000762939453,17.81999969482422,17.656822204589844,848600,GGAL
2023-12-27,17.770000457763672,18.40999984741211,17.420000076293945,17.729999542236328,17.567646026611328,1119800,GGAL
2023-12-28,17.360000610351562,17.760000228881836,17.18000030517578,17.360000610351562,17.20103645324707,1139000,GGAL
2023-12-29,17.489999771118164,17.65999984741211,17.100000381469727,17.270000457763672,17.111860275268555,590400,GGAL
2024-01-02,17.149999618530273,17.309999465942383,16.709999084472656,16.959999084472656,16.804697036743164,984200,GGAL
2024-01-03,16.84000015258789,17.209999084472656,16.739999771118164,16.780000686645508,16.626346588134766,673700,GGAL
2024-01-04,16.860000610351562,17.049999237060547,16.18000030517578,16.239999771118164,16.091291427612305,921600,GGAL
2024-01-05,16.100000381469727,16.639999389648438,16.100000381469727,16.489999771118164,16.33900260925293,865900,GGAL
2024-01-08,16.639999389648438,16.639999389648438,16.100000381469727,16.600000381469727,16.447994232177734,469600,GGAL
2024-01-09,16.25,16.479999542236328,15.4399995803833,15.489999771118164,15.348158836364746,938700,GGAL
2024-01-10,15.4399995803833,16.1299991607666,15.34000015258789,16.09000015258789,15.942665100097656,859600,GGAL
2024-01-11,16.440000534057617,16.600000381469727,15.720000267028809,15.779999732971191,15.635502815246582,640700,GGAL
2024-01-12,15.829999923706055,16.280000686645508,15.829999923706055,15.979999542236328,15.833671569824219,558500,GGAL
2024-01-16,16.0,16.0,15.4399995803833,15.680000305175781,15.536419868469238,793100,GGAL
2024-01-17,15.399999618530273,16.270000457763672,15.319999694824219,16.260000228881836,16.111108779907227,1025400,GGAL
2024-01-18,16.329999923706055,16.709999084472656,15.739999771118164,16.670000076293945,16.517353057861328,1133600,GGAL
2024-01-19,16.719999313354492,17.270000457763672,16.649999618530273,17.190000534057617,17.0325927734375,1350600,GGAL
2024-01-22,17.270000457763672,18.5,17.270000457763672,18.18000030517578,18.013526916503906,2340700,GGAL
2024-01-23,18.299999237060547,18.520000457763672,17.81999969482422,18.389999389648438,18.221603393554688,1320300,GGAL
2024-01-24,18.739999771118164,19.3700008392334,18.59000015258789,19.0,18.826017379760742,1504600,GGAL
2024-01-25,19.0,20.31999969482422,18.989999771118164,20.31999969482422,20.133930206298828,1566100,GGAL
2024-01-26,20.989999771118164,21.309999465942383,20.149999618530273,21.280000686645508,21.085140228271484,1730500,GGAL
2024-01-29,20.450000762939453,21.360000610351562,20.139999389648438,21.280000686645508,21.085140228271484,2121700,GGAL
2024-01-30,21.5,21.979999542236328,21.149999618530273,21.5,21.303125381469727,1448100,GGAL
2024-01-31,21.420000076293945,22.260000228881836,21.18000030517578,21.610000610351562,21.412118911743164,1067800,GGAL
2024-02-01,21.770000457763672,22.049999237060547,21.3799991607666,21.829999923706055,21.630104064941406,845400,GGAL
2024-02-02,21.600000381469727,21.979999542236328,21.420000076293945,21.899999618530273,21.699462890625,532600,GGAL
2024-02-05,21.809999465942383,21.950000762939453,20.469999313354492,20.770000457763672,20.579811096191406,988600,GGAL
2024-02-06,20.780000686645508,21.290000915527344,20.309999465942383,20.65999984741211,20.47081756591797,962200,GGAL
2024-02-07,19.59000015258789,19.93000030517578,18.829999923706055,19.31999969482422,19.14308738708496,1554500,GGAL
2024-02-08,19.209999084472656,19.610000610351562,18.06999969482422,18.149999618530273,17.983800888061523,1333900,GGAL
2024-02-09,18.200000762939453,19.049999237060547,18.020000457763672,19.0,18.826017379760742,1392300,GGAL
2024-02-12,18.959999084472656,19.3799991607666,18.959999084472656,19.25,19.073728561401367,390500,GGAL
2024-02-13,18.75,19.3700008392334,18.549999237060547,19.3700008392334,19.192630767822266,316900,GGAL
2024-02-14,19.34000015258789,20.170000076293945,19.34000015258789,19.850000381469727,19.668235778808594,676100,GGAL
2024-02-15,19.860000610351562,20.329999923706055,19.84000015258789,20.149999618530273,19.965486526489258,515100,GGAL
2024-02-16,20.09000015258789,20.889999389648438,20.049999237060547,20.559999465942383,20.371732711791992,528200,GGAL
2024-02-20,20.8799991607666,21.549999237060547,20.290000915527344,20.770000457763672,20.579811096191406,750500,GGAL
2024-02-21,20.690000534057617,20.860000610351562,20.350000381469727,20.780000686645508,20.589719772338867,516700,GGAL
2024-02-22,21.09000015258789,22.690000534057617,20.860000610351562,21.510000228881836,21.313034057617188,1397600,GGAL
2024-02-23,21.600000381469727,22.31999969482422,21.219999313354492,21.959999084472656,21.758913040161133,738400,GGAL
2024-02-26,21.8799991607666,22.969999313354492,21.860000610351562,22.68000030517578,22.472320556640625,1040500,GGAL
2024-02-27,22.350000381469727,23.290000915527344,21.510000228881836,21.610000610351562,21.412118911743164,1086500,GGAL
2024-02-28,21.559999465942383,22.170000076293945,21.229999542236328,21.739999771118164,21.54092788696289,659500,GGAL
2024-02-29,22.43000030517578,23.450000762939453,21.389999389648438,22.010000228881836,21.808456420898438,1864300,GGAL
2024-03-01,22.100000381469727,22.440000534057617,21.270000457763672,22.290000915527344,22.085891723632812,902200,GGAL
2024-03-04,23.139999389648438,23.709999084472656,21.649999618530273,21.709999084472656,21.511201858520508,1403600,GGAL
2024-03-05,21.479999542236328,22.25,20.979999542236328,21.139999389648438,20.946422576904297,701300,GGAL
2024-03-06,21.760000228881836,23.229999542236328,21.350000381469727,22.860000610351562,22.650672912597656,1139100,GGAL
2024-03-07,23.18000030517578,23.34000015258789,22.540000915527344,22.920000076293945,22.71012306213379,975600,GGAL
2024-03-08,22.889999389648438,23.190000534057617,22.3700008392334,22.59000015258789,22.38314437866211,411400,GGAL
2024-03-11,22.979999542236328,23.209999084472656,21.600000381469727,21.780000686645508,21.580562591552734,511500,GGAL
2024-03-12,21.799999237060547,23.010000228881836,21.760000228881836,22.790000915527344,22.581314086914062,665900,GGAL
2024-03-13,23.0,24.479999542236328,22.93000030517578,24.299999237060547,24.077486038208008,1125300,GGAL
2024-03-14,24.399999618530273,24.690000534057617,23.139999389648438,23.360000610351562,23.146095275878906,1048200,GGAL
2024-03-15,23.1200008392334,24.030000686645508,22.90999984741211,23.84000015258789,23.6216983795166,674900,GGAL
2024-03-18,23.940000534057617,24.81999969482422,23.420000076293945,24.780000686645508,24.553091049194336,815700,GGAL
2024-03-19,24.829999923706055,25.600000381469727,23.8799991607666,24.3700008392334,24.146846771240234,1062700,GGAL
2024-03-20,24.299999237060547,25.389999389648438,24.1299991607666,25.34000015258789,25.10796356201172,796500,GGAL
2024-03-21,25.600000381469727,26.1200008392334,24.75,25.959999084472656,25.7222843170166,1100600,GGAL
2024-03-22,26.1200008392334,26.520000457763672,25.579999923706055,26.079999923706055,25.8411865234375,969700,GGAL
2024-03-25,25.989999771118164,27.200000762939453,25.829999923706055,26.149999618530273,25.910545349121094,914000,GGAL
2024-03-26,26.40999984741211,26.56999969482422,25.520000457763672,25.65999984741211,25.425033569335938,795100,GGAL
2024-03-27,25.799999237060547,26.170000076293945,25.31999969482422,26.149999618530273,25.910545349121094,466500,GGAL
2024-03-28,26.1200008392334,26.639999389648438,25.270000457763672,25.420000076293945,25.187231063842773,492800,GGAL
2024-04-01,25.459999084472656,26.010000228881836,25.219999313354492,25.790000915527344,25.553842544555664,270500,GGAL
2024-04-02,25.350000381469727,25.829999923706055,24.65999984741211,24.920000076293945,24.691808700561523,405500,GGAL
2024-04-03,24.790000915527344,26.229999542236328,24.719999313354492,26.100000381469727,25.861003875732422,906100,GGAL
2024-04-04,26.209999084472656,26.610000610351562,25.65999984741211,25.799999237060547,25.563749313354492,828600,GGAL
2024-04-05,26.079999923706055,27.3700008392334,25.799999237060547,27.3700008392334,27.119375228881836,679500,GGAL
2024-04-08,27.489999771118164,28.719999313354492,27.329999923706055,27.729999542236328,27.476078033447266,1590700,GGAL
2024-04-09,29.0,30.15999984741211,27.989999771118164,28.65999984741211,28.39756202697754,3765700,GGAL
2024-04-10,28.639999389648438,29.260000228881836,28.09000015258789,28.850000381469727,28.58582305908203,1669000,GGAL
2024-04-11,29.010000228881836,29.850000381469727,28.68000030517578,29.770000457763672,29.497398376464844,1529300,GGAL
2024-04-12,30.0,30.280000686645508,29.229999542236328,29.610000610351562,29.338863372802734,1531200,GGAL
2024-04-15,29.6200008392334,30.100000381469727,27.520000457763672,27.600000381469727,27.34726905822754,1574100,GGAL
2024-04-16,27.389999389648438,28.020000457763672,26.6299991607666,27.770000457763672,27.51571273803711,1220300,GGAL
2024-04-17,28.489999771118164,28.56999969482422,27.190000534057617,27.68000030517578,27.426536560058594,765600,GGAL
2024-04-18,27.450000762939453,28.459999084472656,27.450000762939453,28.030000686645508,27.773330688476562,617600,GGAL
2024-04-19,28.170000076293945,29.020000457763672,27.989999771118164,28.459999084472656,28.199392318725586,863700,GGAL
2024-04-22,28.760000228881836,31.219999313354492,28.170000076293945,31.020000457763672,30.735952377319336,1323900,GGAL
2024-04-23,30.84000015258789,31.850000381469727,30.389999389648438,30.530000686645508,30.250438690185547,857500,GGAL
2024-04-24,30.770000457763672,30.770000457763672,29.0,29.06999969482422,28.803808212280273,937700,GGAL
2024-04-25,28.899999618530273,30.1299991607666,28.31999969482422,29.489999771118164,29.219961166381836,712500,GGAL
2024-04-26,30.0,30.700000762939453,29.350000381469727,30.700000762939453,30.418882369995117,967900,GGAL
2024-04-29,30.649999618530273,31.68000030517578,30.280000686645508,31.260000228881836,30.9737548828125,554700,GGAL
2024-04-30,31.649999618530273,33.59000015258789,31.399999618530273,32.43000030517578,32.13304138183594,2044800,GGAL
2024-05-01,32.11000061035156,32.900001525878906,31.020000457763672,32.369998931884766,32.07358932495117,532500,GGAL
2024-05-02,32.900001525878906,32.900001525878906,31.649999618530273,31.889999389648438,31.597984313964844,873200,GGAL
2024-05-03,32.060001373291016,34.45000076293945,32.060001373291016,34.31999969482422,34.005733489990234,1481700,GGAL
2024-05-06,34.790000915527344,36.869998931884766,34.75,36.79999923706055,36.4630241394043,2109300,GGAL
2024-05-07,37.0099983215332,37.75,35.150001525878906,35.650001525878906,35.32355499267578,1382200,GGAL
2024-05-08,36.380001068115234,37.290000915527344,35.4900016784668,36.04999923706055,35.71989059448242,1332700,GGAL
2024-05-09,35.68000030517578,36.290000915527344,34.630001068115234,35.5099983215332,35.18483352661133,625300,GGAL
2024-05-10,35.790000915527344,36.25,34.900001525878906,34.970001220703125,34.649784088134766,660500,GGAL
2024-05-13,36.2400016784668,36.2400016784668,34.220001220703125,34.650001525878906,34.33271408081055,754000,GGAL
2024-05-14,34.5,35.86000061035156,34.040000915527344,35.470001220703125,35.14520263671875,815000,GGAL
2024-05-15,35.59000015258789,37.099998474121094,35.5099983215332,36.84000015258789,36.50265884399414,656000,GGAL
2024-05-16,36.58000183105469,36.900001525878906,35.849998474121094,36.61000061035156,36.27476501464844,509200,GGAL
2024-05-17,36.900001525878906,37.34000015258789,36.369998931884766,36.66999816894531,36.33421325683594,555300,GGAL
2024-05-20,36.66999816894531,37.83000183105469,35.9900016784668,37.279998779296875,36.938629150390625,870300,GGAL
2024-05-21,36.93000030517578,37.61000061035156,35.599998474121094,36.18000030517578,35.84870147705078,916200,GGAL
2024-05-22,35.5,36.0,33.27000045776367,33.58000183105469,33.27251052856445,1464500,GGAL
2024-05-23,33.0,33.38999938964844,30.770000457763672,30.989999771118164,30.706226348876953,2206400,GGAL
2024-05-24,31.100000381469727,33.130001068115234,30.540000915527344,32.470001220703125,32.17267608642578,1204600,GGAL
2024-05-28,32.97999954223633,33.97999954223633,32.68000030517578,33.06999969482422,32.767181396484375,1135100,GGAL
2024-05-29,32.599998474121094,34.2400016784668,32.41999816894531,34.16999816894531,33.85710525512695,662800,GGAL
2024-05-30,34.5,37.29999923706055,34.5,36.880001068115234,36.542293548583984,1647600,GGAL
2024-05-31,37.20000076293945,37.2400016784668,34.90999984741211,35.849998474121094,35.52172088623047,1388500,GGAL
2024-06-03,36.04999923706055,36.22999954223633,35.0099983215332,35.599998474121094,35.274009704589844,850300,GGAL
2024-06-04,34.5099983215332,35.04999923706055,32.5099983215332,33.2400016784668,32.93562316894531,1396300,GGAL
2024-06-05,33.29999923706055,33.810001373291016,31.399999618530273,33.25,32.94552993774414,1435000,GGAL
2024-06-06,33.27000045776367,33.27000045776367,31.479999542236328,31.510000228881836,31.221464157104492,708600,GGAL
2024-06-07,30.809999465942383,32.61000061035156,30.75,31.670000076293945,31.3799991607666,728800,GGAL
2024-06-10,31.34000015258789,33.31999969482422,30.420000076293945,33.060001373291016,33.060001373291016,796700,GGAL
2024-06-11,32.84000015258789,33.20000076293945,32.029998779296875,32.13999938964844,32.13999938964844,788700,GGAL
2024-06-12,33.61000061035156,34.900001525878906,31.950000762939453,33.939998626708984,33.939998626708984,756300,GGAL
2024-06-13,35.5,36.689998626708984,33.68000030517578,35.20000076293945,35.20000076293945,2514200,GGAL
2024-06-14,34.63999938964844,35.47999954223633,34.0,34.790000915527344,34.790000915527344,511300,GGAL
2024-06-17,34.63999938964844,35.63999938964844,33.77000045776367,34.06999969482422,34.06999969482422,495600,GGAL
2024-06-18,33.970001220703125,35.619998931884766,33.599998474121094,34.83000183105469,34.83000183105469,703000,GGAL
2024-06-20,34.40999984741211,35.2400016784668,31.850000381469727,33.0,33.0,1749700,GGAL
